static const unsigned char taiko_pairing_pill_rgba[] = {
  0x00, 0x00, 0x00, 0x00, 0x00, 0x00, 0x00, 0x00, 0x00, 0x00, 0x00, 0x00,
  0x00, 0x00, 0x00, 0x00, 0x00, 0x00, 0x00, 0x00, 0x00, 0x00, 0x00, 0x00,
  0x00, 0x00, 0x00, 0x00, 0x00, 0x00, 0x00, 0x00, 0x00, 0x00, 0x00, 0x00,
  0x00, 0x00, 0x00, 0x00, 0x00, 0x00, 0x00, 0x00, 0x00, 0x00, 0x00, 0x00,
  0x00, 0x00, 0x00, 0x00, 0x00, 0x00, 0x00, 0x00, 0x00, 0x00, 0x00, 0x00,
  0x00, 0x00, 0x00, 0x00, 0x00, 0x00, 0x00, 0x00, 0x00, 0x00, 0x00, 0x00,
  0x00, 0x00, 0x00, 0x00, 0x00, 0x00, 0x00, 0x00, 0x00, 0x00, 0x00, 0x00,
  0x00, 0x00, 0x00, 0x00, 0x00, 0x00, 0x00, 0x00, 0x00, 0x00, 0x00, 0x00,
  0x00, 0x00, 0x00, 0x00, 0x00, 0x00, 0x00, 0x00, 0x00, 0x00, 0x00, 0x00,
  0x00, 0x00, 0x00, 0x00, 0x00, 0x00, 0x00, 0x00, 0x00, 0x00, 0x00, 0x00,
  0x00, 0x00, 0x00, 0x00, 0x00, 0x00, 0x00, 0x00, 0x00, 0x00, 0x00, 0x00,
  0x00, 0x00, 0x00, 0x00, 0x00, 0x00, 0x00, 0x00, 0x00, 0x00, 0x00, 0x00,
  0x00, 0x00, 0x00, 0x00, 0x00, 0x00, 0x00, 0x00, 0x00, 0x00, 0x00, 0x00,
  0x00, 0x00, 0x00, 0x00, 0x00, 0x00, 0x00, 0x00, 0x00, 0x00, 0x00, 0x00,
  0x00, 0x00, 0x00, 0x00, 0x00, 0x00, 0x00, 0x00, 0x00, 0x00, 0x00, 0x00,
  0x00, 0x00, 0x00, 0x00, 0x00, 0x00, 0x00, 0x00, 0x00, 0x00, 0x00, 0x00,
  0x00, 0x00, 0x00, 0x00, 0x00, 0x00, 0x00, 0x00, 0x00, 0x00, 0x00, 0x00,
  0x00, 0x00, 0x00, 0x00, 0x00, 0x00, 0x00, 0x00, 0x00, 0x00, 0x00, 0x00,
  0x00, 0x00, 0x00, 0x00, 0x00, 0x00, 0x00, 0x00, 0x00, 0x00, 0x00, 0x00,
  0x00, 0x00, 0x00, 0x00, 0x00, 0x00, 0x00, 0x00, 0x00, 0x00, 0x00, 0x00,
  0x00, 0x00, 0x00, 0x00, 0x00, 0x00, 0x00, 0x00, 0x00, 0x00, 0x00, 0x00,
  0x00, 0x00, 0x00, 0x00, 0x00, 0x00, 0x00, 0x00, 0x00, 0x00, 0x00, 0x00,
  0x00, 0x00, 0x00, 0x00, 0x00, 0x00, 0x00, 0x00, 0x00, 0x00, 0x00, 0x00,
  0x00, 0x00, 0x00, 0x00, 0x00, 0x00, 0x00, 0x00, 0x00, 0x00, 0x00, 0x00,
  0x00, 0x00, 0x00, 0x00, 0x00, 0x00, 0x00, 0x00, 0x00, 0x00, 0x00, 0x00,
  0x00, 0x00, 0x00, 0x00, 0x00, 0x00, 0x00, 0x00, 0x00, 0x00, 0x00, 0x00,
  0x00, 0x00, 0x00, 0x00, 0x00, 0x00, 0x00, 0x00, 0x00, 0x00, 0x00, 0x00,
  0x00, 0x00, 0x00, 0x00, 0x00, 0x00, 0x00, 0x00, 0x00, 0x00, 0x00, 0x00,
  0x00, 0x00, 0x00, 0x00, 0x00, 0x00, 0x00, 0x00, 0x00, 0x00, 0x00, 0x00,
  0x00, 0x00, 0x00, 0x00, 0x00, 0x00, 0x00, 0x00, 0x00, 0x00, 0x00, 0x00,
  0x00, 0x00, 0x00, 0x00, 0x00, 0x00, 0x00, 0x00, 0x00, 0x00, 0x00, 0x00,
  0x00, 0x00, 0x00, 0x00, 0x00, 0x00, 0x00, 0x00, 0x00, 0x00, 0x00, 0x00,
  0x00, 0x00, 0x00, 0x00, 0x00, 0x00, 0x00, 0x00, 0x00, 0x00, 0x00, 0x00,
  0x00, 0x00, 0x00, 0x00, 0x00, 0x00, 0x00, 0x00, 0x00, 0x00, 0x00, 0x00,
  0x00, 0x00, 0x00, 0x00, 0x00, 0x00, 0x00, 0x00, 0x00, 0x00, 0x00, 0x00,
  0x00, 0x00, 0x00, 0x00, 0x00, 0x00, 0x00, 0x00, 0x00, 0x00, 0x00, 0x00,
  0x00, 0x00, 0x00, 0x00, 0x00, 0x00, 0x00, 0x00, 0x00, 0x00, 0x00, 0x00,
  0x00, 0x00, 0x00, 0x00, 0x00, 0x00, 0x00, 0x00, 0x00, 0x00, 0x00, 0x00,
  0x00, 0x00, 0x00, 0x00, 0x00, 0x00, 0x00, 0x00, 0x00, 0x00, 0x00, 0x00,
  0x00, 0x00, 0x00, 0x00, 0x00, 0x00, 0x00, 0x00, 0x00, 0x00, 0x00, 0x00,
  0x00, 0x00, 0x00, 0x00, 0x00, 0x00, 0x00, 0x00, 0x00, 0x00, 0x00, 0x00,
  0x00, 0x00, 0x00, 0x00, 0x00, 0x00, 0x00, 0x00, 0x00, 0x00, 0x00, 0x00,
  0x00, 0x00, 0x00, 0x00, 0x00, 0x00, 0x00, 0x00, 0x00, 0x00, 0x00, 0x00,
  0x00, 0x00, 0x00, 0x00, 0x00, 0x00, 0x00, 0x00, 0x00, 0x00, 0x00, 0x00,
  0x00, 0x00, 0x00, 0x00, 0x00, 0x00, 0x00, 0x00, 0x00, 0x00, 0x00, 0x00,
  0x00, 0x00, 0x00, 0x00, 0x00, 0x00, 0x00, 0x00, 0x00, 0x00, 0x00, 0x00,
  0x00, 0x00, 0x00, 0x00, 0x00, 0x00, 0x00, 0x00, 0x00, 0x00, 0x00, 0x00,
  0x00, 0x00, 0x00, 0x00, 0x00, 0x00, 0x00, 0x00, 0x00, 0x00, 0x00, 0x00,
  0x00, 0x00, 0x00, 0x00, 0x00, 0x00, 0x00, 0x00, 0x00, 0x00, 0x00, 0x00,
  0x00, 0x00, 0x00, 0x00, 0x00, 0x00, 0x00, 0x00, 0x00, 0x00, 0x00, 0x00,
  0x00, 0x00, 0x00, 0x00, 0x00, 0x00, 0x00, 0x00, 0x00, 0x00, 0x00, 0x00,
  0x00, 0x00, 0x00, 0x00, 0x00, 0x00, 0x00, 0x00, 0x00, 0x00, 0x00, 0x00,
  0x00, 0x00, 0x00, 0x00, 0x00, 0x00, 0x00, 0x00, 0x00, 0x00, 0x00, 0x00,
  0x00, 0x00, 0x00, 0x00, 0x00, 0x00, 0x00, 0x00, 0x00, 0x00, 0x00, 0x00,
  0x00, 0x00, 0x00, 0x00, 0x00, 0x00, 0x00, 0x00, 0x00, 0x00, 0x00, 0x00,
  0x00, 0x00, 0x00, 0x00, 0x00, 0x00, 0x00, 0x00, 0x00, 0x00, 0x00, 0x00,
  0x00, 0x00, 0x00, 0x00, 0x00, 0x00, 0x00, 0x00, 0x00, 0x00, 0x00, 0x00,
  0x00, 0x00, 0x00, 0x00, 0x00, 0x00, 0x00, 0x00, 0x00, 0x00, 0x00, 0x00,
  0x00, 0x00, 0x00, 0x00, 0x00, 0x00, 0x00, 0x00, 0x00, 0x00, 0x00, 0x00,
  0x00, 0x00, 0x00, 0x00, 0x00, 0x00, 0x00, 0x00, 0x00, 0x00, 0x00, 0x00,
  0x00, 0x00, 0x00, 0x00, 0x00, 0x00, 0x00, 0x00, 0x00, 0x00, 0x00, 0x00,
  0x00, 0x00, 0x00, 0x00, 0x00, 0x00, 0x00, 0x00, 0x00, 0x00, 0x00, 0x00,
  0x00, 0x00, 0x00, 0x00, 0x00, 0x00, 0x00, 0x00, 0x00, 0x00, 0x00, 0x00,
  0x00, 0x00, 0x00, 0x00, 0x00, 0x00, 0x00, 0x00, 0x00, 0x00, 0x00, 0x00,
  0x00, 0x00, 0x00, 0x00, 0x00, 0x00, 0x00, 0x00, 0x00, 0x00, 0x00, 0x00,
  0x00, 0x00, 0x00, 0x00, 0x00, 0x00, 0x00, 0x00, 0x00, 0x00, 0x00, 0x00,
  0x00, 0x00, 0x00, 0x00, 0x00, 0x00, 0x00, 0x00, 0x00, 0x00, 0x00, 0x00,
  0x00, 0x00, 0x00, 0x00, 0x00, 0x00, 0x00, 0x00, 0x00, 0x00, 0x00, 0x00,
  0x00, 0x00, 0x00, 0x00, 0x00, 0x00, 0x00, 0x00, 0x00, 0x00, 0x00, 0x00,
  0x00, 0x00, 0x00, 0x00, 0x00, 0x00, 0x00, 0x00, 0x00, 0x00, 0x00, 0x00,
  0x00, 0x00, 0x00, 0x00, 0x00, 0x00, 0x00, 0x00, 0x00, 0x00, 0x00, 0x00,
  0x00, 0x00, 0x00, 0x00, 0x00, 0x00, 0x00, 0x00, 0x00, 0x00, 0x00, 0x00,
  0x00, 0x00, 0x00, 0x00, 0x00, 0x00, 0x00, 0x00, 0x00, 0x00, 0x00, 0x00,
  0x00, 0x00, 0x00, 0x00, 0x00, 0x00, 0x00, 0x00, 0x00, 0x00, 0x00, 0x00,
  0x00, 0x00, 0x00, 0x00, 0x00, 0x00, 0x00, 0x00, 0x00, 0x00, 0x00, 0x00,
  0x00, 0x00, 0x00, 0x00, 0x00, 0x00, 0x00, 0x00, 0x00, 0x00, 0x00, 0x00,
  0x00, 0x00, 0x00, 0x00, 0x00, 0x00, 0x00, 0x00, 0x00, 0x00, 0x00, 0x00,
  0x00, 0x00, 0x00, 0x00, 0x00, 0x00, 0x00, 0x00, 0x00, 0x00, 0x00, 0x00,
  0x00, 0x00, 0x00, 0x00, 0x00, 0x00, 0x00, 0x00, 0x00, 0x00, 0x00, 0x00,
  0x00, 0x00, 0x00, 0x00, 0x00, 0x00, 0x00, 0x00, 0x00, 0x00, 0x00, 0x00,
  0x00, 0x00, 0x00, 0x00, 0x00, 0x00, 0x00, 0x00, 0x00, 0x00, 0x00, 0x00,
  0x00, 0x00, 0x00, 0x00, 0x00, 0x00, 0x00, 0x00, 0x00, 0x00, 0x00, 0x00,
  0x00, 0x00, 0x00, 0x00, 0x00, 0x00, 0x00, 0x00, 0x00, 0x00, 0x00, 0x00,
  0x00, 0x00, 0x00, 0x00, 0x00, 0x00, 0x00, 0x00, 0x00, 0x00, 0x00, 0x00,
  0x00, 0x00, 0x00, 0x00, 0x00, 0x00, 0x00, 0x00, 0x00, 0x00, 0x00, 0x00,
  0x00, 0x00, 0x00, 0x00, 0x00, 0x00, 0x00, 0x00, 0x00, 0x00, 0x00, 0x00,
  0x00, 0x00, 0x00, 0x00, 0x00, 0x00, 0x00, 0x00, 0x00, 0x00, 0x00, 0x00,
  0x00, 0x00, 0x00, 0x00, 0x00, 0x00, 0x00, 0x00, 0x00, 0x00, 0x00, 0x00,
  0x00, 0x00, 0x00, 0x00, 0x00, 0x00, 0x00, 0x00, 0x00, 0x00, 0x00, 0x00,
  0x00, 0x00, 0x00, 0x00, 0x00, 0x00, 0x00, 0x00, 0x00, 0x00, 0x00, 0x00,
  0x00, 0x00, 0x00, 0x00, 0x00, 0x00, 0x00, 0x00, 0x00, 0x00, 0x00, 0x00,
  0x00, 0x00, 0x00, 0x00, 0x00, 0x00, 0x00, 0x00, 0x00, 0x00, 0x00, 0x00,
  0x00, 0x00, 0x00, 0x00, 0x00, 0x00, 0x00, 0x00, 0x00, 0x00, 0x00, 0x00,
  0x00, 0x00, 0x00, 0x00, 0x00, 0x00, 0x00, 0x00, 0x00, 0x00, 0x00, 0x00,
  0x00, 0x00, 0x00, 0x00, 0x00, 0x00, 0x00, 0x00, 0x00, 0x00, 0x00, 0x00,
  0x00, 0x00, 0x00, 0x00, 0x00, 0x00, 0x00, 0x00, 0x00, 0x00, 0x00, 0x00,
  0x00, 0x00, 0x00, 0x00, 0x00, 0x00, 0x00, 0x00, 0x00, 0x00, 0x00, 0x00,
  0x00, 0x00, 0x00, 0x00, 0x00, 0x00, 0x00, 0x00, 0x00, 0x00, 0x00, 0x00,
  0x00, 0x00, 0x00, 0x00, 0x00, 0x00, 0x00, 0x00, 0x00, 0x00, 0x00, 0x00,
  0x00, 0x00, 0x00, 0x00, 0x00, 0x00, 0x00, 0x10, 0x00, 0x00, 0x00, 0x39,
  0x00, 0x00, 0x00, 0x50, 0x00, 0x00, 0x00, 0x80, 0x00, 0x00, 0x00, 0x90,
  0x00, 0x00, 0x00, 0xa0, 0x00, 0x00, 0x00, 0xa0, 0x00, 0x00, 0x00, 0xa0,
  0x00, 0x00, 0x00, 0x90, 0x00, 0x00, 0x00, 0x80, 0x00, 0x00, 0x00, 0x80,
  0x00, 0x00, 0x00, 0x80, 0x00, 0x00, 0x00, 0x80, 0x00, 0x00, 0x00, 0x80,
  0x00, 0x00, 0x00, 0x80, 0x00, 0x00, 0x00, 0x80, 0x00, 0x00, 0x00, 0x80,
  0x00, 0x00, 0x00, 0x80, 0x00, 0x00, 0x00, 0x80, 0x00, 0x00, 0x00, 0x80,
  0x00, 0x00, 0x00, 0x80, 0x00, 0x00, 0x00, 0x80, 0x00, 0x00, 0x00, 0x80,
  0x00, 0x00, 0x00, 0x80, 0x00, 0x00, 0x00, 0x80, 0x00, 0x00, 0x00, 0x80,
  0x00, 0x00, 0x00, 0x80, 0x00, 0x00, 0x00, 0x80, 0x00, 0x00, 0x00, 0x80,
  0x00, 0x00, 0x00, 0x80, 0x00, 0x00, 0x00, 0x80, 0x00, 0x00, 0x00, 0x80,
  0x00, 0x00, 0x00, 0x80, 0x00, 0x00, 0x00, 0x80, 0x00, 0x00, 0x00, 0x80,
  0x00, 0x00, 0x00, 0x80, 0x00, 0x00, 0x00, 0x80, 0x00, 0x00, 0x00, 0x80,
  0x00, 0x00, 0x00, 0x80, 0x00, 0x00, 0x00, 0x80, 0x00, 0x00, 0x00, 0x80,
  0x00, 0x00, 0x00, 0x80, 0x00, 0x00, 0x00, 0x80, 0x00, 0x00, 0x00, 0x80,
  0x00, 0x00, 0x00, 0x80, 0x00, 0x00, 0x00, 0x80, 0x00, 0x00, 0x00, 0x80,
  0x00, 0x00, 0x00, 0x80, 0x00, 0x00, 0x00, 0x80, 0x00, 0x00, 0x00, 0x80,
  0x00, 0x00, 0x00, 0x80, 0x00, 0x00, 0x00, 0x80, 0x00, 0x00, 0x00, 0x80,
  0x00, 0x00, 0x00, 0x80, 0x00, 0x00, 0x00, 0x80, 0x00, 0x00, 0x00, 0x80,
  0x00, 0x00, 0x00, 0x80, 0x00, 0x00, 0x00, 0x80, 0x00, 0x00, 0x00, 0x80,
  0x00, 0x00, 0x00, 0x80, 0x00, 0x00, 0x00, 0x80, 0x00, 0x00, 0x00, 0x80,
  0x00, 0x00, 0x00, 0x80, 0x00, 0x00, 0x00, 0x80, 0x00, 0x00, 0x00, 0x80,
  0x00, 0x00, 0x00, 0x80, 0x00, 0x00, 0x00, 0x80, 0x00, 0x00, 0x00, 0x80,
  0x00, 0x00, 0x00, 0x80, 0x00, 0x00, 0x00, 0x80, 0x00, 0x00, 0x00, 0x80,
  0x00, 0x00, 0x00, 0x80, 0x00, 0x00, 0x00, 0x80, 0x00, 0x00, 0x00, 0x80,
  0x00, 0x00, 0x00, 0x80, 0x00, 0x00, 0x00, 0x80, 0x00, 0x00, 0x00, 0x80,
  0x00, 0x00, 0x00, 0x80, 0x00, 0x00, 0x00, 0x80, 0x00, 0x00, 0x00, 0x80,
  0x00, 0x00, 0x00, 0x80, 0x00, 0x00, 0x00, 0x80, 0x00, 0x00, 0x00, 0x80,
  0x00, 0x00, 0x00, 0x80, 0x00, 0x00, 0x00, 0x80, 0x00, 0x00, 0x00, 0x80,
  0x00, 0x00, 0x00, 0x80, 0x00, 0x00, 0x00, 0x80, 0x00, 0x00, 0x00, 0x80,
  0x00, 0x00, 0x00, 0x80, 0x00, 0x00, 0x00, 0x80, 0x00, 0x00, 0x00, 0x80,
  0x00, 0x00, 0x00, 0x80, 0x00, 0x00, 0x00, 0x80, 0x00, 0x00, 0x00, 0x80,
  0x00, 0x00, 0x00, 0x80, 0x00, 0x00, 0x00, 0x80, 0x00, 0x00, 0x00, 0x80,
  0x00, 0x00, 0x00, 0x80, 0x00, 0x00, 0x00, 0x80, 0x00, 0x00, 0x00, 0x80,
  0x00, 0x00, 0x00, 0x80, 0x00, 0x00, 0x00, 0x80, 0x00, 0x00, 0x00, 0x80,
  0x00, 0x00, 0x00, 0x80, 0x00, 0x00, 0x00, 0x80, 0x00, 0x00, 0x00, 0x80,
  0x00, 0x00, 0x00, 0x80, 0x00, 0x00, 0x00, 0x80, 0x00, 0x00, 0x00, 0x80,
  0x00, 0x00, 0x00, 0x80, 0x00, 0x00, 0x00, 0x80, 0x00, 0x00, 0x00, 0x80,
  0x00, 0x00, 0x00, 0x80, 0x00, 0x00, 0x00, 0x80, 0x00, 0x00, 0x00, 0x80,
  0x00, 0x00, 0x00, 0x80, 0x00, 0x00, 0x00, 0x80, 0x00, 0x00, 0x00, 0x80,
  0x00, 0x00, 0x00, 0x80, 0x00, 0x00, 0x00, 0x80, 0x00, 0x00, 0x00, 0x80,
  0x00, 0x00, 0x00, 0x80, 0x00, 0x00, 0x00, 0x80, 0x00, 0x00, 0x00, 0x80,
  0x00, 0x00, 0x00, 0x80, 0x00, 0x00, 0x00, 0x80, 0x00, 0x00, 0x00, 0x80,
  0x00, 0x00, 0x00, 0x80, 0x00, 0x00, 0x00, 0x80, 0x00, 0x00, 0x00, 0x80,
  0x00, 0x00, 0x00, 0x80, 0x00, 0x00, 0x00, 0x80, 0x00, 0x00, 0x00, 0x80,
  0x00, 0x00, 0x00, 0x80, 0x00, 0x00, 0x00, 0x80, 0x00, 0x00, 0x00, 0x80,
  0x00, 0x00, 0x00, 0x80, 0x00, 0x00, 0x00, 0x80, 0x00, 0x00, 0x00, 0x80,
  0x00, 0x00, 0x00, 0x80, 0x00, 0x00, 0x00, 0x80, 0x00, 0x00, 0x00, 0x80,
  0x00, 0x00, 0x00, 0x80, 0x00, 0x00, 0x00, 0x80, 0x00, 0x00, 0x00, 0x80,
  0x00, 0x00, 0x00, 0x80, 0x00, 0x00, 0x00, 0x80, 0x00, 0x00, 0x00, 0x80,
  0x00, 0x00, 0x00, 0x80, 0x00, 0x00, 0x00, 0x80, 0x00, 0x00, 0x00, 0x80,
  0x00, 0x00, 0x00, 0x80, 0x00, 0x00, 0x00, 0x80, 0x00, 0x00, 0x00, 0x80,
  0x00, 0x00, 0x00, 0x80, 0x00, 0x00, 0x00, 0x80, 0x00, 0x00, 0x00, 0x80,
  0x00, 0x00, 0x00, 0x80, 0x00, 0x00, 0x00, 0x80, 0x00, 0x00, 0x00, 0x80,
  0x00, 0x00, 0x00, 0x80, 0x00, 0x00, 0x00, 0x80, 0x00, 0x00, 0x00, 0x80,
  0x00, 0x00, 0x00, 0x80, 0x00, 0x00, 0x00, 0x80, 0x00, 0x00, 0x00, 0x80,
  0x00, 0x00, 0x00, 0x80, 0x00, 0x00, 0x00, 0x80, 0x00, 0x00, 0x00, 0x80,
  0x00, 0x00, 0x00, 0x80, 0x00, 0x00, 0x00, 0x80, 0x00, 0x00, 0x00, 0x80,
  0x00, 0x00, 0x00, 0x80, 0x00, 0x00, 0x00, 0x80, 0x00, 0x00, 0x00, 0x80,
  0x00, 0x00, 0x00, 0x80, 0x00, 0x00, 0x00, 0x80, 0x00, 0x00, 0x00, 0x80,
  0x00, 0x00, 0x00, 0x80, 0x00, 0x00, 0x00, 0x80, 0x00, 0x00, 0x00, 0x80,
  0x00, 0x00, 0x00, 0x80, 0x00, 0x00, 0x00, 0x80, 0x00, 0x00, 0x00, 0x80,
  0x00, 0x00, 0x00, 0x80, 0x00, 0x00, 0x00, 0x80, 0x00, 0x00, 0x00, 0x80,
  0x00, 0x00, 0x00, 0x80, 0x00, 0x00, 0x00, 0x80, 0x00, 0x00, 0x00, 0x80,
  0x00, 0x00, 0x00, 0x80, 0x00, 0x00, 0x00, 0x80, 0x00, 0x00, 0x00, 0x80,
  0x00, 0x00, 0x00, 0x80, 0x00, 0x00, 0x00, 0x80, 0x00, 0x00, 0x00, 0x80,
  0x00, 0x00, 0x00, 0x80, 0x00, 0x00, 0x00, 0x80, 0x00, 0x00, 0x00, 0x80,
  0x00, 0x00, 0x00, 0x80, 0x00, 0x00, 0x00, 0x80, 0x00, 0x00, 0x00, 0x80,
  0x00, 0x00, 0x00, 0x80, 0x00, 0x00, 0x00, 0x80, 0x00, 0x00, 0x00, 0x80,
  0x00, 0x00, 0x00, 0x80, 0x00, 0x00, 0x00, 0x80, 0x00, 0x00, 0x00, 0x80,
  0x00, 0x00, 0x00, 0x80, 0x00, 0x00, 0x00, 0x80, 0x00, 0x00, 0x00, 0x80,
  0x00, 0x00, 0x00, 0x80, 0x00, 0x00, 0x00, 0x80, 0x00, 0x00, 0x00, 0x80,
  0x00, 0x00, 0x00, 0x70, 0x00, 0x00, 0x00, 0x40, 0x00, 0x00, 0x00, 0x30,
  0x00, 0x00, 0x00, 0x00, 0x00, 0x00, 0x00, 0x00, 0x00, 0x00, 0x00, 0x00,
  0x00, 0x00, 0x00, 0x00, 0x00, 0x00, 0x00, 0x00, 0x00, 0x00, 0x00, 0x00,
  0x00, 0x00, 0x00, 0x00, 0x00, 0x00, 0x00, 0x00, 0x00, 0x00, 0x00, 0x00,
  0x00, 0x00, 0x00, 0x00, 0x00, 0x00, 0x00, 0x00, 0x00, 0x00, 0x00, 0x00,
  0x00, 0x00, 0x00, 0x00, 0x00, 0x00, 0x00, 0x00, 0x00, 0x00, 0x00, 0x00,
  0x00, 0x00, 0x00, 0x00, 0x00, 0x00, 0x00, 0x00, 0x00, 0x00, 0x00, 0x00,
  0x00, 0x00, 0x00, 0x00, 0x00, 0x00, 0x00, 0x00, 0x00, 0x00, 0x00, 0x00,
  0x00, 0x00, 0x00, 0x00, 0x00, 0x00, 0x00, 0x00, 0x00, 0x00, 0x00, 0x00,
  0x00, 0x00, 0x00, 0x00, 0x00, 0x00, 0x00, 0x00, 0x00, 0x00, 0x00, 0x00,
  0x00, 0x00, 0x00, 0x00, 0x00, 0x00, 0x00, 0x00, 0x00, 0x00, 0x00, 0x00,
  0x00, 0x00, 0x00, 0x00, 0x00, 0x00, 0x00, 0x00, 0x00, 0x00, 0x00, 0x00,
  0x00, 0x00, 0x00, 0x00, 0x00, 0x00, 0x00, 0x00, 0x00, 0x00, 0x00, 0x00,
  0x00, 0x00, 0x00, 0x00, 0x00, 0x00, 0x00, 0x00, 0x00, 0x00, 0x00, 0x00,
  0x00, 0x00, 0x00, 0x00, 0x00, 0x00, 0x00, 0x00, 0x00, 0x00, 0x00, 0x00,
  0x00, 0x00, 0x00, 0x00, 0x00, 0x00, 0x00, 0x00, 0x00, 0x00, 0x00, 0x00,
  0x00, 0x00, 0x00, 0x00, 0x00, 0x00, 0x00, 0x00, 0x00, 0x00, 0x00, 0x00,
  0x00, 0x00, 0x00, 0x00, 0x00, 0x00, 0x00, 0x00, 0x00, 0x00, 0x00, 0x20,
  0x00, 0x00, 0x00, 0x66, 0x00, 0x00, 0x00, 0xbf, 0x00, 0x00, 0x00, 0xec,
  0x00, 0x00, 0x00, 0xff, 0x00, 0x00, 0x00, 0xff, 0x00, 0x00, 0x00, 0xff,
  0x00, 0x00, 0x00, 0xff, 0x00, 0x00, 0x00, 0xff, 0x00, 0x00, 0x00, 0xff,
  0x00, 0x00, 0x00, 0xff, 0x00, 0x00, 0x00, 0xff, 0x00, 0x00, 0x00, 0xff,
  0x00, 0x00, 0x00, 0xff, 0x00, 0x00, 0x00, 0xff, 0x00, 0x00, 0x00, 0xff,
  0x00, 0x00, 0x00, 0xff, 0x00, 0x00, 0x00, 0xff, 0x00, 0x00, 0x00, 0xff,
  0x00, 0x00, 0x00, 0xff, 0x00, 0x00, 0x00, 0xff, 0x00, 0x00, 0x00, 0xff,
  0x00, 0x00, 0x00, 0xff, 0x00, 0x00, 0x00, 0xff, 0x00, 0x00, 0x00, 0xff,
  0x00, 0x00, 0x00, 0xff, 0x00, 0x00, 0x00, 0xff, 0x00, 0x00, 0x00, 0xff,
  0x00, 0x00, 0x00, 0xff, 0x00, 0x00, 0x00, 0xff, 0x00, 0x00, 0x00, 0xff,
  0x00, 0x00, 0x00, 0xff, 0x00, 0x00, 0x00, 0xff, 0x00, 0x00, 0x00, 0xff,
  0x00, 0x00, 0x00, 0xff, 0x00, 0x00, 0x00, 0xff, 0x00, 0x00, 0x00, 0xff,
  0x00, 0x00, 0x00, 0xff, 0x00, 0x00, 0x00, 0xff, 0x00, 0x00, 0x00, 0xff,
  0x00, 0x00, 0x00, 0xff, 0x00, 0x00, 0x00, 0xff, 0x00, 0x00, 0x00, 0xff,
  0x00, 0x00, 0x00, 0xff, 0x00, 0x00, 0x00, 0xff, 0x00, 0x00, 0x00, 0xff,
  0x00, 0x00, 0x00, 0xff, 0x00, 0x00, 0x00, 0xff, 0x00, 0x00, 0x00, 0xff,
  0x00, 0x00, 0x00, 0xff, 0x00, 0x00, 0x00, 0xff, 0x00, 0x00, 0x00, 0xff,
  0x00, 0x00, 0x00, 0xff, 0x00, 0x00, 0x00, 0xff, 0x00, 0x00, 0x00, 0xff,
  0x00, 0x00, 0x00, 0xff, 0x00, 0x00, 0x00, 0xff, 0x00, 0x00, 0x00, 0xff,
  0x00, 0x00, 0x00, 0xff, 0x00, 0x00, 0x00, 0xff, 0x00, 0x00, 0x00, 0xff,
  0x00, 0x00, 0x00, 0xff, 0x00, 0x00, 0x00, 0xff, 0x00, 0x00, 0x00, 0xff,
  0x00, 0x00, 0x00, 0xff, 0x00, 0x00, 0x00, 0xff, 0x00, 0x00, 0x00, 0xff,
  0x00, 0x00, 0x00, 0xff, 0x00, 0x00, 0x00, 0xff, 0x00, 0x00, 0x00, 0xff,
  0x00, 0x00, 0x00, 0xff, 0x00, 0x00, 0x00, 0xff, 0x00, 0x00, 0x00, 0xff,
  0x00, 0x00, 0x00, 0xff, 0x00, 0x00, 0x00, 0xff, 0x00, 0x00, 0x00, 0xff,
  0x00, 0x00, 0x00, 0xff, 0x00, 0x00, 0x00, 0xff, 0x00, 0x00, 0x00, 0xff,
  0x00, 0x00, 0x00, 0xff, 0x00, 0x00, 0x00, 0xff, 0x00, 0x00, 0x00, 0xff,
  0x00, 0x00, 0x00, 0xff, 0x00, 0x00, 0x00, 0xff, 0x00, 0x00, 0x00, 0xff,
  0x00, 0x00, 0x00, 0xff, 0x00, 0x00, 0x00, 0xff, 0x00, 0x00, 0x00, 0xff,
  0x00, 0x00, 0x00, 0xff, 0x00, 0x00, 0x00, 0xff, 0x00, 0x00, 0x00, 0xff,
  0x00, 0x00, 0x00, 0xff, 0x00, 0x00, 0x00, 0xff, 0x00, 0x00, 0x00, 0xff,
  0x00, 0x00, 0x00, 0xff, 0x00, 0x00, 0x00, 0xff, 0x00, 0x00, 0x00, 0xff,
  0x00, 0x00, 0x00, 0xff, 0x00, 0x00, 0x00, 0xff, 0x00, 0x00, 0x00, 0xff,
  0x00, 0x00, 0x00, 0xff, 0x00, 0x00, 0x00, 0xff, 0x00, 0x00, 0x00, 0xff,
  0x00, 0x00, 0x00, 0xff, 0x00, 0x00, 0x00, 0xff, 0x00, 0x00, 0x00, 0xff,
  0x00, 0x00, 0x00, 0xff, 0x00, 0x00, 0x00, 0xff, 0x00, 0x00, 0x00, 0xff,
  0x00, 0x00, 0x00, 0xff, 0x00, 0x00, 0x00, 0xff, 0x00, 0x00, 0x00, 0xff,
  0x00, 0x00, 0x00, 0xff, 0x00, 0x00, 0x00, 0xff, 0x00, 0x00, 0x00, 0xff,
  0x00, 0x00, 0x00, 0xff, 0x00, 0x00, 0x00, 0xff, 0x00, 0x00, 0x00, 0xff,
  0x00, 0x00, 0x00, 0xff, 0x00, 0x00, 0x00, 0xff, 0x00, 0x00, 0x00, 0xff,
  0x00, 0x00, 0x00, 0xff, 0x00, 0x00, 0x00, 0xff, 0x00, 0x00, 0x00, 0xff,
  0x00, 0x00, 0x00, 0xff, 0x00, 0x00, 0x00, 0xff, 0x00, 0x00, 0x00, 0xff,
  0x00, 0x00, 0x00, 0xff, 0x00, 0x00, 0x00, 0xff, 0x00, 0x00, 0x00, 0xff,
  0x00, 0x00, 0x00, 0xff, 0x00, 0x00, 0x00, 0xff, 0x00, 0x00, 0x00, 0xff,
  0x00, 0x00, 0x00, 0xff, 0x00, 0x00, 0x00, 0xff, 0x00, 0x00, 0x00, 0xff,
  0x00, 0x00, 0x00, 0xff, 0x00, 0x00, 0x00, 0xff, 0x00, 0x00, 0x00, 0xff,
  0x00, 0x00, 0x00, 0xff, 0x00, 0x00, 0x00, 0xff, 0x00, 0x00, 0x00, 0xff,
  0x00, 0x00, 0x00, 0xff, 0x00, 0x00, 0x00, 0xff, 0x00, 0x00, 0x00, 0xff,
  0x00, 0x00, 0x00, 0xff, 0x00, 0x00, 0x00, 0xff, 0x00, 0x00, 0x00, 0xff,
  0x00, 0x00, 0x00, 0xff, 0x00, 0x00, 0x00, 0xff, 0x00, 0x00, 0x00, 0xff,
  0x00, 0x00, 0x00, 0xff, 0x00, 0x00, 0x00, 0xff, 0x00, 0x00, 0x00, 0xff,
  0x00, 0x00, 0x00, 0xff, 0x00, 0x00, 0x00, 0xff, 0x00, 0x00, 0x00, 0xff,
  0x00, 0x00, 0x00, 0xff, 0x00, 0x00, 0x00, 0xff, 0x00, 0x00, 0x00, 0xff,
  0x00, 0x00, 0x00, 0xff, 0x00, 0x00, 0x00, 0xff, 0x00, 0x00, 0x00, 0xff,
  0x00, 0x00, 0x00, 0xff, 0x00, 0x00, 0x00, 0xff, 0x00, 0x00, 0x00, 0xff,
  0x00, 0x00, 0x00, 0xff, 0x00, 0x00, 0x00, 0xff, 0x00, 0x00, 0x00, 0xff,
  0x00, 0x00, 0x00, 0xff, 0x00, 0x00, 0x00, 0xff, 0x00, 0x00, 0x00, 0xff,
  0x00, 0x00, 0x00, 0xff, 0x00, 0x00, 0x00, 0xff, 0x00, 0x00, 0x00, 0xff,
  0x00, 0x00, 0x00, 0xff, 0x00, 0x00, 0x00, 0xff, 0x00, 0x00, 0x00, 0xff,
  0x00, 0x00, 0x00, 0xff, 0x00, 0x00, 0x00, 0xff, 0x00, 0x00, 0x00, 0xff,
  0x00, 0x00, 0x00, 0xff, 0x00, 0x00, 0x00, 0xff, 0x00, 0x00, 0x00, 0xff,
  0x00, 0x00, 0x00, 0xff, 0x00, 0x00, 0x00, 0xff, 0x00, 0x00, 0x00, 0xff,
  0x00, 0x00, 0x00, 0xff, 0x00, 0x00, 0x00, 0xff, 0x00, 0x00, 0x00, 0xff,
  0x00, 0x00, 0x00, 0xff, 0x00, 0x00, 0x00, 0xff, 0x00, 0x00, 0x00, 0xff,
  0x00, 0x00, 0x00, 0xff, 0x00, 0x00, 0x00, 0xff, 0x00, 0x00, 0x00, 0xff,
  0x00, 0x00, 0x00, 0xff, 0x00, 0x00, 0x00, 0xff, 0x00, 0x00, 0x00, 0xff,
  0x00, 0x00, 0x00, 0xff, 0x00, 0x00, 0x00, 0xff, 0x00, 0x00, 0x00, 0xff,
  0x00, 0x00, 0x00, 0xff, 0x00, 0x00, 0x00, 0xff, 0x00, 0x00, 0x00, 0xff,
  0x00, 0x00, 0x00, 0xff, 0x00, 0x00, 0x00, 0xff, 0x00, 0x00, 0x00, 0xff,
  0x00, 0x00, 0x00, 0xff, 0x00, 0x00, 0x00, 0xff, 0x00, 0x00, 0x00, 0xff,
  0x00, 0x00, 0x00, 0xff, 0x00, 0x00, 0x00, 0xff, 0x00, 0x00, 0x00, 0xff,
  0x00, 0x00, 0x00, 0xff, 0x00, 0x00, 0x00, 0xff, 0x00, 0x00, 0x00, 0xff,
  0x00, 0x00, 0x00, 0xff, 0x00, 0x00, 0x00, 0xff, 0x00, 0x00, 0x00, 0xff,
  0x00, 0x00, 0x00, 0xff, 0x00, 0x00, 0x00, 0xff, 0x00, 0x00, 0x00, 0xff,
  0x00, 0x00, 0x00, 0xd0, 0x00, 0x00, 0x00, 0x9c, 0x00, 0x00, 0x00, 0x50,
  0x00, 0x00, 0x00, 0x00, 0x00, 0x00, 0x00, 0x00, 0x00, 0x00, 0x00, 0x00,
  0x00, 0x00, 0x00, 0x00, 0x00, 0x00, 0x00, 0x00, 0x00, 0x00, 0x00, 0x00,
  0x00, 0x00, 0x00, 0x00, 0x00, 0x00, 0x00, 0x00, 0x00, 0x00, 0x00, 0x00,
  0x00, 0x00, 0x00, 0x00, 0x00, 0x00, 0x00, 0x00, 0x00, 0x00, 0x00, 0x00,
  0x00, 0x00, 0x00, 0x00, 0x00, 0x00, 0x00, 0x00, 0x00, 0x00, 0x00, 0x00,
  0x00, 0x00, 0x00, 0x00, 0x00, 0x00, 0x00, 0x00, 0x00, 0x00, 0x00, 0x00,
  0x00, 0x00, 0x00, 0x00, 0x00, 0x00, 0x00, 0x00, 0x00, 0x00, 0x00, 0x00,
  0x00, 0x00, 0x00, 0x00, 0x00, 0x00, 0x00, 0x00, 0x00, 0x00, 0x00, 0x00,
  0x00, 0x00, 0x00, 0x00, 0x00, 0x00, 0x00, 0x00, 0x00, 0x00, 0x00, 0x00,
  0x00, 0x00, 0x00, 0x00, 0x00, 0x00, 0x00, 0x00, 0x00, 0x00, 0x00, 0x00,
  0x00, 0x00, 0x00, 0x00, 0x00, 0x00, 0x00, 0x00, 0x00, 0x00, 0x00, 0x00,
  0x00, 0x00, 0x00, 0x00, 0x00, 0x00, 0x00, 0x00, 0x00, 0x00, 0x00, 0x00,
  0x00, 0x00, 0x00, 0x00, 0x00, 0x00, 0x00, 0x00, 0x00, 0x00, 0x00, 0x00,
  0x00, 0x00, 0x00, 0x00, 0x00, 0x00, 0x00, 0x00, 0x00, 0x00, 0x00, 0x00,
  0x00, 0x00, 0x00, 0x00, 0x00, 0x00, 0x00, 0x10, 0x00, 0x00, 0x00, 0x66,
  0x00, 0x00, 0x00, 0xd6, 0x00, 0x00, 0x00, 0xff, 0x00, 0x00, 0x00, 0xff,
  0x00, 0x00, 0x00, 0xff, 0x00, 0x00, 0x00, 0xff, 0x00, 0x00, 0x00, 0xff,
  0x00, 0x00, 0x00, 0xff, 0x00, 0x00, 0x00, 0xff, 0x00, 0x00, 0x00, 0xff,
  0x00, 0x00, 0x00, 0xff, 0x00, 0x00, 0x00, 0xff, 0x00, 0x00, 0x00, 0xff,
  0x00, 0x00, 0x00, 0xff, 0x00, 0x00, 0x00, 0xff, 0x00, 0x00, 0x00, 0xff,
  0x00, 0x00, 0x00, 0xff, 0x00, 0x00, 0x00, 0xff, 0x00, 0x00, 0x00, 0xff,
  0x00, 0x00, 0x00, 0xff, 0x00, 0x00, 0x00, 0xff, 0x00, 0x00, 0x00, 0xff,
  0x00, 0x00, 0x00, 0xff, 0x00, 0x00, 0x00, 0xff, 0x00, 0x00, 0x00, 0xff,
  0x00, 0x00, 0x00, 0xff, 0x00, 0x00, 0x00, 0xff, 0x00, 0x00, 0x00, 0xff,
  0x00, 0x00, 0x00, 0xff, 0x00, 0x00, 0x00, 0xff, 0x00, 0x00, 0x00, 0xff,
  0x00, 0x00, 0x00, 0xff, 0x00, 0x00, 0x00, 0xff, 0x00, 0x00, 0x00, 0xff,
  0x00, 0x00, 0x00, 0xff, 0x00, 0x00, 0x00, 0xff, 0x00, 0x00, 0x00, 0xff,
  0x00, 0x00, 0x00, 0xff, 0x00, 0x00, 0x00, 0xff, 0x00, 0x00, 0x00, 0xff,
  0x00, 0x00, 0x00, 0xff, 0x00, 0x00, 0x00, 0xff, 0x00, 0x00, 0x00, 0xff,
  0x00, 0x00, 0x00, 0xff, 0x00, 0x00, 0x00, 0xff, 0x00, 0x00, 0x00, 0xff,
  0x00, 0x00, 0x00, 0xff, 0x00, 0x00, 0x00, 0xff, 0x00, 0x00, 0x00, 0xff,
  0x00, 0x00, 0x00, 0xff, 0x00, 0x00, 0x00, 0xff, 0x00, 0x00, 0x00, 0xff,
  0x00, 0x00, 0x00, 0xff, 0x00, 0x00, 0x00, 0xff, 0x00, 0x00, 0x00, 0xff,
  0x00, 0x00, 0x00, 0xff, 0x00, 0x00, 0x00, 0xff, 0x00, 0x00, 0x00, 0xff,
  0x00, 0x00, 0x00, 0xff, 0x00, 0x00, 0x00, 0xff, 0x00, 0x00, 0x00, 0xff,
  0x00, 0x00, 0x00, 0xff, 0x00, 0x00, 0x00, 0xff, 0x00, 0x00, 0x00, 0xff,
  0x00, 0x00, 0x00, 0xff, 0x00, 0x00, 0x00, 0xff, 0x00, 0x00, 0x00, 0xff,
  0x00, 0x00, 0x00, 0xff, 0x00, 0x00, 0x00, 0xff, 0x00, 0x00, 0x00, 0xff,
  0x00, 0x00, 0x00, 0xff, 0x00, 0x00, 0x00, 0xff, 0x00, 0x00, 0x00, 0xff,
  0x00, 0x00, 0x00, 0xff, 0x00, 0x00, 0x00, 0xff, 0x00, 0x00, 0x00, 0xff,
  0x00, 0x00, 0x00, 0xff, 0x00, 0x00, 0x00, 0xff, 0x00, 0x00, 0x00, 0xff,
  0x00, 0x00, 0x00, 0xff, 0x00, 0x00, 0x00, 0xff, 0x00, 0x00, 0x00, 0xff,
  0x00, 0x00, 0x00, 0xff, 0x00, 0x00, 0x00, 0xff, 0x00, 0x00, 0x00, 0xff,
  0x00, 0x00, 0x00, 0xff, 0x00, 0x00, 0x00, 0xff, 0x00, 0x00, 0x00, 0xff,
  0x00, 0x00, 0x00, 0xff, 0x00, 0x00, 0x00, 0xff, 0x00, 0x00, 0x00, 0xff,
  0x00, 0x00, 0x00, 0xff, 0x00, 0x00, 0x00, 0xff, 0x00, 0x00, 0x00, 0xff,
  0x00, 0x00, 0x00, 0xff, 0x00, 0x00, 0x00, 0xff, 0x00, 0x00, 0x00, 0xff,
  0x00, 0x00, 0x00, 0xff, 0x00, 0x00, 0x00, 0xff, 0x00, 0x00, 0x00, 0xff,
  0x00, 0x00, 0x00, 0xff, 0x00, 0x00, 0x00, 0xff, 0x00, 0x00, 0x00, 0xff,
  0x00, 0x00, 0x00, 0xff, 0x00, 0x00, 0x00, 0xff, 0x00, 0x00, 0x00, 0xff,
  0x00, 0x00, 0x00, 0xff, 0x00, 0x00, 0x00, 0xff, 0x00, 0x00, 0x00, 0xff,
  0x00, 0x00, 0x00, 0xff, 0x00, 0x00, 0x00, 0xff, 0x00, 0x00, 0x00, 0xff,
  0x00, 0x00, 0x00, 0xff, 0x00, 0x00, 0x00, 0xff, 0x00, 0x00, 0x00, 0xff,
  0x00, 0x00, 0x00, 0xff, 0x00, 0x00, 0x00, 0xff, 0x00, 0x00, 0x00, 0xff,
  0x00, 0x00, 0x00, 0xff, 0x00, 0x00, 0x00, 0xff, 0x00, 0x00, 0x00, 0xff,
  0x00, 0x00, 0x00, 0xff, 0x00, 0x00, 0x00, 0xff, 0x00, 0x00, 0x00, 0xff,
  0x00, 0x00, 0x00, 0xff, 0x00, 0x00, 0x00, 0xff, 0x00, 0x00, 0x00, 0xff,
  0x00, 0x00, 0x00, 0xff, 0x00, 0x00, 0x00, 0xff, 0x00, 0x00, 0x00, 0xff,
  0x00, 0x00, 0x00, 0xff, 0x00, 0x00, 0x00, 0xff, 0x00, 0x00, 0x00, 0xff,
  0x00, 0x00, 0x00, 0xff, 0x00, 0x00, 0x00, 0xff, 0x00, 0x00, 0x00, 0xff,
  0x00, 0x00, 0x00, 0xff, 0x00, 0x00, 0x00, 0xff, 0x00, 0x00, 0x00, 0xff,
  0x00, 0x00, 0x00, 0xff, 0x00, 0x00, 0x00, 0xff, 0x00, 0x00, 0x00, 0xff,
  0x00, 0x00, 0x00, 0xff, 0x00, 0x00, 0x00, 0xff, 0x00, 0x00, 0x00, 0xff,
  0x00, 0x00, 0x00, 0xff, 0x00, 0x00, 0x00, 0xff, 0x00, 0x00, 0x00, 0xff,
  0x00, 0x00, 0x00, 0xff, 0x00, 0x00, 0x00, 0xff, 0x00, 0x00, 0x00, 0xff,
  0x00, 0x00, 0x00, 0xff, 0x00, 0x00, 0x00, 0xff, 0x00, 0x00, 0x00, 0xff,
  0x00, 0x00, 0x00, 0xff, 0x00, 0x00, 0x00, 0xff, 0x00, 0x00, 0x00, 0xff,
  0x00, 0x00, 0x00, 0xff, 0x00, 0x00, 0x00, 0xff, 0x00, 0x00, 0x00, 0xff,
  0x00, 0x00, 0x00, 0xff, 0x00, 0x00, 0x00, 0xff, 0x00, 0x00, 0x00, 0xff,
  0x00, 0x00, 0x00, 0xff, 0x00, 0x00, 0x00, 0xff, 0x00, 0x00, 0x00, 0xff,
  0x00, 0x00, 0x00, 0xff, 0x00, 0x00, 0x00, 0xff, 0x00, 0x00, 0x00, 0xff,
  0x00, 0x00, 0x00, 0xff, 0x00, 0x00, 0x00, 0xff, 0x00, 0x00, 0x00, 0xff,
  0x00, 0x00, 0x00, 0xff, 0x00, 0x00, 0x00, 0xff, 0x00, 0x00, 0x00, 0xff,
  0x00, 0x00, 0x00, 0xff, 0x00, 0x00, 0x00, 0xff, 0x00, 0x00, 0x00, 0xff,
  0x00, 0x00, 0x00, 0xff, 0x00, 0x00, 0x00, 0xff, 0x00, 0x00, 0x00, 0xff,
  0x00, 0x00, 0x00, 0xff, 0x00, 0x00, 0x00, 0xff, 0x00, 0x00, 0x00, 0xff,
  0x00, 0x00, 0x00, 0xff, 0x00, 0x00, 0x00, 0xff, 0x00, 0x00, 0x00, 0xff,
  0x00, 0x00, 0x00, 0xff, 0x00, 0x00, 0x00, 0xff, 0x00, 0x00, 0x00, 0xff,
  0x00, 0x00, 0x00, 0xff, 0x00, 0x00, 0x00, 0xff, 0x00, 0x00, 0x00, 0xff,
  0x00, 0x00, 0x00, 0xff, 0x00, 0x00, 0x00, 0xff, 0x00, 0x00, 0x00, 0xff,
  0x00, 0x00, 0x00, 0xff, 0x00, 0x00, 0x00, 0xff, 0x00, 0x00, 0x00, 0xff,
  0x00, 0x00, 0x00, 0xff, 0x00, 0x00, 0x00, 0xff, 0x00, 0x00, 0x00, 0xff,
  0x00, 0x00, 0x00, 0xff, 0x00, 0x00, 0x00, 0xff, 0x00, 0x00, 0x00, 0xff,
  0x00, 0x00, 0x00, 0xff, 0x00, 0x00, 0x00, 0xff, 0x00, 0x00, 0x00, 0xff,
  0x00, 0x00, 0x00, 0xff, 0x00, 0x00, 0x00, 0xff, 0x00, 0x00, 0x00, 0xff,
  0x00, 0x00, 0x00, 0xff, 0x00, 0x00, 0x00, 0xff, 0x00, 0x00, 0x00, 0xff,
  0x00, 0x00, 0x00, 0xff, 0x00, 0x00, 0x00, 0xff, 0x00, 0x00, 0x00, 0xff,
  0x00, 0x00, 0x00, 0xff, 0x00, 0x00, 0x00, 0xff, 0x00, 0x00, 0x00, 0xff,
  0x00, 0x00, 0x00, 0xff, 0x00, 0x00, 0x00, 0xff, 0x00, 0x00, 0x00, 0xff,
  0x00, 0x00, 0x00, 0xff, 0x00, 0x00, 0x00, 0xff, 0x00, 0x00, 0x00, 0xff,
  0x00, 0x00, 0x00, 0xff, 0x00, 0x00, 0x00, 0xff, 0x00, 0x00, 0x00, 0xf0,
  0x00, 0x00, 0x00, 0xa3, 0x00, 0x00, 0x00, 0x30, 0x00, 0x00, 0x00, 0x00,
  0x00, 0x00, 0x00, 0x00, 0x00, 0x00, 0x00, 0x00, 0x00, 0x00, 0x00, 0x00,
  0x00, 0x00, 0x00, 0x00, 0x00, 0x00, 0x00, 0x00, 0x00, 0x00, 0x00, 0x00,
  0x00, 0x00, 0x00, 0x00, 0x00, 0x00, 0x00, 0x00, 0x00, 0x00, 0x00, 0x00,
  0x00, 0x00, 0x00, 0x00, 0x00, 0x00, 0x00, 0x00, 0x00, 0x00, 0x00, 0x00,
  0x00, 0x00, 0x00, 0x00, 0x00, 0x00, 0x00, 0x00, 0x00, 0x00, 0x00, 0x00,
  0x00, 0x00, 0x00, 0x00, 0x00, 0x00, 0x00, 0x00, 0x00, 0x00, 0x00, 0x00,
  0x00, 0x00, 0x00, 0x00, 0x00, 0x00, 0x00, 0x00, 0x00, 0x00, 0x00, 0x00,
  0x00, 0x00, 0x00, 0x00, 0x00, 0x00, 0x00, 0x00, 0x00, 0x00, 0x00, 0x00,
  0x00, 0x00, 0x00, 0x00, 0x00, 0x00, 0x00, 0x00, 0x00, 0x00, 0x00, 0x00,
  0x00, 0x00, 0x00, 0x00, 0x00, 0x00, 0x00, 0x00, 0x00, 0x00, 0x00, 0x00,
  0x00, 0x00, 0x00, 0x00, 0x00, 0x00, 0x00, 0x00, 0x00, 0x00, 0x00, 0x00,
  0x00, 0x00, 0x00, 0x00, 0x00, 0x00, 0x00, 0x00, 0x00, 0x00, 0x00, 0x00,
  0x00, 0x00, 0x00, 0x00, 0x00, 0x00, 0x00, 0x10, 0x00, 0x00, 0x00, 0x96,
  0x00, 0x00, 0x00, 0xf4, 0x00, 0x00, 0x00, 0xff, 0x00, 0x00, 0x00, 0xff,
  0x00, 0x00, 0x00, 0xff, 0x00, 0x00, 0x00, 0xff, 0x10, 0x04, 0x00, 0xff,
  0x10, 0x04, 0x00, 0xff, 0x10, 0x04, 0x00, 0xff, 0x10, 0x04, 0x00, 0xff,
  0x08, 0x04, 0x00, 0xff, 0x08, 0x04, 0x00, 0xff, 0x08, 0x04, 0x00, 0xff,
  0x08, 0x04, 0x00, 0xff, 0x10, 0x04, 0x00, 0xff, 0x10, 0x04, 0x00, 0xff,
  0x10, 0x04, 0x00, 0xff, 0x10, 0x04, 0x00, 0xff, 0x10, 0x04, 0x00, 0xff,
  0x10, 0x04, 0x00, 0xff, 0x10, 0x04, 0x00, 0xff, 0x10, 0x04, 0x00, 0xff,
  0x00, 0x00, 0x00, 0xff, 0x00, 0x00, 0x00, 0xff, 0x00, 0x00, 0x00, 0xff,
  0x00, 0x00, 0x00, 0xff, 0x00, 0x00, 0x00, 0xff, 0x00, 0x00, 0x00, 0xff,
  0x00, 0x00, 0x00, 0xff, 0x00, 0x00, 0x00, 0xff, 0x00, 0x00, 0x00, 0xff,
  0x00, 0x00, 0x00, 0xff, 0x00, 0x00, 0x00, 0xff, 0x00, 0x00, 0x00, 0xff,
  0x00, 0x00, 0x00, 0xff, 0x00, 0x00, 0x00, 0xff, 0x00, 0x00, 0x00, 0xff,
  0x00, 0x00, 0x00, 0xff, 0x00, 0x00, 0x00, 0xff, 0x00, 0x00, 0x00, 0xff,
  0x00, 0x00, 0x00, 0xff, 0x00, 0x00, 0x00, 0xff, 0x00, 0x00, 0x00, 0xff,
  0x00, 0x00, 0x00, 0xff, 0x00, 0x00, 0x00, 0xff, 0x00, 0x00, 0x00, 0xff,
  0x00, 0x00, 0x00, 0xff, 0x00, 0x00, 0x00, 0xff, 0x00, 0x00, 0x00, 0xff,
  0x00, 0x00, 0x00, 0xff, 0x00, 0x00, 0x00, 0xff, 0x00, 0x00, 0x00, 0xff,
  0x00, 0x00, 0x00, 0xff, 0x00, 0x00, 0x00, 0xff, 0x00, 0x00, 0x00, 0xff,
  0x00, 0x00, 0x00, 0xff, 0x00, 0x00, 0x00, 0xff, 0x00, 0x00, 0x00, 0xff,
  0x00, 0x00, 0x00, 0xff, 0x00, 0x00, 0x00, 0xff, 0x00, 0x00, 0x00, 0xff,
  0x00, 0x00, 0x00, 0xff, 0x00, 0x00, 0x00, 0xff, 0x00, 0x00, 0x00, 0xff,
  0x00, 0x00, 0x00, 0xff, 0x00, 0x00, 0x00, 0xff, 0x00, 0x00, 0x00, 0xff,
  0x00, 0x00, 0x00, 0xff, 0x00, 0x00, 0x00, 0xff, 0x00, 0x00, 0x00, 0xff,
  0x00, 0x00, 0x00, 0xff, 0x00, 0x00, 0x00, 0xff, 0x00, 0x00, 0x00, 0xff,
  0x00, 0x00, 0x00, 0xff, 0x00, 0x00, 0x00, 0xff, 0x00, 0x00, 0x00, 0xff,
  0x00, 0x00, 0x00, 0xff, 0x00, 0x00, 0x00, 0xff, 0x00, 0x00, 0x00, 0xff,
  0x00, 0x00, 0x00, 0xff, 0x00, 0x00, 0x00, 0xff, 0x00, 0x00, 0x00, 0xff,
  0x00, 0x00, 0x00, 0xff, 0x00, 0x00, 0x00, 0xff, 0x00, 0x00, 0x00, 0xff,
  0x00, 0x00, 0x00, 0xff, 0x00, 0x00, 0x00, 0xff, 0x00, 0x00, 0x00, 0xff,
  0x00, 0x00, 0x00, 0xff, 0x00, 0x00, 0x00, 0xff, 0x00, 0x00, 0x00, 0xff,
  0x00, 0x00, 0x00, 0xff, 0x00, 0x00, 0x00, 0xff, 0x00, 0x00, 0x00, 0xff,
  0x00, 0x00, 0x00, 0xff, 0x00, 0x00, 0x00, 0xff, 0x00, 0x00, 0x00, 0xff,
  0x00, 0x00, 0x00, 0xff, 0x00, 0x00, 0x00, 0xff, 0x00, 0x00, 0x00, 0xff,
  0x00, 0x00, 0x00, 0xff, 0x00, 0x00, 0x00, 0xff, 0x00, 0x00, 0x00, 0xff,
  0x00, 0x00, 0x00, 0xff, 0x00, 0x00, 0x00, 0xff, 0x00, 0x00, 0x00, 0xff,
  0x00, 0x00, 0x00, 0xff, 0x00, 0x00, 0x00, 0xff, 0x00, 0x00, 0x00, 0xff,
  0x00, 0x00, 0x00, 0xff, 0x00, 0x00, 0x00, 0xff, 0x00, 0x00, 0x00, 0xff,
  0x00, 0x00, 0x00, 0xff, 0x00, 0x00, 0x00, 0xff, 0x00, 0x00, 0x00, 0xff,
  0x00, 0x00, 0x00, 0xff, 0x00, 0x00, 0x00, 0xff, 0x00, 0x00, 0x00, 0xff,
  0x00, 0x00, 0x00, 0xff, 0x00, 0x00, 0x00, 0xff, 0x00, 0x00, 0x00, 0xff,
  0x00, 0x00, 0x00, 0xff, 0x00, 0x00, 0x00, 0xff, 0x00, 0x00, 0x00, 0xff,
  0x00, 0x00, 0x00, 0xff, 0x00, 0x00, 0x00, 0xff, 0x00, 0x00, 0x00, 0xff,
  0x00, 0x00, 0x00, 0xff, 0x00, 0x00, 0x00, 0xff, 0x00, 0x00, 0x00, 0xff,
  0x00, 0x00, 0x00, 0xff, 0x00, 0x00, 0x00, 0xff, 0x00, 0x00, 0x00, 0xff,
  0x00, 0x00, 0x00, 0xff, 0x00, 0x00, 0x00, 0xff, 0x00, 0x00, 0x00, 0xff,
  0x00, 0x00, 0x00, 0xff, 0x00, 0x00, 0x00, 0xff, 0x00, 0x00, 0x00, 0xff,
  0x00, 0x00, 0x00, 0xff, 0x00, 0x00, 0x00, 0xff, 0x00, 0x00, 0x00, 0xff,
  0x00, 0x00, 0x00, 0xff, 0x00, 0x00, 0x00, 0xff, 0x00, 0x00, 0x00, 0xff,
  0x00, 0x00, 0x00, 0xff, 0x00, 0x00, 0x00, 0xff, 0x00, 0x00, 0x00, 0xff,
  0x00, 0x00, 0x00, 0xff, 0x00, 0x00, 0x00, 0xff, 0x00, 0x00, 0x00, 0xff,
  0x00, 0x00, 0x00, 0xff, 0x00, 0x00, 0x00, 0xff, 0x00, 0x00, 0x00, 0xff,
  0x00, 0x00, 0x00, 0xff, 0x00, 0x00, 0x00, 0xff, 0x00, 0x00, 0x00, 0xff,
  0x00, 0x00, 0x00, 0xff, 0x00, 0x00, 0x00, 0xff, 0x00, 0x00, 0x00, 0xff,
  0x00, 0x00, 0x00, 0xff, 0x00, 0x00, 0x00, 0xff, 0x00, 0x00, 0x00, 0xff,
  0x00, 0x00, 0x00, 0xff, 0x00, 0x00, 0x00, 0xff, 0x00, 0x00, 0x00, 0xff,
  0x00, 0x00, 0x00, 0xff, 0x00, 0x00, 0x00, 0xff, 0x00, 0x00, 0x00, 0xff,
  0x00, 0x00, 0x00, 0xff, 0x00, 0x00, 0x00, 0xff, 0x00, 0x00, 0x00, 0xff,
  0x00, 0x00, 0x00, 0xff, 0x00, 0x00, 0x00, 0xff, 0x00, 0x00, 0x00, 0xff,
  0x00, 0x00, 0x00, 0xff, 0x00, 0x00, 0x00, 0xff, 0x00, 0x00, 0x00, 0xff,
  0x00, 0x00, 0x00, 0xff, 0x00, 0x00, 0x00, 0xff, 0x00, 0x00, 0x00, 0xff,
  0x00, 0x00, 0x00, 0xff, 0x00, 0x00, 0x00, 0xff, 0x00, 0x00, 0x00, 0xff,
  0x00, 0x00, 0x00, 0xff, 0x00, 0x00, 0x00, 0xff, 0x00, 0x00, 0x00, 0xff,
  0x00, 0x00, 0x00, 0xff, 0x00, 0x00, 0x00, 0xff, 0x00, 0x00, 0x00, 0xff,
  0x00, 0x00, 0x00, 0xff, 0x00, 0x00, 0x00, 0xff, 0x00, 0x00, 0x00, 0xff,
  0x00, 0x00, 0x00, 0xff, 0x00, 0x00, 0x00, 0xff, 0x00, 0x00, 0x00, 0xff,
  0x00, 0x00, 0x00, 0xff, 0x00, 0x00, 0x00, 0xff, 0x00, 0x00, 0x00, 0xff,
  0x00, 0x00, 0x00, 0xff, 0x00, 0x00, 0x00, 0xff, 0x00, 0x00, 0x00, 0xff,
  0x00, 0x00, 0x00, 0xff, 0x00, 0x00, 0x00, 0xff, 0x00, 0x00, 0x00, 0xff,
  0x00, 0x00, 0x00, 0xff, 0x00, 0x00, 0x00, 0xff, 0x00, 0x00, 0x00, 0xff,
  0x00, 0x00, 0x00, 0xff, 0x00, 0x00, 0x00, 0xff, 0x00, 0x00, 0x00, 0xff,
  0x00, 0x00, 0x00, 0xff, 0x00, 0x00, 0x00, 0xff, 0x00, 0x00, 0x00, 0xff,
  0x00, 0x00, 0x00, 0xff, 0x00, 0x00, 0x00, 0xff, 0x00, 0x00, 0x00, 0xff,
  0x00, 0x00, 0x00, 0xff, 0x00, 0x00, 0x00, 0xff, 0x00, 0x00, 0x00, 0xff,
  0x00, 0x00, 0x00, 0xff, 0x00, 0x00, 0x00, 0xff, 0x00, 0x00, 0x00, 0xff,
  0x00, 0x00, 0x00, 0xff, 0x00, 0x00, 0x00, 0xff, 0x00, 0x00, 0x00, 0xff,
  0x00, 0x00, 0x00, 0xff, 0x00, 0x00, 0x00, 0xff, 0x00, 0x00, 0x00, 0xff,
  0x00, 0x00, 0x00, 0xff, 0x00, 0x00, 0x00, 0xff, 0x00, 0x00, 0x00, 0xff,
  0x00, 0x00, 0x00, 0xff, 0x00, 0x00, 0x00, 0xba, 0x00, 0x00, 0x00, 0x40,
  0x00, 0x00, 0x00, 0x00, 0x00, 0x00, 0x00, 0x00, 0x00, 0x00, 0x00, 0x00,
  0x00, 0x00, 0x00, 0x00, 0x00, 0x00, 0x00, 0x00, 0x00, 0x00, 0x00, 0x00,
  0x00, 0x00, 0x00, 0x00, 0x00, 0x00, 0x00, 0x00, 0x00, 0x00, 0x00, 0x00,
  0x00, 0x00, 0x00, 0x00, 0x00, 0x00, 0x00, 0x00, 0x00, 0x00, 0x00, 0x00,
  0x00, 0x00, 0x00, 0x00, 0x00, 0x00, 0x00, 0x00, 0x00, 0x00, 0x00, 0x00,
  0x00, 0x00, 0x00, 0x00, 0x00, 0x00, 0x00, 0x00, 0x00, 0x00, 0x00, 0x00,
  0x00, 0x00, 0x00, 0x00, 0x00, 0x00, 0x00, 0x00, 0x00, 0x00, 0x00, 0x00,
  0x00, 0x00, 0x00, 0x00, 0x00, 0x00, 0x00, 0x00, 0x00, 0x00, 0x00, 0x00,
  0x00, 0x00, 0x00, 0x00, 0x00, 0x00, 0x00, 0x00, 0x00, 0x00, 0x00, 0x00,
  0x00, 0x00, 0x00, 0x00, 0x00, 0x00, 0x00, 0x00, 0x00, 0x00, 0x00, 0x00,
  0x00, 0x00, 0x00, 0x00, 0x00, 0x00, 0x00, 0x00, 0x00, 0x00, 0x00, 0x00,
  0x00, 0x00, 0x00, 0x00, 0x00, 0x00, 0x00, 0x00, 0x00, 0x00, 0x00, 0x96,
  0x00, 0x00, 0x00, 0xf4, 0x00, 0x00, 0x00, 0xff, 0x00, 0x00, 0x00, 0xff,
  0x00, 0x00, 0x00, 0xff, 0x00, 0x00, 0x00, 0xff, 0x00, 0x00, 0x00, 0xff,
  0x00, 0x00, 0x00, 0xff, 0x10, 0x04, 0x00, 0xff, 0x10, 0x04, 0x00, 0xff,
  0x10, 0x04, 0x00, 0xff, 0x10, 0x04, 0x00, 0xff, 0x57, 0x1b, 0x0d, 0xff,
  0x57, 0x1b, 0x0d, 0xff, 0xa7, 0x32, 0x1b, 0xff, 0xa7, 0x32, 0x1b, 0xff,
  0xaf, 0x32, 0x1b, 0xff, 0xaf, 0x32, 0x1b, 0xff, 0x5f, 0x1b, 0x0d, 0xff,
  0x5f, 0x1b, 0x0d, 0xff, 0x5d, 0x19, 0x0d, 0xff, 0x10, 0x04, 0x00, 0xff,
  0x10, 0x04, 0x00, 0xff, 0x10, 0x04, 0x00, 0xff, 0x00, 0x00, 0x00, 0xff,
  0x00, 0x00, 0x00, 0xff, 0x00, 0x00, 0x00, 0xff, 0x00, 0x00, 0x00, 0xff,
  0x00, 0x00, 0x00, 0xff, 0x00, 0x00, 0x00, 0xff, 0x17, 0x13, 0x02, 0xff,
  0xfe, 0xcb, 0x01, 0xff, 0xfe, 0xcd, 0x01, 0xff, 0xfe, 0xcd, 0x01, 0xff,
  0xfe, 0xcd, 0x01, 0xff, 0xfe, 0xcd, 0x01, 0xff, 0xfe, 0xcd, 0x01, 0xff,
  0xfe, 0xcd, 0x01, 0xfe, 0xfe, 0xcd, 0x01, 0xfe, 0xfe, 0xcd, 0x01, 0xfe,
  0xfe, 0xcd, 0x01, 0xfe, 0xfe, 0xcd, 0x01, 0xfe, 0xfe, 0xcd, 0x01, 0xfe,
  0xfe, 0xcd, 0x01, 0xfe, 0xfe, 0xcd, 0x01, 0xfe, 0xfe, 0xcd, 0x01, 0xfe,
  0xfe, 0xcd, 0x01, 0xfe, 0xfe, 0xcd, 0x01, 0xfe, 0xfe, 0xcd, 0x01, 0xfe,
  0xfe, 0xcd, 0x01, 0xfe, 0xfe, 0xcd, 0x01, 0xfe, 0xfe, 0xcd, 0x01, 0xfe,
  0xfe, 0xcd, 0x01, 0xfe, 0xfe, 0xcd, 0x01, 0xfe, 0xfe, 0xcd, 0x01, 0xfe,
  0xfe, 0xcd, 0x01, 0xfe, 0xfe, 0xcd, 0x01, 0xfe, 0xfe, 0xcd, 0x01, 0xfe,
  0xfe, 0xcd, 0x01, 0xfe, 0xfe, 0xcd, 0x01, 0xfe, 0xfe, 0xcd, 0x01, 0xfe,
  0xfe, 0xcd, 0x01, 0xfe, 0xfe, 0xcd, 0x01, 0xfe, 0xfe, 0xcd, 0x01, 0xfe,
  0xfe, 0xcd, 0x01, 0xfe, 0xfe, 0xcd, 0x01, 0xfe, 0xfe, 0xcd, 0x01, 0xfe,
  0xfe, 0xcd, 0x01, 0xfe, 0xfe, 0xcd, 0x01, 0xfe, 0xfe, 0xcd, 0x01, 0xfe,
  0xfe, 0xcd, 0x01, 0xfe, 0xfe, 0xcd, 0x01, 0xfe, 0xfe, 0xcd, 0x01, 0xfe,
  0xfe, 0xcd, 0x01, 0xfe, 0xfe, 0xcd, 0x01, 0xfe, 0xfe, 0xcd, 0x01, 0xfe,
  0xfe, 0xcd, 0x01, 0xfe, 0xfe, 0xcd, 0x01, 0xfe, 0xfe, 0xcd, 0x01, 0xfe,
  0xfe, 0xcd, 0x01, 0xfe, 0xfe, 0xcd, 0x01, 0xfe, 0xfe, 0xcd, 0x01, 0xfe,
  0xfe, 0xcd, 0x01, 0xfe, 0xfe, 0xcd, 0x01, 0xfe, 0xfe, 0xcd, 0x01, 0xfe,
  0xfe, 0xcd, 0x01, 0xfe, 0xfe, 0xcd, 0x01, 0xfe, 0xfe, 0xcd, 0x01, 0xfe,
  0xfe, 0xcd, 0x01, 0xfe, 0xfe, 0xcd, 0x01, 0xfe, 0xfe, 0xcd, 0x01, 0xfe,
  0xfe, 0xcd, 0x01, 0xfe, 0xfe, 0xcd, 0x01, 0xfe, 0xfe, 0xcd, 0x01, 0xfe,
  0xfe, 0xcd, 0x01, 0xfe, 0xfe, 0xcd, 0x01, 0xfe, 0xfe, 0xcd, 0x01, 0xfe,
  0xfe, 0xcd, 0x01, 0xfe, 0xfe, 0xcd, 0x01, 0xfe, 0xfe, 0xcd, 0x01, 0xfe,
  0xfe, 0xcd, 0x01, 0xfe, 0xfe, 0xcd, 0x01, 0xfe, 0xfe, 0xcd, 0x01, 0xfe,
  0xfe, 0xcd, 0x01, 0xfe, 0xfe, 0xcd, 0x01, 0xfe, 0xfe, 0xcd, 0x01, 0xfe,
  0xfe, 0xcd, 0x01, 0xfe, 0xfe, 0xcd, 0x01, 0xfe, 0xfe, 0xcd, 0x01, 0xfe,
  0xfe, 0xcd, 0x01, 0xfe, 0xfe, 0xcd, 0x01, 0xfe, 0xfe, 0xcd, 0x01, 0xfe,
  0xfe, 0xcd, 0x01, 0xfe, 0xfe, 0xcd, 0x01, 0xfe, 0xfe, 0xcd, 0x01, 0xfe,
  0xfe, 0xcd, 0x01, 0xfe, 0xfe, 0xcd, 0x01, 0xfe, 0xfe, 0xcd, 0x01, 0xfe,
  0xfe, 0xcd, 0x01, 0xfe, 0xfe, 0xcd, 0x01, 0xfe, 0xfe, 0xcd, 0x01, 0xfe,
  0xfe, 0xcd, 0x01, 0xfe, 0xfe, 0xcd, 0x01, 0xfe, 0xfe, 0xcd, 0x01, 0xfe,
  0xfe, 0xcd, 0x01, 0xfe, 0xfe, 0xcd, 0x01, 0xfe, 0xfe, 0xcd, 0x01, 0xfe,
  0xfe, 0xcd, 0x01, 0xfe, 0xfe, 0xcd, 0x01, 0xfe, 0xfe, 0xcd, 0x01, 0xfe,
  0xfe, 0xcd, 0x01, 0xfe, 0xfe, 0xcd, 0x01, 0xfe, 0xfe, 0xcd, 0x01, 0xfe,
  0xfe, 0xcd, 0x01, 0xfe, 0xfe, 0xcd, 0x01, 0xfe, 0xfe, 0xcd, 0x01, 0xfe,
  0xfe, 0xcd, 0x01, 0xfe, 0xfe, 0xcd, 0x01, 0xfe, 0xfe, 0xcd, 0x01, 0xfe,
  0xfe, 0xcd, 0x01, 0xfe, 0xfe, 0xcd, 0x01, 0xfe, 0xfe, 0xcd, 0x01, 0xfe,
  0xfe, 0xcd, 0x01, 0xfe, 0xfe, 0xcd, 0x01, 0xfe, 0xfe, 0xcd, 0x01, 0xfe,
  0xfe, 0xcd, 0x01, 0xfe, 0xfe, 0xcd, 0x01, 0xfe, 0xfe, 0xcd, 0x01, 0xfe,
  0xfe, 0xcd, 0x01, 0xfe, 0xfe, 0xcd, 0x01, 0xfe, 0xfe, 0xcd, 0x01, 0xfe,
  0xfe, 0xcd, 0x01, 0xfe, 0xfe, 0xcd, 0x01, 0xfe, 0xfe, 0xcd, 0x01, 0xfe,
  0xfe, 0xcd, 0x01, 0xfe, 0xfe, 0xcd, 0x01, 0xfe, 0xfe, 0xcd, 0x01, 0xfe,
  0xfe, 0xcd, 0x01, 0xfe, 0xfe, 0xcd, 0x01, 0xfe, 0xfe, 0xcd, 0x01, 0xfe,
  0xfe, 0xcd, 0x01, 0xfe, 0xfe, 0xcd, 0x01, 0xfe, 0xfe, 0xcd, 0x01, 0xfe,
  0xfe, 0xcd, 0x01, 0xfe, 0xfe, 0xcd, 0x01, 0xfe, 0xfe, 0xcd, 0x01, 0xfe,
  0xfe, 0xcd, 0x01, 0xfe, 0xfe, 0xcd, 0x01, 0xfe, 0xfe, 0xcd, 0x01, 0xfe,
  0xfe, 0xcd, 0x01, 0xfe, 0xfe, 0xcd, 0x01, 0xfe, 0xfe, 0xcd, 0x01, 0xfe,
  0xfe, 0xcd, 0x01, 0xfe, 0xfe, 0xcd, 0x01, 0xfe, 0xfe, 0xcd, 0x01, 0xfe,
  0xfe, 0xcd, 0x01, 0xfe, 0xfe, 0xcd, 0x01, 0xfe, 0xfe, 0xcd, 0x01, 0xfe,
  0xfe, 0xcd, 0x01, 0xfe, 0xfe, 0xcd, 0x01, 0xfe, 0xfe, 0xcd, 0x01, 0xfe,
  0xfe, 0xcd, 0x01, 0xfe, 0xfe, 0xcd, 0x01, 0xfe, 0xfe, 0xcd, 0x01, 0xfe,
  0xfe, 0xcd, 0x01, 0xfe, 0xfe, 0xcd, 0x01, 0xfe, 0xfe, 0xcd, 0x01, 0xfe,
  0xfe, 0xcd, 0x01, 0xfe, 0xfe, 0xcd, 0x01, 0xfe, 0xfe, 0xcd, 0x01, 0xfe,
  0xfe, 0xcd, 0x01, 0xfe, 0xfe, 0xcd, 0x01, 0xfe, 0xfe, 0xcd, 0x01, 0xfe,
  0xfe, 0xcd, 0x01, 0xfe, 0xfe, 0xcd, 0x01, 0xfe, 0xfe, 0xcd, 0x01, 0xff,
  0xfe, 0xcd, 0x01, 0xff, 0xfe, 0xcd, 0x01, 0xff, 0xfe, 0xcd, 0x01, 0xff,
  0xfe, 0xcd, 0x01, 0xff, 0xfe, 0xcd, 0x01, 0xff, 0xfe, 0xcd, 0x01, 0xff,
  0xfe, 0xcd, 0x01, 0xff, 0xfe, 0xcd, 0x01, 0xff, 0xfe, 0xcd, 0x01, 0xff,
  0xfe, 0xcd, 0x01, 0xff, 0xfe, 0xcd, 0x01, 0xff, 0xfe, 0xcd, 0x01, 0xff,
  0xfe, 0xcd, 0x01, 0xff, 0xfe, 0xcd, 0x01, 0xff, 0xfe, 0xcd, 0x01, 0xff,
  0xfe, 0xcd, 0x01, 0xff, 0xfe, 0xcd, 0x01, 0xff, 0xfe, 0xcd, 0x01, 0xff,
  0xfe, 0xcd, 0x01, 0xff, 0xfe, 0xcd, 0x01, 0xff, 0xfe, 0xcd, 0x01, 0xff,
  0xfe, 0xcd, 0x01, 0xff, 0xfe, 0xcd, 0x01, 0xff, 0xfe, 0xcd, 0x01, 0xff,
  0xfe, 0xcd, 0x01, 0xff, 0xfe, 0xcd, 0x01, 0xff, 0xfe, 0xcd, 0x01, 0xff,
  0xfe, 0xcd, 0x01, 0xff, 0xfe, 0xcd, 0x01, 0xff, 0x53, 0x42, 0x00, 0xff,
  0x3c, 0x30, 0x00, 0xff, 0x0f, 0x0c, 0x00, 0xff, 0x00, 0x00, 0x00, 0xff,
  0x00, 0x00, 0x00, 0xff, 0x00, 0x00, 0x00, 0xff, 0x00, 0x00, 0x00, 0xff,
  0x00, 0x00, 0x00, 0xff, 0x00, 0x00, 0x00, 0xff, 0x00, 0x00, 0x00, 0xff,
  0x00, 0x00, 0x00, 0xff, 0x00, 0x00, 0x00, 0xff, 0x00, 0x00, 0x00, 0xc0,
  0x00, 0x00, 0x00, 0x40, 0x00, 0x00, 0x00, 0x00, 0x00, 0x00, 0x00, 0x00,
  0x00, 0x00, 0x00, 0x00, 0x00, 0x00, 0x00, 0x00, 0x00, 0x00, 0x00, 0x00,
  0x00, 0x00, 0x00, 0x00, 0x00, 0x00, 0x00, 0x00, 0x00, 0x00, 0x00, 0x00,
  0x00, 0x00, 0x00, 0x00, 0x00, 0x00, 0x00, 0x00, 0x00, 0x00, 0x00, 0x00,
  0x00, 0x00, 0x00, 0x00, 0x00, 0x00, 0x00, 0x00, 0x00, 0x00, 0x00, 0x00,
  0x00, 0x00, 0x00, 0x00, 0x00, 0x00, 0x00, 0x00, 0x00, 0x00, 0x00, 0x00,
  0x00, 0x00, 0x00, 0x00, 0x00, 0x00, 0x00, 0x00, 0x00, 0x00, 0x00, 0x00,
  0x00, 0x00, 0x00, 0x00, 0x00, 0x00, 0x00, 0x00, 0x00, 0x00, 0x00, 0x00,
  0x00, 0x00, 0x00, 0x00, 0x00, 0x00, 0x00, 0x00, 0x00, 0x00, 0x00, 0x00,
  0x00, 0x00, 0x00, 0x00, 0x00, 0x00, 0x00, 0x00, 0x00, 0x00, 0x00, 0x00,
  0x00, 0x00, 0x00, 0x00, 0x00, 0x00, 0x00, 0x00, 0x00, 0x00, 0x00, 0x40,
  0x00, 0x00, 0x00, 0xe2, 0x00, 0x00, 0x00, 0xff, 0x00, 0x00, 0x00, 0xff,
  0x00, 0x00, 0x00, 0xff, 0x00, 0x00, 0x00, 0xff, 0x00, 0x00, 0x00, 0xff,
  0x00, 0x00, 0x00, 0xff, 0x00, 0x00, 0x00, 0xff, 0x00, 0x00, 0x00, 0xff,
  0x5d, 0x1b, 0x0d, 0xff, 0xaa, 0x32, 0x1b, 0xff, 0xf7, 0x49, 0x29, 0xff,
  0xf7, 0x49, 0x29, 0xff, 0xf7, 0x49, 0x29, 0xff, 0xf7, 0x49, 0x29, 0xff,
  0xf7, 0x49, 0x29, 0xff, 0xf7, 0x49, 0x29, 0xff, 0xff, 0x49, 0x29, 0xff,
  0xff, 0x49, 0x29, 0xff, 0xff, 0x49, 0x29, 0xff, 0xff, 0x49, 0x29, 0xff,
  0xf7, 0x45, 0x29, 0xff, 0xf7, 0x45, 0x29, 0xff, 0xf7, 0x45, 0x29, 0xff,
  0xaa, 0x2f, 0x1b, 0xff, 0x52, 0x17, 0x0d, 0xff, 0x00, 0x00, 0x00, 0xff,
  0x00, 0x00, 0x00, 0xff, 0x00, 0x00, 0x00, 0xff, 0x00, 0x00, 0x00, 0xff,
  0x00, 0x00, 0x00, 0xff, 0x00, 0x00, 0x00, 0xff, 0x00, 0x00, 0x00, 0xff,
  0xbc, 0xa1, 0x2d, 0xff, 0xfe, 0xcd, 0x01, 0xff, 0xfe, 0xcd, 0x01, 0xff,
  0xfe, 0xcd, 0x01, 0xff, 0xfe, 0xcd, 0x01, 0xff, 0xfe, 0xcd, 0x01, 0xff,
  0xfe, 0xcd, 0x01, 0xff, 0xfe, 0xcd, 0x01, 0xfe, 0xfe, 0xcd, 0x01, 0xfe,
  0xfe, 0xcd, 0x01, 0xfe, 0xfe, 0xcd, 0x01, 0xfe, 0xfe, 0xcd, 0x01, 0xfe,
  0xfe, 0xcd, 0x01, 0xfe, 0xfe, 0xcd, 0x01, 0xfe, 0xfe, 0xcd, 0x01, 0xfe,
  0xfe, 0xcd, 0x01, 0xfe, 0xfe, 0xcd, 0x01, 0xfe, 0xfe, 0xcd, 0x01, 0xfe,
  0xfe, 0xcd, 0x01, 0xfe, 0xfe, 0xcd, 0x01, 0xfe, 0xfe, 0xcd, 0x01, 0xfe,
  0xfe, 0xcd, 0x01, 0xfe, 0xfe, 0xcd, 0x01, 0xfe, 0xfe, 0xcd, 0x01, 0xfe,
  0xfe, 0xcd, 0x01, 0xfe, 0xfe, 0xcd, 0x01, 0xfe, 0xfe, 0xcd, 0x01, 0xfe,
  0xfe, 0xcd, 0x01, 0xfe, 0xfe, 0xcd, 0x01, 0xfe, 0xfe, 0xcd, 0x01, 0xfe,
  0xfe, 0xcd, 0x01, 0xfe, 0xfe, 0xcd, 0x01, 0xfe, 0xfe, 0xcd, 0x01, 0xfe,
  0xfe, 0xcd, 0x01, 0xfe, 0xfe, 0xcd, 0x01, 0xfe, 0xfe, 0xcd, 0x01, 0xfe,
  0xfe, 0xcd, 0x01, 0xfe, 0xfe, 0xcd, 0x01, 0xfe, 0xfe, 0xcd, 0x01, 0xfe,
  0xfe, 0xcd, 0x01, 0xfe, 0xfe, 0xcd, 0x01, 0xfe, 0xfe, 0xcd, 0x01, 0xfe,
  0xfe, 0xcd, 0x01, 0xfe, 0xfe, 0xcd, 0x01, 0xfe, 0xfe, 0xcd, 0x01, 0xfe,
  0xfe, 0xcd, 0x01, 0xfe, 0xfe, 0xcd, 0x01, 0xfe, 0xfe, 0xcd, 0x01, 0xfe,
  0xfe, 0xcd, 0x01, 0xfe, 0xfe, 0xcd, 0x01, 0xfe, 0xfe, 0xcd, 0x01, 0xfe,
  0xfe, 0xcd, 0x01, 0xfe, 0xfe, 0xcd, 0x01, 0xfe, 0xfe, 0xcd, 0x01, 0xfe,
  0xfe, 0xcd, 0x01, 0xfe, 0xfe, 0xcd, 0x01, 0xfe, 0xfe, 0xcd, 0x01, 0xfe,
  0xfe, 0xcd, 0x01, 0xfe, 0xfe, 0xcd, 0x01, 0xfe, 0xfe, 0xcd, 0x01, 0xfe,
  0xfe, 0xcd, 0x01, 0xfe, 0xfe, 0xcd, 0x01, 0xfe, 0xfe, 0xcd, 0x01, 0xfe,
  0xfe, 0xcd, 0x01, 0xfe, 0xfe, 0xcd, 0x01, 0xfe, 0xfe, 0xcd, 0x01, 0xfe,
  0xfe, 0xcd, 0x01, 0xfe, 0xfe, 0xcd, 0x01, 0xfe, 0xfe, 0xcd, 0x01, 0xfe,
  0xfe, 0xcd, 0x01, 0xfe, 0xfe, 0xcd, 0x01, 0xfe, 0xfe, 0xcd, 0x01, 0xfe,
  0xfe, 0xcd, 0x01, 0xfe, 0xfe, 0xcd, 0x01, 0xfe, 0xfe, 0xcd, 0x01, 0xfe,
  0xfe, 0xcd, 0x01, 0xfe, 0xfe, 0xcd, 0x01, 0xfe, 0xfe, 0xcd, 0x01, 0xfe,
  0xfe, 0xcd, 0x01, 0xfe, 0xfe, 0xcd, 0x01, 0xfe, 0xfe, 0xcd, 0x01, 0xfe,
  0xfe, 0xcd, 0x01, 0xfe, 0xfe, 0xcd, 0x01, 0xfe, 0xfe, 0xcd, 0x01, 0xfe,
  0xfe, 0xcd, 0x01, 0xfe, 0xfe, 0xcd, 0x01, 0xfe, 0xfe, 0xcd, 0x01, 0xfe,
  0xfe, 0xcd, 0x01, 0xfe, 0xfe, 0xcd, 0x01, 0xfe, 0xfe, 0xcd, 0x01, 0xfe,
  0xfe, 0xcd, 0x01, 0xfe, 0xfe, 0xcd, 0x01, 0xfe, 0xfe, 0xcd, 0x01, 0xfe,
  0xfe, 0xcd, 0x01, 0xfe, 0xfe, 0xcd, 0x01, 0xfe, 0xfe, 0xcd, 0x01, 0xfe,
  0xfe, 0xcd, 0x01, 0xfe, 0xfe, 0xcd, 0x01, 0xfe, 0xfe, 0xcd, 0x01, 0xfe,
  0xfe, 0xcd, 0x01, 0xfe, 0xfe, 0xcd, 0x01, 0xfe, 0xfe, 0xcd, 0x01, 0xfe,
  0xfe, 0xcd, 0x01, 0xfe, 0xfe, 0xcd, 0x01, 0xfe, 0xfe, 0xcd, 0x01, 0xfe,
  0xfe, 0xcd, 0x01, 0xfe, 0xfe, 0xcd, 0x01, 0xfe, 0xfe, 0xcd, 0x01, 0xfe,
  0xfe, 0xcd, 0x01, 0xfe, 0xfe, 0xcd, 0x01, 0xfe, 0xfe, 0xcd, 0x01, 0xfe,
  0xfe, 0xcd, 0x01, 0xfe, 0xfe, 0xcd, 0x01, 0xfe, 0xfe, 0xcd, 0x01, 0xfe,
  0xfe, 0xcd, 0x01, 0xfe, 0xfe, 0xcd, 0x01, 0xfe, 0xfe, 0xcd, 0x01, 0xfe,
  0xfe, 0xcd, 0x01, 0xfe, 0xfe, 0xcd, 0x01, 0xfe, 0xfe, 0xcd, 0x01, 0xfe,
  0xfe, 0xcd, 0x01, 0xfe, 0xfe, 0xcd, 0x01, 0xfe, 0xfe, 0xcd, 0x01, 0xfe,
  0xfe, 0xcd, 0x01, 0xfe, 0xfe, 0xcd, 0x01, 0xfe, 0xfe, 0xcd, 0x01, 0xfe,
  0xfe, 0xcd, 0x01, 0xfe, 0xfe, 0xcd, 0x01, 0xfe, 0xfe, 0xcd, 0x01, 0xfe,
  0xfe, 0xcd, 0x01, 0xfe, 0xfe, 0xcd, 0x01, 0xfe, 0xfe, 0xcd, 0x01, 0xfe,
  0xfe, 0xcd, 0x01, 0xfe, 0xfe, 0xcd, 0x01, 0xfe, 0xfe, 0xcd, 0x01, 0xfe,
  0xfe, 0xcd, 0x01, 0xfe, 0xfe, 0xcd, 0x01, 0xfe, 0xfe, 0xcd, 0x01, 0xfe,
  0xfe, 0xcd, 0x01, 0xfe, 0xfe, 0xcd, 0x01, 0xfe, 0xfe, 0xcd, 0x01, 0xfe,
  0xfe, 0xcd, 0x01, 0xfe, 0xfe, 0xcd, 0x01, 0xfe, 0xfe, 0xcd, 0x01, 0xfe,
  0xfe, 0xcd, 0x01, 0xfe, 0xfe, 0xcd, 0x01, 0xfe, 0xfe, 0xcd, 0x01, 0xfe,
  0xfe, 0xcd, 0x01, 0xfe, 0xfe, 0xcd, 0x01, 0xfe, 0xfe, 0xcd, 0x01, 0xfe,
  0xfe, 0xcd, 0x01, 0xfe, 0xfe, 0xcd, 0x01, 0xfe, 0xfe, 0xcd, 0x01, 0xfe,
  0xfe, 0xcd, 0x01, 0xfe, 0xfe, 0xcd, 0x01, 0xfe, 0xfe, 0xcd, 0x01, 0xfe,
  0xfe, 0xcd, 0x01, 0xfe, 0xfe, 0xcd, 0x01, 0xfe, 0xfe, 0xcd, 0x01, 0xfe,
  0xfe, 0xcd, 0x01, 0xfe, 0xfe, 0xcd, 0x01, 0xfe, 0xfe, 0xcd, 0x01, 0xfe,
  0xfe, 0xcd, 0x01, 0xfe, 0xfe, 0xcd, 0x01, 0xff, 0xfe, 0xcd, 0x01, 0xff,
  0xfe, 0xcd, 0x01, 0xff, 0xfe, 0xcd, 0x01, 0xff, 0xfe, 0xcd, 0x01, 0xff,
  0xfe, 0xcd, 0x01, 0xff, 0xfe, 0xcd, 0x01, 0xff, 0xfe, 0xcd, 0x01, 0xff,
  0xfe, 0xcd, 0x01, 0xff, 0xfe, 0xcd, 0x01, 0xff, 0xfe, 0xcd, 0x01, 0xff,
  0xfe, 0xcd, 0x01, 0xff, 0xfe, 0xcd, 0x01, 0xff, 0xfe, 0xcd, 0x01, 0xff,
  0xfe, 0xcd, 0x01, 0xff, 0xfe, 0xcd, 0x01, 0xff, 0xfe, 0xcd, 0x01, 0xff,
  0xfe, 0xcd, 0x01, 0xff, 0xfe, 0xcd, 0x01, 0xff, 0xfe, 0xcd, 0x01, 0xff,
  0xfe, 0xcd, 0x01, 0xff, 0xfe, 0xcd, 0x01, 0xff, 0xfe, 0xcd, 0x01, 0xff,
  0xfe, 0xcd, 0x01, 0xff, 0xfe, 0xcd, 0x01, 0xff, 0xfe, 0xcd, 0x01, 0xff,
  0xfe, 0xcd, 0x01, 0xff, 0xfe, 0xcd, 0x01, 0xff, 0xfe, 0xcd, 0x01, 0xff,
  0xfe, 0xcd, 0x01, 0xff, 0xfe, 0xcd, 0x01, 0xff, 0xfe, 0xcd, 0x01, 0xff,
  0xfe, 0xcd, 0x01, 0xff, 0xfe, 0xcd, 0x01, 0xff, 0x96, 0x78, 0x00, 0xfe,
  0x3c, 0x30, 0x00, 0xff, 0x0f, 0x0c, 0x00, 0xff, 0x00, 0x00, 0x00, 0xff,
  0x00, 0x00, 0x00, 0xff, 0x00, 0x00, 0x00, 0xff, 0x00, 0x00, 0x00, 0xff,
  0x00, 0x00, 0x00, 0xff, 0x00, 0x00, 0x00, 0xff, 0x00, 0x00, 0x00, 0xff,
  0x00, 0x00, 0x00, 0x8c, 0x00, 0x00, 0x00, 0x10, 0x00, 0x00, 0x00, 0x00,
  0x00, 0x00, 0x00, 0x00, 0x00, 0x00, 0x00, 0x00, 0x00, 0x00, 0x00, 0x00,
  0x00, 0x00, 0x00, 0x00, 0x00, 0x00, 0x00, 0x00, 0x00, 0x00, 0x00, 0x00,
  0x00, 0x00, 0x00, 0x00, 0x00, 0x00, 0x00, 0x00, 0x00, 0x00, 0x00, 0x00,
  0x00, 0x00, 0x00, 0x00, 0x00, 0x00, 0x00, 0x00, 0x00, 0x00, 0x00, 0x00,
  0x00, 0x00, 0x00, 0x00, 0x00, 0x00, 0x00, 0x00, 0x00, 0x00, 0x00, 0x00,
  0x00, 0x00, 0x00, 0x00, 0x00, 0x00, 0x00, 0x00, 0x00, 0x00, 0x00, 0x00,
  0x00, 0x00, 0x00, 0x00, 0x00, 0x00, 0x00, 0x00, 0x00, 0x00, 0x00, 0x00,
  0x00, 0x00, 0x00, 0x00, 0x00, 0x00, 0x00, 0x00, 0x00, 0x00, 0x00, 0x00,
  0x00, 0x00, 0x00, 0x00, 0x00, 0x00, 0x00, 0x00, 0x00, 0x00, 0x00, 0x00,
  0x00, 0x00, 0x00, 0x80, 0x00, 0x00, 0x00, 0xff, 0x00, 0x00, 0x00, 0xff,
  0x00, 0x00, 0x00, 0xff, 0x00, 0x00, 0x00, 0xff, 0x00, 0x00, 0x00, 0xff,
  0x00, 0x00, 0x00, 0xff, 0x00, 0x00, 0x00, 0xff, 0x52, 0x17, 0x0d, 0xff,
  0xa4, 0x2e, 0x1b, 0xff, 0xf7, 0x45, 0x29, 0xff, 0xf7, 0x49, 0x29, 0xff,
  0xf7, 0x49, 0x29, 0xff, 0xf7, 0x49, 0x29, 0xff, 0xf7, 0x49, 0x29, 0xff,
  0xf7, 0x49, 0x29, 0xff, 0xf7, 0x49, 0x29, 0xff, 0xf7, 0x49, 0x29, 0xff,
  0xf7, 0x49, 0x29, 0xff, 0xff, 0x49, 0x29, 0xff, 0xff, 0x49, 0x29, 0xff,
  0xff, 0x49, 0x29, 0xff, 0xff, 0x49, 0x29, 0xff, 0xf7, 0x45, 0x29, 0xff,
  0xf7, 0x45, 0x29, 0xff, 0xf7, 0x45, 0x29, 0xff, 0xf7, 0x45, 0x29, 0xff,
  0xf7, 0x45, 0x29, 0xff, 0xf7, 0x45, 0x29, 0xff, 0xa4, 0x2e, 0x1b, 0xff,
  0x52, 0x17, 0x0d, 0xff, 0x00, 0x00, 0x00, 0xff, 0x00, 0x00, 0x00, 0xff,
  0x00, 0x00, 0x00, 0xff, 0x00, 0x00, 0x00, 0xff, 0x00, 0x00, 0x00, 0xff,
  0x0f, 0x0f, 0x0f, 0xff, 0xfe, 0xcb, 0x01, 0xff, 0xfe, 0xcd, 0x01, 0xff,
  0xfe, 0xcd, 0x01, 0xff, 0xfe, 0xcd, 0x01, 0xff, 0xfe, 0xcd, 0x01, 0xff,
  0xfe, 0xcd, 0x01, 0xff, 0xfe, 0xcd, 0x01, 0xfe, 0xfe, 0xcd, 0x01, 0xfe,
  0xfe, 0xcd, 0x01, 0xfe, 0xfe, 0xcd, 0x01, 0xfe, 0xfe, 0xcd, 0x01, 0xfe,
  0xfe, 0xcd, 0x01, 0xfe, 0xfe, 0xcd, 0x01, 0xfe, 0xfe, 0xcd, 0x01, 0xfe,
  0xfe, 0xcd, 0x01, 0xfe, 0xfe, 0xcd, 0x01, 0xfe, 0xfe, 0xcd, 0x01, 0xfe,
  0xfe, 0xcd, 0x01, 0xfe, 0xfe, 0xcd, 0x01, 0xfe, 0xfe, 0xcd, 0x01, 0xfe,
  0xfe, 0xcd, 0x01, 0xfe, 0xfe, 0xcd, 0x01, 0xfe, 0xfe, 0xcd, 0x01, 0xfe,
  0xfe, 0xcd, 0x01, 0xfe, 0xfe, 0xcd, 0x01, 0xfe, 0xfe, 0xcd, 0x01, 0xfe,
  0xfe, 0xcd, 0x01, 0xfe, 0xfe, 0xcd, 0x01, 0xfe, 0xfe, 0xcd, 0x01, 0xfe,
  0xfe, 0xcd, 0x01, 0xfe, 0xfe, 0xcd, 0x01, 0xfe, 0xfe, 0xcd, 0x01, 0xfe,
  0xfe, 0xcd, 0x01, 0xfe, 0xfe, 0xcd, 0x01, 0xfe, 0xfe, 0xcd, 0x01, 0xfe,
  0xfe, 0xcd, 0x01, 0xfe, 0xfe, 0xcd, 0x01, 0xfe, 0xfe, 0xcd, 0x01, 0xfe,
  0xfe, 0xcd, 0x01, 0xfe, 0xfe, 0xcd, 0x01, 0xfe, 0xfe, 0xcd, 0x01, 0xfe,
  0xfe, 0xcd, 0x01, 0xfe, 0xfe, 0xcd, 0x01, 0xfe, 0xfe, 0xcd, 0x01, 0xfe,
  0xfe, 0xcd, 0x01, 0xfe, 0xfe, 0xcd, 0x01, 0xfe, 0xfe, 0xcd, 0x01, 0xfe,
  0xfe, 0xcd, 0x01, 0xfe, 0xfe, 0xcd, 0x01, 0xfe, 0xfe, 0xcd, 0x01, 0xfe,
  0xfe, 0xcd, 0x01, 0xfe, 0xfe, 0xcd, 0x01, 0xfe, 0xfe, 0xcd, 0x01, 0xfe,
  0xfe, 0xcd, 0x01, 0xfe, 0xfe, 0xcd, 0x01, 0xfe, 0xfe, 0xcd, 0x01, 0xfe,
  0xfe, 0xcd, 0x01, 0xfe, 0xfe, 0xcd, 0x01, 0xfe, 0xfe, 0xcd, 0x01, 0xfe,
  0xfe, 0xcd, 0x01, 0xfe, 0xfe, 0xcd, 0x01, 0xfe, 0xfe, 0xcd, 0x01, 0xfe,
  0xfe, 0xcd, 0x01, 0xfe, 0xfe, 0xcd, 0x01, 0xfe, 0xfe, 0xcd, 0x01, 0xfe,
  0xfe, 0xcd, 0x01, 0xfe, 0xfe, 0xcd, 0x01, 0xfe, 0xfe, 0xcd, 0x01, 0xfe,
  0xfe, 0xcd, 0x01, 0xfe, 0xfe, 0xcd, 0x01, 0xfe, 0xfe, 0xcd, 0x01, 0xfe,
  0xfe, 0xcd, 0x01, 0xfe, 0xfe, 0xcd, 0x01, 0xfe, 0xfe, 0xcd, 0x01, 0xfe,
  0xfe, 0xcd, 0x01, 0xfe, 0xfe, 0xcd, 0x01, 0xfe, 0xfe, 0xcd, 0x01, 0xfe,
  0xfe, 0xcd, 0x01, 0xfe, 0xfe, 0xcd, 0x01, 0xfe, 0xfe, 0xcd, 0x01, 0xfe,
  0xfe, 0xcd, 0x01, 0xfe, 0xfe, 0xcd, 0x01, 0xfe, 0xfe, 0xcd, 0x01, 0xfe,
  0xfe, 0xcd, 0x01, 0xfe, 0xfe, 0xcd, 0x01, 0xfe, 0xfe, 0xcd, 0x01, 0xfe,
  0xfe, 0xcd, 0x01, 0xfe, 0xfe, 0xcd, 0x01, 0xfe, 0xfe, 0xcd, 0x01, 0xfe,
  0xfe, 0xcd, 0x01, 0xfe, 0xfe, 0xcd, 0x01, 0xfe, 0xfe, 0xcd, 0x01, 0xfe,
  0xfe, 0xcd, 0x01, 0xfe, 0xfe, 0xcd, 0x01, 0xfe, 0xfe, 0xcd, 0x01, 0xfe,
  0xfe, 0xcd, 0x01, 0xfe, 0xfe, 0xcd, 0x01, 0xfe, 0xfe, 0xcd, 0x01, 0xfe,
  0xfe, 0xcd, 0x01, 0xfe, 0xfe, 0xcd, 0x01, 0xfe, 0xfe, 0xcd, 0x01, 0xfe,
  0xfe, 0xcd, 0x01, 0xfe, 0xfe, 0xcd, 0x01, 0xfe, 0xfe, 0xcd, 0x01, 0xfe,
  0xfe, 0xcd, 0x01, 0xfe, 0xfe, 0xcd, 0x01, 0xfe, 0xfe, 0xcd, 0x01, 0xfe,
  0xfe, 0xcd, 0x01, 0xfe, 0xfe, 0xcd, 0x01, 0xfe, 0xfe, 0xcd, 0x01, 0xfe,
  0xfe, 0xcd, 0x01, 0xfe, 0xfe, 0xcd, 0x01, 0xfe, 0xfe, 0xcd, 0x01, 0xfe,
  0xfe, 0xcd, 0x01, 0xfe, 0xfe, 0xcd, 0x01, 0xfe, 0xfe, 0xcd, 0x01, 0xfe,
  0xfe, 0xcd, 0x01, 0xfe, 0xfe, 0xcd, 0x01, 0xfe, 0xfe, 0xcd, 0x01, 0xfe,
  0xfe, 0xcd, 0x01, 0xfe, 0xfe, 0xcd, 0x01, 0xfe, 0xfe, 0xcd, 0x01, 0xfe,
  0xfe, 0xcd, 0x01, 0xfe, 0xfe, 0xcd, 0x01, 0xfe, 0xfe, 0xcd, 0x01, 0xfe,
  0xfe, 0xcd, 0x01, 0xfe, 0xfe, 0xcd, 0x01, 0xfe, 0xfe, 0xcd, 0x01, 0xfe,
  0xfe, 0xcd, 0x01, 0xfe, 0xfe, 0xcd, 0x01, 0xfe, 0xfe, 0xcd, 0x01, 0xfe,
  0xfe, 0xcd, 0x01, 0xfe, 0xfe, 0xcd, 0x01, 0xfe, 0xfe, 0xcd, 0x01, 0xfe,
  0xfe, 0xcd, 0x01, 0xfe, 0xfe, 0xcd, 0x01, 0xfe, 0xfe, 0xcd, 0x01, 0xfe,
  0xfe, 0xcd, 0x01, 0xfe, 0xfe, 0xcd, 0x01, 0xfe, 0xfe, 0xcd, 0x01, 0xfe,
  0xfe, 0xcd, 0x01, 0xfe, 0xfe, 0xcd, 0x01, 0xfe, 0xfe, 0xcd, 0x01, 0xfe,
  0xfe, 0xcd, 0x01, 0xfe, 0xfe, 0xcd, 0x01, 0xfe, 0xfe, 0xcd, 0x01, 0xfe,
  0xfe, 0xcd, 0x01, 0xfe, 0xfe, 0xcd, 0x01, 0xfe, 0xfe, 0xcd, 0x01, 0xfe,
  0xfe, 0xcd, 0x01, 0xfe, 0xfe, 0xcd, 0x01, 0xfe, 0xfe, 0xcd, 0x01, 0xfe,
  0xfe, 0xcd, 0x01, 0xfe, 0xfe, 0xcd, 0x01, 0xfe, 0xfe, 0xcd, 0x01, 0xfe,
  0xfe, 0xcd, 0x01, 0xfe, 0xfe, 0xcd, 0x01, 0xfe, 0xfe, 0xcd, 0x01, 0xfe,
  0xfe, 0xcd, 0x01, 0xfe, 0xfe, 0xcd, 0x01, 0xfe, 0xfe, 0xcd, 0x01, 0xfe,
  0xfe, 0xcd, 0x01, 0xff, 0xfe, 0xcd, 0x01, 0xff, 0xfe, 0xcd, 0x01, 0xff,
  0xfe, 0xcd, 0x01, 0xff, 0xfe, 0xcd, 0x01, 0xff, 0xfe, 0xcd, 0x01, 0xff,
  0xfe, 0xcd, 0x01, 0xff, 0xfe, 0xcd, 0x01, 0xff, 0xfe, 0xcd, 0x01, 0xff,
  0xfe, 0xcd, 0x01, 0xff, 0xfe, 0xcd, 0x01, 0xff, 0xfe, 0xcd, 0x01, 0xff,
  0xfe, 0xcd, 0x01, 0xff, 0xfe, 0xcd, 0x01, 0xff, 0xfe, 0xcd, 0x01, 0xff,
  0xfe, 0xcd, 0x01, 0xff, 0xfe, 0xcd, 0x01, 0xff, 0xfe, 0xcd, 0x01, 0xff,
  0xfe, 0xcd, 0x01, 0xff, 0xfe, 0xcd, 0x01, 0xff, 0xfe, 0xcd, 0x01, 0xff,
  0xfe, 0xcd, 0x01, 0xff, 0xfe, 0xcd, 0x01, 0xff, 0xfe, 0xcd, 0x01, 0xff,
  0xfe, 0xcd, 0x01, 0xff, 0xfe, 0xcd, 0x01, 0xff, 0xfe, 0xcd, 0x01, 0xff,
  0xfe, 0xcd, 0x01, 0xff, 0xfe, 0xcd, 0x01, 0xff, 0xfe, 0xcd, 0x01, 0xff,
  0xfe, 0xcd, 0x01, 0xff, 0xfe, 0xcd, 0x01, 0xff, 0xfe, 0xcd, 0x01, 0xff,
  0xfe, 0xcd, 0x01, 0xff, 0xfe, 0xcd, 0x01, 0xff, 0xfe, 0xcd, 0x01, 0xff,
  0xfe, 0xcd, 0x01, 0xff, 0x9f, 0x7f, 0x00, 0xfe, 0x2e, 0x25, 0x00, 0xff,
  0x00, 0x00, 0x00, 0xff, 0x00, 0x00, 0x00, 0xff, 0x00, 0x00, 0x00, 0xff,
  0x00, 0x00, 0x00, 0xff, 0x00, 0x00, 0x00, 0xff, 0x00, 0x00, 0x00, 0xff,
  0x00, 0x00, 0x00, 0xd0, 0x00, 0x00, 0x00, 0x36, 0x00, 0x00, 0x00, 0x00,
  0x00, 0x00, 0x00, 0x00, 0x00, 0x00, 0x00, 0x00, 0x00, 0x00, 0x00, 0x00,
  0x00, 0x00, 0x00, 0x00, 0x00, 0x00, 0x00, 0x00, 0x00, 0x00, 0x00, 0x00,
  0x00, 0x00, 0x00, 0x00, 0x00, 0x00, 0x00, 0x00, 0x00, 0x00, 0x00, 0x00,
  0x00, 0x00, 0x00, 0x00, 0x00, 0x00, 0x00, 0x00, 0x00, 0x00, 0x00, 0x00,
  0x00, 0x00, 0x00, 0x00, 0x00, 0x00, 0x00, 0x00, 0x00, 0x00, 0x00, 0x00,
  0x00, 0x00, 0x00, 0x00, 0x00, 0x00, 0x00, 0x00, 0x00, 0x00, 0x00, 0x00,
  0x00, 0x00, 0x00, 0x00, 0x00, 0x00, 0x00, 0x00, 0x00, 0x00, 0x00, 0x00,
  0x00, 0x00, 0x00, 0x00, 0x00, 0x00, 0x00, 0x00, 0x00, 0x00, 0x00, 0x00,
  0x00, 0x00, 0x00, 0x10, 0x00, 0x00, 0x00, 0xa3, 0x00, 0x00, 0x00, 0xff,
  0x00, 0x00, 0x00, 0xff, 0x00, 0x00, 0x00, 0xff, 0x00, 0x00, 0x00, 0xff,
  0x00, 0x00, 0x00, 0xff, 0x00, 0x00, 0x00, 0xff, 0x4f, 0x17, 0x0d, 0xff,
  0xb7, 0x36, 0x1e, 0xff, 0xf7, 0x49, 0x29, 0xff, 0xf7, 0x49, 0x29, 0xff,
  0xf7, 0x49, 0x29, 0xff, 0xf9, 0x47, 0x28, 0xff, 0xf9, 0x47, 0x28, 0xff,
  0xf9, 0x47, 0x28, 0xff, 0xf9, 0x47, 0x28, 0xff, 0xf9, 0x47, 0x28, 0xff,
  0xf9, 0x47, 0x28, 0xff, 0xf9, 0x47, 0x28, 0xff, 0xf9, 0x47, 0x28, 0xff,
  0xf9, 0x47, 0x28, 0xff, 0xf9, 0x47, 0x28, 0xff, 0xf9, 0x47, 0x28, 0xff,
  0xf9, 0x47, 0x28, 0xff, 0xf9, 0x47, 0x28, 0xff, 0xf9, 0x47, 0x28, 0xff,
  0xf9, 0x47, 0x28, 0xff, 0xf9, 0x47, 0x28, 0xff, 0xf9, 0x47, 0x28, 0xff,
  0xf9, 0x47, 0x28, 0xff, 0xf9, 0x47, 0x28, 0xff, 0xf9, 0x47, 0x28, 0xff,
  0xa4, 0x2e, 0x1b, 0xff, 0x52, 0x17, 0x0d, 0xff, 0x00, 0x00, 0x00, 0xff,
  0x00, 0x00, 0x00, 0xff, 0x00, 0x00, 0x00, 0xff, 0x00, 0x00, 0x00, 0xff,
  0x00, 0x00, 0x00, 0xff, 0xc6, 0xaa, 0x37, 0xff, 0xfe, 0xcd, 0x01, 0xff,
  0xfe, 0xcd, 0x01, 0xff, 0xfe, 0xcd, 0x01, 0xff, 0xfe, 0xcd, 0x01, 0xff,
  0xfe, 0xcd, 0x01, 0xff, 0xfe, 0xcd, 0x01, 0xfe, 0xfe, 0xcd, 0x01, 0xfe,
  0xfe, 0xcd, 0x01, 0xfe, 0xfe, 0xcd, 0x01, 0xfe, 0xfe, 0xcd, 0x01, 0xfe,
  0xfe, 0xcd, 0x01, 0xfe, 0xfe, 0xcd, 0x01, 0xfe, 0xfe, 0xcd, 0x01, 0xfe,
  0xfe, 0xcd, 0x01, 0xfe, 0xfe, 0xcd, 0x01, 0xfe, 0xfe, 0xcd, 0x01, 0xfe,
  0xfe, 0xcd, 0x01, 0xfe, 0xfe, 0xcd, 0x01, 0xfe, 0xfe, 0xcd, 0x01, 0xfe,
  0xfe, 0xcd, 0x01, 0xfe, 0xfe, 0xcd, 0x01, 0xfe, 0xfe, 0xcd, 0x01, 0xfe,
  0xfe, 0xcd, 0x01, 0xfe, 0xfe, 0xcd, 0x01, 0xfe, 0xfe, 0xcd, 0x01, 0xfe,
  0xfe, 0xcd, 0x01, 0xfe, 0xfe, 0xcd, 0x01, 0xfe, 0xfe, 0xcd, 0x01, 0xfe,
  0xfe, 0xcd, 0x01, 0xfe, 0xfe, 0xcd, 0x01, 0xfe, 0xfe, 0xcd, 0x01, 0xfe,
  0xfe, 0xcd, 0x01, 0xfe, 0xfe, 0xcd, 0x01, 0xfe, 0xfe, 0xcd, 0x01, 0xfe,
  0xfe, 0xcd, 0x01, 0xfe, 0xfe, 0xcd, 0x01, 0xfe, 0xfe, 0xcd, 0x01, 0xfe,
  0xfe, 0xcd, 0x01, 0xfe, 0xfe, 0xcd, 0x01, 0xfe, 0xfe, 0xcd, 0x01, 0xfe,
  0xfe, 0xcd, 0x01, 0xfe, 0xfe, 0xcd, 0x01, 0xfe, 0xfe, 0xcd, 0x01, 0xfe,
  0xfe, 0xcd, 0x01, 0xfe, 0xfe, 0xcd, 0x01, 0xfe, 0xfe, 0xcd, 0x01, 0xfe,
  0xfe, 0xcd, 0x01, 0xfe, 0xfe, 0xcd, 0x01, 0xfe, 0xfe, 0xcd, 0x01, 0xfe,
  0xfe, 0xcd, 0x01, 0xfe, 0xfe, 0xcd, 0x01, 0xfe, 0xfe, 0xcd, 0x01, 0xfe,
  0xfe, 0xcd, 0x01, 0xfe, 0xfe, 0xcd, 0x01, 0xfe, 0xfe, 0xcd, 0x01, 0xfe,
  0xfe, 0xcd, 0x01, 0xfe, 0xfe, 0xcd, 0x01, 0xfe, 0xfe, 0xcd, 0x01, 0xfe,
  0xfe, 0xcd, 0x01, 0xfe, 0xfe, 0xcd, 0x01, 0xfe, 0xfe, 0xcd, 0x01, 0xfe,
  0xfe, 0xcd, 0x01, 0xfe, 0xfe, 0xcd, 0x01, 0xfe, 0xfe, 0xcd, 0x01, 0xfe,
  0xfe, 0xcd, 0x01, 0xfe, 0xfe, 0xcd, 0x01, 0xfe, 0xfe, 0xcd, 0x01, 0xfe,
  0xfe, 0xcd, 0x01, 0xfe, 0xfe, 0xcd, 0x01, 0xfe, 0xfe, 0xcd, 0x01, 0xfe,
  0xfe, 0xcd, 0x01, 0xfe, 0xfe, 0xcd, 0x01, 0xfe, 0xfe, 0xcd, 0x01, 0xfe,
  0xfe, 0xcd, 0x01, 0xfe, 0xfe, 0xcd, 0x01, 0xfe, 0xfe, 0xcd, 0x01, 0xfe,
  0xfe, 0xcd, 0x01, 0xfe, 0xfe, 0xcd, 0x01, 0xfe, 0xfe, 0xcd, 0x01, 0xfe,
  0xfe, 0xcd, 0x01, 0xfe, 0xfe, 0xcd, 0x01, 0xfe, 0xfe, 0xcd, 0x01, 0xfe,
  0xfe, 0xcd, 0x01, 0xfe, 0xfe, 0xcd, 0x01, 0xfe, 0xfe, 0xcd, 0x01, 0xfe,
  0xfe, 0xcd, 0x01, 0xfe, 0xfe, 0xcd, 0x01, 0xfe, 0xfe, 0xcd, 0x01, 0xfe,
  0xfe, 0xcd, 0x01, 0xfe, 0xfe, 0xcd, 0x01, 0xfe, 0xfe, 0xcd, 0x01, 0xfe,
  0xfe, 0xcd, 0x01, 0xfe, 0xfe, 0xcd, 0x01, 0xfe, 0xfe, 0xcd, 0x01, 0xfe,
  0xfe, 0xcd, 0x01, 0xfe, 0xfe, 0xcd, 0x01, 0xfe, 0xfe, 0xcd, 0x01, 0xfe,
  0xfe, 0xcd, 0x01, 0xfe, 0xfe, 0xcd, 0x01, 0xfe, 0xfe, 0xcd, 0x01, 0xfe,
  0xfe, 0xcd, 0x01, 0xfe, 0xfe, 0xcd, 0x01, 0xfe, 0xfe, 0xcd, 0x01, 0xfe,
  0xfe, 0xcd, 0x01, 0xfe, 0xfe, 0xcd, 0x01, 0xfe, 0xfe, 0xcd, 0x01, 0xfe,
  0xfe, 0xcd, 0x01, 0xfe, 0xfe, 0xcd, 0x01, 0xfe, 0xfe, 0xcd, 0x01, 0xfe,
  0xfe, 0xcd, 0x01, 0xfe, 0xfe, 0xcd, 0x01, 0xfe, 0xfe, 0xcd, 0x01, 0xfe,
  0xfe, 0xcd, 0x01, 0xfe, 0xfe, 0xcd, 0x01, 0xfe, 0xfe, 0xcd, 0x01, 0xfe,
  0xfe, 0xcd, 0x01, 0xfe, 0xfe, 0xcd, 0x01, 0xfe, 0xfe, 0xcd, 0x01, 0xfe,
  0xfe, 0xcd, 0x01, 0xfe, 0xfe, 0xcd, 0x01, 0xfe, 0xfe, 0xcd, 0x01, 0xfe,
  0xfe, 0xcd, 0x01, 0xfe, 0xfe, 0xcd, 0x01, 0xfe, 0xfe, 0xcd, 0x01, 0xfe,
  0xfe, 0xcd, 0x01, 0xfe, 0xfe, 0xcd, 0x01, 0xfe, 0xfe, 0xcd, 0x01, 0xfe,
  0xfe, 0xcd, 0x01, 0xfe, 0xfe, 0xcd, 0x01, 0xfe, 0xfe, 0xcd, 0x01, 0xfe,
  0xfe, 0xcd, 0x01, 0xfe, 0xfe, 0xcd, 0x01, 0xfe, 0xfe, 0xcd, 0x01, 0xfe,
  0xfe, 0xcd, 0x01, 0xfe, 0xfe, 0xcd, 0x01, 0xfe, 0xfe, 0xcd, 0x01, 0xfe,
  0xfe, 0xcd, 0x01, 0xfe, 0xfe, 0xcd, 0x01, 0xfe, 0xfe, 0xcd, 0x01, 0xfe,
  0xfe, 0xcd, 0x01, 0xfe, 0xfe, 0xcd, 0x01, 0xfe, 0xfe, 0xcd, 0x01, 0xfe,
  0xfe, 0xcd, 0x01, 0xfe, 0xfe, 0xcd, 0x01, 0xfe, 0xfe, 0xcd, 0x01, 0xfe,
  0xfe, 0xcd, 0x01, 0xfe, 0xfe, 0xcd, 0x01, 0xfe, 0xfe, 0xcd, 0x01, 0xfe,
  0xfe, 0xcd, 0x01, 0xfe, 0xfe, 0xcd, 0x01, 0xfe, 0xfe, 0xcd, 0x01, 0xfe,
  0xfe, 0xcd, 0x01, 0xfe, 0xfe, 0xcd, 0x01, 0xfe, 0xfe, 0xcd, 0x01, 0xfe,
  0xfe, 0xcd, 0x01, 0xfe, 0xfe, 0xcd, 0x01, 0xfe, 0xfe, 0xcd, 0x01, 0xfe,
  0xfe, 0xcd, 0x01, 0xfe, 0xfe, 0xcd, 0x01, 0xfe, 0xfe, 0xcd, 0x01, 0xff,
  0xfe, 0xcd, 0x01, 0xff, 0xfe, 0xcd, 0x01, 0xff, 0xfe, 0xcd, 0x01, 0xff,
  0xfe, 0xcd, 0x01, 0xff, 0xfe, 0xcd, 0x01, 0xff, 0xfe, 0xcd, 0x01, 0xff,
  0xfe, 0xcd, 0x01, 0xff, 0xfe, 0xcd, 0x01, 0xff, 0xfe, 0xcd, 0x01, 0xff,
  0xfe, 0xcd, 0x01, 0xff, 0xfe, 0xcd, 0x01, 0xff, 0xfe, 0xcd, 0x01, 0xff,
  0xfe, 0xcd, 0x01, 0xff, 0xfe, 0xcd, 0x01, 0xff, 0xfe, 0xcd, 0x01, 0xff,
  0xfe, 0xcd, 0x01, 0xff, 0xfe, 0xcd, 0x01, 0xff, 0xfe, 0xcd, 0x01, 0xff,
  0xfe, 0xcd, 0x01, 0xff, 0xfe, 0xcd, 0x01, 0xff, 0xfe, 0xcd, 0x01, 0xff,
  0xfe, 0xcd, 0x01, 0xff, 0xfe, 0xcd, 0x01, 0xff, 0xfe, 0xcd, 0x01, 0xff,
  0xfe, 0xcd, 0x01, 0xff, 0xfe, 0xcd, 0x01, 0xff, 0xfe, 0xcd, 0x01, 0xff,
  0xfe, 0xcd, 0x01, 0xff, 0xfe, 0xcd, 0x01, 0xff, 0xfe, 0xcd, 0x01, 0xff,
  0xfe, 0xcd, 0x01, 0xff, 0xfe, 0xcd, 0x01, 0xff, 0xfe, 0xcd, 0x01, 0xff,
  0xfe, 0xcd, 0x01, 0xff, 0xfe, 0xcd, 0x01, 0xff, 0xfe, 0xcd, 0x01, 0xff,
  0xfe, 0xcd, 0x01, 0xff, 0xfe, 0xcd, 0x01, 0xff, 0xbf, 0x99, 0x00, 0xfe,
  0x2f, 0x25, 0x00, 0xff, 0x00, 0x00, 0x00, 0xff, 0x00, 0x00, 0x00, 0xff,
  0x00, 0x00, 0x00, 0xff, 0x00, 0x00, 0x00, 0xff, 0x00, 0x00, 0x00, 0xff,
  0x00, 0x00, 0x00, 0xf0, 0x00, 0x00, 0x00, 0x60, 0x00, 0x00, 0x00, 0x00,
  0x00, 0x00, 0x00, 0x00, 0x00, 0x00, 0x00, 0x00, 0x00, 0x00, 0x00, 0x00,
  0x00, 0x00, 0x00, 0x00, 0x00, 0x00, 0x00, 0x00, 0x00, 0x00, 0x00, 0x00,
  0x00, 0x00, 0x00, 0x00, 0x00, 0x00, 0x00, 0x00, 0x00, 0x00, 0x00, 0x00,
  0x00, 0x00, 0x00, 0x00, 0x00, 0x00, 0x00, 0x00, 0x00, 0x00, 0x00, 0x00,
  0x00, 0x00, 0x00, 0x00, 0x00, 0x00, 0x00, 0x00, 0x00, 0x00, 0x00, 0x00,
  0x00, 0x00, 0x00, 0x00, 0x00, 0x00, 0x00, 0x00, 0x00, 0x00, 0x00, 0x00,
  0x00, 0x00, 0x00, 0x00, 0x00, 0x00, 0x00, 0x00, 0x00, 0x00, 0x00, 0x00,
  0x00, 0x00, 0x00, 0x00, 0x00, 0x00, 0x00, 0x10, 0x00, 0x00, 0x00, 0xd3,
  0x00, 0x00, 0x00, 0xff, 0x00, 0x00, 0x00, 0xff, 0x00, 0x00, 0x00, 0xff,
  0x00, 0x00, 0x00, 0xff, 0x00, 0x00, 0x00, 0xff, 0x00, 0x00, 0x00, 0xff,
  0x9f, 0x2e, 0x1b, 0xff, 0xef, 0x45, 0x29, 0xff, 0xf7, 0x49, 0x29, 0xff,
  0xf7, 0x49, 0x29, 0xff, 0xf7, 0x49, 0x29, 0xff, 0xf7, 0x49, 0x29, 0xff,
  0xf9, 0x47, 0x28, 0xff, 0xf9, 0x47, 0x28, 0xff, 0xf9, 0x47, 0x28, 0xff,
  0xf9, 0x47, 0x28, 0xff, 0xf9, 0x47, 0x28, 0xff, 0xf9, 0x47, 0x28, 0xff,
  0xf9, 0x47, 0x28, 0xff, 0xf9, 0x47, 0x28, 0xff, 0xf9, 0x47, 0x28, 0xff,
  0xf9, 0x47, 0x28, 0xff, 0xf9, 0x47, 0x28, 0xff, 0xf9, 0x47, 0x28, 0xff,
  0xf9, 0x47, 0x28, 0xff, 0xf9, 0x47, 0x28, 0xff, 0xf9, 0x47, 0x28, 0xff,
  0xf9, 0x47, 0x28, 0xff, 0xf9, 0x47, 0x28, 0xff, 0xf9, 0x47, 0x28, 0xff,
  0xf9, 0x47, 0x28, 0xff, 0xf9, 0x47, 0x28, 0xff, 0xf7, 0x45, 0x29, 0xff,
  0xf7, 0x45, 0x29, 0xff, 0xa4, 0x2e, 0x1b, 0xff, 0x00, 0x00, 0x00, 0xff,
  0x00, 0x00, 0x00, 0xff, 0x00, 0x00, 0x00, 0xff, 0x00, 0x00, 0x00, 0xff,
  0x00, 0x00, 0x00, 0xff, 0x94, 0x84, 0x3e, 0xff, 0xfe, 0xcd, 0x01, 0xff,
  0xfe, 0xcd, 0x01, 0xff, 0xfe, 0xcd, 0x01, 0xff, 0xfe, 0xcd, 0x01, 0xff,
  0xfe, 0xcd, 0x01, 0xff, 0xfe, 0xcd, 0x01, 0xfe, 0xfe, 0xcd, 0x01, 0xfe,
  0xfe, 0xcd, 0x01, 0xfe, 0xfe, 0xcd, 0x01, 0xfe, 0xfe, 0xcd, 0x01, 0xfe,
  0xfe, 0xcd, 0x01, 0xfe, 0xfe, 0xcd, 0x01, 0xfe, 0xfe, 0xcd, 0x01, 0xfe,
  0xfe, 0xcd, 0x01, 0xfe, 0xfe, 0xcd, 0x01, 0xfe, 0xfe, 0xcd, 0x01, 0xfe,
  0xfe, 0xcd, 0x01, 0xfe, 0xfe, 0xcd, 0x01, 0xfe, 0xfe, 0xcd, 0x01, 0xfe,
  0xfe, 0xcd, 0x01, 0xfe, 0xfe, 0xcd, 0x01, 0xfe, 0xfe, 0xcd, 0x01, 0xfe,
  0xfe, 0xcd, 0x01, 0xfe, 0xfe, 0xcd, 0x01, 0xfe, 0xfe, 0xcd, 0x01, 0xfe,
  0xfe, 0xcd, 0x01, 0xfe, 0xfe, 0xcd, 0x01, 0xfe, 0xfe, 0xcd, 0x01, 0xfe,
  0xfe, 0xcd, 0x01, 0xfe, 0xfe, 0xcd, 0x01, 0xfe, 0xfe, 0xcd, 0x01, 0xfe,
  0xfe, 0xcd, 0x01, 0xfe, 0xfe, 0xcd, 0x01, 0xfe, 0xfe, 0xcd, 0x01, 0xfe,
  0xfe, 0xcd, 0x01, 0xfe, 0xfe, 0xcd, 0x01, 0xfe, 0xfe, 0xcd, 0x01, 0xfe,
  0xfe, 0xcd, 0x01, 0xfe, 0xfe, 0xcd, 0x01, 0xfe, 0xfe, 0xcd, 0x01, 0xfe,
  0xfe, 0xcd, 0x01, 0xfe, 0xfe, 0xcd, 0x01, 0xfe, 0xfe, 0xcd, 0x01, 0xfe,
  0xfe, 0xcd, 0x01, 0xfe, 0xfe, 0xcd, 0x01, 0xfe, 0xfe, 0xcd, 0x01, 0xfe,
  0xfe, 0xcd, 0x01, 0xfe, 0xfe, 0xcd, 0x01, 0xfe, 0xfe, 0xcd, 0x01, 0xfe,
  0xfe, 0xcd, 0x01, 0xfe, 0xfe, 0xcd, 0x01, 0xfe, 0xfe, 0xcd, 0x01, 0xfe,
  0xfe, 0xcd, 0x01, 0xfe, 0xfe, 0xcd, 0x01, 0xfe, 0xfe, 0xcd, 0x01, 0xfe,
  0xfe, 0xcd, 0x01, 0xfe, 0xfe, 0xcd, 0x01, 0xfe, 0xfe, 0xcd, 0x01, 0xfe,
  0xfe, 0xcd, 0x01, 0xfe, 0xfe, 0xcd, 0x01, 0xfe, 0xfe, 0xcd, 0x01, 0xfe,
  0xfe, 0xcd, 0x01, 0xfe, 0xfe, 0xcd, 0x01, 0xfe, 0xfe, 0xcd, 0x01, 0xfe,
  0xfe, 0xcd, 0x01, 0xfe, 0xfe, 0xcd, 0x01, 0xfe, 0xfe, 0xcd, 0x01, 0xfe,
  0xfe, 0xcd, 0x01, 0xfe, 0xfe, 0xcd, 0x01, 0xfe, 0xfe, 0xcd, 0x01, 0xfe,
  0xfe, 0xcd, 0x01, 0xfe, 0xfe, 0xcd, 0x01, 0xfe, 0xfe, 0xcd, 0x01, 0xfe,
  0xfe, 0xcd, 0x01, 0xfe, 0xfe, 0xcd, 0x01, 0xfe, 0xfe, 0xcd, 0x01, 0xfe,
  0xfe, 0xcd, 0x01, 0xfe, 0xfe, 0xcd, 0x01, 0xfe, 0xfe, 0xcd, 0x01, 0xfe,
  0xfe, 0xcd, 0x01, 0xfe, 0xfe, 0xcd, 0x01, 0xfe, 0xfe, 0xcd, 0x01, 0xfe,
  0xfe, 0xcd, 0x01, 0xfe, 0xfe, 0xcd, 0x01, 0xfe, 0xfe, 0xcd, 0x01, 0xfe,
  0xfe, 0xcd, 0x01, 0xfe, 0xfe, 0xcd, 0x01, 0xfe, 0xfe, 0xcd, 0x01, 0xfe,
  0xfe, 0xcd, 0x01, 0xfe, 0xfe, 0xcd, 0x01, 0xfe, 0xfe, 0xcd, 0x01, 0xfe,
  0xfe, 0xcd, 0x01, 0xfe, 0xfe, 0xcd, 0x01, 0xfe, 0xfe, 0xcd, 0x01, 0xfe,
  0xfe, 0xcd, 0x01, 0xfe, 0xfe, 0xcd, 0x01, 0xfe, 0xfe, 0xcd, 0x01, 0xfe,
  0xfe, 0xcd, 0x01, 0xfe, 0xfe, 0xcd, 0x01, 0xfe, 0xfe, 0xcd, 0x01, 0xfe,
  0xfe, 0xcd, 0x01, 0xfe, 0xfe, 0xcd, 0x01, 0xfe, 0xfe, 0xcd, 0x01, 0xfe,
  0xfe, 0xcd, 0x01, 0xfe, 0xfe, 0xcd, 0x01, 0xfe, 0xfe, 0xcd, 0x01, 0xfe,
  0xfe, 0xcd, 0x01, 0xfe, 0xfe, 0xcd, 0x01, 0xfe, 0xfe, 0xcd, 0x01, 0xfe,
  0xfe, 0xcd, 0x01, 0xfe, 0xfe, 0xcd, 0x01, 0xfe, 0xfe, 0xcd, 0x01, 0xfe,
  0xfe, 0xcd, 0x01, 0xfe, 0xfe, 0xcd, 0x01, 0xfe, 0xfe, 0xcd, 0x01, 0xfe,
  0xfe, 0xcd, 0x01, 0xfe, 0xfe, 0xcd, 0x01, 0xfe, 0xfe, 0xcd, 0x01, 0xfe,
  0xfe, 0xcd, 0x01, 0xfe, 0xfe, 0xcd, 0x01, 0xfe, 0xfe, 0xcd, 0x01, 0xfe,
  0xfe, 0xcd, 0x01, 0xfe, 0xfe, 0xcd, 0x01, 0xfe, 0xfe, 0xcd, 0x01, 0xfe,
  0xfe, 0xcd, 0x01, 0xfe, 0xfe, 0xcd, 0x01, 0xfe, 0xfe, 0xcd, 0x01, 0xfe,
  0xfe, 0xcd, 0x01, 0xfe, 0xfe, 0xcd, 0x01, 0xfe, 0xfe, 0xcd, 0x01, 0xfe,
  0xfe, 0xcd, 0x01, 0xfe, 0xfe, 0xcd, 0x01, 0xfe, 0xfe, 0xcd, 0x01, 0xfe,
  0xfe, 0xcd, 0x01, 0xfe, 0xfe, 0xcd, 0x01, 0xfe, 0xfe, 0xcd, 0x01, 0xfe,
  0xfe, 0xcd, 0x01, 0xfe, 0xfe, 0xcd, 0x01, 0xfe, 0xfe, 0xcd, 0x01, 0xfe,
  0xfe, 0xcd, 0x01, 0xfe, 0xfe, 0xcd, 0x01, 0xfe, 0xfe, 0xcd, 0x01, 0xfe,
  0xfe, 0xcd, 0x01, 0xfe, 0xfe, 0xcd, 0x01, 0xfe, 0xfe, 0xcd, 0x01, 0xfe,
  0xfe, 0xcd, 0x01, 0xfe, 0xfe, 0xcd, 0x01, 0xfe, 0xfe, 0xcd, 0x01, 0xfe,
  0xfe, 0xcd, 0x01, 0xfe, 0xfe, 0xcd, 0x01, 0xfe, 0xfe, 0xcd, 0x01, 0xfe,
  0xfe, 0xcd, 0x01, 0xfe, 0xfe, 0xcd, 0x01, 0xfe, 0xfe, 0xcd, 0x01, 0xfe,
  0xfe, 0xcd, 0x01, 0xfe, 0xfe, 0xcd, 0x01, 0xfe, 0xfe, 0xcd, 0x01, 0xfe,
  0xfe, 0xcd, 0x01, 0xfe, 0xfe, 0xcd, 0x01, 0xff, 0xfe, 0xcd, 0x01, 0xff,
  0xfe, 0xcd, 0x01, 0xff, 0xfe, 0xcd, 0x01, 0xff, 0xfe, 0xcd, 0x01, 0xff,
  0xfe, 0xcd, 0x01, 0xff, 0xfe, 0xcd, 0x01, 0xff, 0xfe, 0xcd, 0x01, 0xff,
  0xfe, 0xcd, 0x01, 0xff, 0xfe, 0xcd, 0x01, 0xff, 0xfe, 0xcd, 0x01, 0xff,
  0xfe, 0xcd, 0x01, 0xff, 0xfe, 0xcd, 0x01, 0xff, 0xfe, 0xcd, 0x01, 0xff,
  0xfe, 0xcd, 0x01, 0xff, 0xfe, 0xcd, 0x01, 0xff, 0xfe, 0xcd, 0x01, 0xff,
  0xfe, 0xcd, 0x01, 0xff, 0xfe, 0xcd, 0x01, 0xff, 0xfe, 0xcd, 0x01, 0xff,
  0xfe, 0xcd, 0x01, 0xff, 0xfe, 0xcd, 0x01, 0xff, 0xfe, 0xcd, 0x01, 0xff,
  0xfe, 0xcd, 0x01, 0xff, 0xfe, 0xcd, 0x01, 0xff, 0xfe, 0xcd, 0x01, 0xff,
  0xfe, 0xcd, 0x01, 0xff, 0xfe, 0xcd, 0x01, 0xff, 0xfe, 0xcd, 0x01, 0xff,
  0xfe, 0xcd, 0x01, 0xff, 0xfe, 0xcd, 0x01, 0xff, 0xfe, 0xcd, 0x01, 0xff,
  0xfe, 0xcd, 0x01, 0xff, 0xfe, 0xcd, 0x01, 0xff, 0xfe, 0xcd, 0x01, 0xff,
  0xfe, 0xcd, 0x01, 0xff, 0xfe, 0xcd, 0x01, 0xff, 0xfe, 0xcd, 0x01, 0xff,
  0xfe, 0xcd, 0x01, 0xff, 0xfe, 0xcd, 0x01, 0xff, 0xfe, 0xcd, 0x01, 0xff,
  0x96, 0x78, 0x00, 0xfe, 0x0f, 0x0c, 0x00, 0xff, 0x00, 0x00, 0x00, 0xff,
  0x00, 0x00, 0x00, 0xff, 0x00, 0x00, 0x00, 0xff, 0x00, 0x00, 0x00, 0xff,
  0x00, 0x00, 0x00, 0xff, 0x00, 0x00, 0x00, 0x60, 0x00, 0x00, 0x00, 0x00,
  0x00, 0x00, 0x00, 0x00, 0x00, 0x00, 0x00, 0x00, 0x00, 0x00, 0x00, 0x00,
  0x00, 0x00, 0x00, 0x00, 0x00, 0x00, 0x00, 0x00, 0x00, 0x00, 0x00, 0x00,
  0x00, 0x00, 0x00, 0x00, 0x00, 0x00, 0x00, 0x00, 0x00, 0x00, 0x00, 0x00,
  0x00, 0x00, 0x00, 0x00, 0x00, 0x00, 0x00, 0x00, 0x00, 0x00, 0x00, 0x00,
  0x00, 0x00, 0x00, 0x00, 0x00, 0x00, 0x00, 0x00, 0x00, 0x00, 0x00, 0x00,
  0x00, 0x00, 0x00, 0x00, 0x00, 0x00, 0x00, 0x00, 0x00, 0x00, 0x00, 0x00,
  0x00, 0x00, 0x00, 0x00, 0x00, 0x00, 0x00, 0x00, 0x00, 0x00, 0x00, 0x10,
  0x00, 0x00, 0x00, 0xd3, 0x00, 0x00, 0x00, 0xff, 0x00, 0x00, 0x00, 0xff,
  0x00, 0x00, 0x00, 0xff, 0x00, 0x00, 0x00, 0xff, 0x00, 0x00, 0x00, 0xff,
  0x4f, 0x17, 0x0d, 0xff, 0xef, 0x45, 0x29, 0xff, 0xef, 0x45, 0x29, 0xff,
  0xef, 0x45, 0x29, 0xff, 0xf7, 0x49, 0x29, 0xff, 0xf7, 0x49, 0x29, 0xff,
  0xf7, 0x49, 0x29, 0xff, 0xf7, 0x49, 0x29, 0xff, 0xf9, 0x47, 0x28, 0xff,
  0xf9, 0x47, 0x28, 0xff, 0xf9, 0x47, 0x28, 0xff, 0xf9, 0x47, 0x28, 0xff,
  0xf9, 0x47, 0x28, 0xff, 0xf9, 0x47, 0x28, 0xff, 0xf9, 0x47, 0x28, 0xff,
  0xf9, 0x47, 0x28, 0xff, 0xf9, 0x47, 0x28, 0xff, 0xf9, 0x47, 0x28, 0xff,
  0xf9, 0x47, 0x28, 0xff, 0xf9, 0x47, 0x28, 0xff, 0xf9, 0x47, 0x28, 0xff,
  0xf9, 0x47, 0x28, 0xff, 0xf9, 0x47, 0x28, 0xff, 0xf9, 0x47, 0x28, 0xff,
  0xf9, 0x47, 0x28, 0xff, 0xf9, 0x47, 0x28, 0xff, 0xf9, 0x47, 0x28, 0xff,
  0xf9, 0x47, 0x28, 0xff, 0xf7, 0x45, 0x29, 0xff, 0xf7, 0x45, 0x29, 0xff,
  0xf7, 0x45, 0x29, 0xff, 0xf7, 0x45, 0x29, 0xff, 0x52, 0x18, 0x0d, 0xff,
  0x00, 0x00, 0x00, 0xff, 0x00, 0x00, 0x00, 0xff, 0x00, 0x00, 0x00, 0xff,
  0x00, 0x00, 0x00, 0xff, 0x94, 0x84, 0x3e, 0xff, 0xfe, 0xcd, 0x01, 0xff,
  0xfe, 0xcd, 0x01, 0xff, 0xfe, 0xcd, 0x01, 0xff, 0xfe, 0xcd, 0x01, 0xff,
  0xfe, 0xcd, 0x01, 0xff, 0xfe, 0xcd, 0x01, 0xfe, 0xfe, 0xcd, 0x01, 0xfe,
  0xfe, 0xcd, 0x01, 0xfe, 0xfe, 0xcd, 0x01, 0xfe, 0xfe, 0xcd, 0x01, 0xfe,
  0xfe, 0xcd, 0x01, 0xfe, 0xfe, 0xcd, 0x01, 0xfe, 0xfe, 0xcd, 0x01, 0xfe,
  0xfe, 0xcd, 0x01, 0xfe, 0xfe, 0xcd, 0x01, 0xfe, 0xfe, 0xcd, 0x01, 0xfe,
  0xfe, 0xcd, 0x01, 0xfe, 0xfe, 0xcd, 0x01, 0xfe, 0xfe, 0xcd, 0x01, 0xfe,
  0xfe, 0xcd, 0x01, 0xfe, 0xfe, 0xcd, 0x01, 0xfe, 0xfe, 0xcd, 0x01, 0xfe,
  0xfe, 0xcd, 0x01, 0xfe, 0xfe, 0xcd, 0x01, 0xfe, 0xfe, 0xcd, 0x01, 0xfe,
  0xfe, 0xcd, 0x01, 0xfe, 0xfe, 0xcd, 0x01, 0xfe, 0xfe, 0xcd, 0x01, 0xfe,
  0xfe, 0xcd, 0x01, 0xfe, 0xfe, 0xcd, 0x01, 0xfe, 0xfe, 0xcd, 0x01, 0xfe,
  0xfe, 0xcd, 0x01, 0xfe, 0xfe, 0xcd, 0x01, 0xfe, 0xfe, 0xcd, 0x01, 0xfe,
  0xfe, 0xcd, 0x01, 0xfe, 0xfe, 0xcd, 0x01, 0xfe, 0xfe, 0xcd, 0x01, 0xfe,
  0xfe, 0xcd, 0x01, 0xfe, 0xfe, 0xcd, 0x01, 0xfe, 0xfe, 0xcd, 0x01, 0xfe,
  0xfe, 0xcd, 0x01, 0xfe, 0xfe, 0xcd, 0x01, 0xfe, 0xfe, 0xcd, 0x01, 0xfe,
  0xfe, 0xcd, 0x01, 0xfe, 0xfe, 0xcd, 0x01, 0xfe, 0xfe, 0xcd, 0x01, 0xfe,
  0xfe, 0xcd, 0x01, 0xfe, 0xfe, 0xcd, 0x01, 0xfe, 0xfe, 0xcd, 0x01, 0xfe,
  0xfe, 0xcd, 0x01, 0xfe, 0xfe, 0xcd, 0x01, 0xfe, 0xfe, 0xcd, 0x01, 0xfe,
  0xfe, 0xcd, 0x01, 0xfe, 0xfe, 0xcd, 0x01, 0xfe, 0xfe, 0xcd, 0x01, 0xfe,
  0xfe, 0xcd, 0x01, 0xfe, 0xfe, 0xcd, 0x01, 0xfe, 0xfe, 0xcd, 0x01, 0xfe,
  0xfe, 0xcd, 0x01, 0xfe, 0xfe, 0xcd, 0x01, 0xfe, 0xfe, 0xcd, 0x01, 0xfe,
  0xfe, 0xcd, 0x01, 0xfe, 0xfe, 0xcd, 0x01, 0xfe, 0xfe, 0xcd, 0x01, 0xfe,
  0xfe, 0xcd, 0x01, 0xfe, 0xfe, 0xcd, 0x01, 0xfe, 0xfe, 0xcd, 0x01, 0xfe,
  0xfe, 0xcd, 0x01, 0xfe, 0xfe, 0xcd, 0x01, 0xfe, 0xfe, 0xcd, 0x01, 0xfe,
  0xfe, 0xcd, 0x01, 0xfe, 0xfe, 0xcd, 0x01, 0xfe, 0xfe, 0xcd, 0x01, 0xfe,
  0xfe, 0xcd, 0x01, 0xfe, 0xfe, 0xcd, 0x01, 0xfe, 0xfe, 0xcd, 0x01, 0xfe,
  0xfe, 0xcd, 0x01, 0xfe, 0xfe, 0xcd, 0x01, 0xfe, 0xfe, 0xcd, 0x01, 0xfe,
  0xfe, 0xcd, 0x01, 0xfe, 0xfe, 0xcd, 0x01, 0xfe, 0xfe, 0xcd, 0x01, 0xfe,
  0xfe, 0xcd, 0x01, 0xfe, 0xfe, 0xcd, 0x01, 0xfe, 0xfe, 0xcd, 0x01, 0xfe,
  0xfe, 0xcd, 0x01, 0xfe, 0xfe, 0xcd, 0x01, 0xfe, 0xfe, 0xcd, 0x01, 0xfe,
  0xfe, 0xcd, 0x01, 0xfe, 0xfe, 0xcd, 0x01, 0xfe, 0xfe, 0xcd, 0x01, 0xfe,
  0xfe, 0xcd, 0x01, 0xfe, 0xfe, 0xcd, 0x01, 0xfe, 0xfe, 0xcd, 0x01, 0xfe,
  0xfe, 0xcd, 0x01, 0xfe, 0xfe, 0xcd, 0x01, 0xfe, 0xfe, 0xcd, 0x01, 0xfe,
  0xfe, 0xcd, 0x01, 0xfe, 0xfe, 0xcd, 0x01, 0xfe, 0xfe, 0xcd, 0x01, 0xfe,
  0xfe, 0xcd, 0x01, 0xfe, 0xfe, 0xcd, 0x01, 0xfe, 0xfe, 0xcd, 0x01, 0xfe,
  0xfe, 0xcd, 0x01, 0xfe, 0xfe, 0xcd, 0x01, 0xfe, 0xfe, 0xcd, 0x01, 0xfe,
  0xfe, 0xcd, 0x01, 0xfe, 0xfe, 0xcd, 0x01, 0xfe, 0xfe, 0xcd, 0x01, 0xfe,
  0xfe, 0xcd, 0x01, 0xfe, 0xfe, 0xcd, 0x01, 0xfe, 0xfe, 0xcd, 0x01, 0xfe,
  0xfe, 0xcd, 0x01, 0xfe, 0xfe, 0xcd, 0x01, 0xfe, 0xfe, 0xcd, 0x01, 0xfe,
  0xfe, 0xcd, 0x01, 0xfe, 0xfe, 0xcd, 0x01, 0xfe, 0xfe, 0xcd, 0x01, 0xfe,
  0xfe, 0xcd, 0x01, 0xfe, 0xfe, 0xcd, 0x01, 0xfe, 0xfe, 0xcd, 0x01, 0xfe,
  0xfe, 0xcd, 0x01, 0xfe, 0xfe, 0xcd, 0x01, 0xfe, 0xfe, 0xcd, 0x01, 0xfe,
  0xfe, 0xcd, 0x01, 0xfe, 0xfe, 0xcd, 0x01, 0xfe, 0xfe, 0xcd, 0x01, 0xfe,
  0xfe, 0xcd, 0x01, 0xfe, 0xfe, 0xcd, 0x01, 0xfe, 0xfe, 0xcd, 0x01, 0xfe,
  0xfe, 0xcd, 0x01, 0xfe, 0xfe, 0xcd, 0x01, 0xfe, 0xfe, 0xcd, 0x01, 0xfe,
  0xfe, 0xcd, 0x01, 0xfe, 0xfe, 0xcd, 0x01, 0xfe, 0xfe, 0xcd, 0x01, 0xfe,
  0xfe, 0xcd, 0x01, 0xfe, 0xfe, 0xcd, 0x01, 0xfe, 0xfe, 0xcd, 0x01, 0xfe,
  0xfe, 0xcd, 0x01, 0xfe, 0xfe, 0xcd, 0x01, 0xfe, 0xfe, 0xcd, 0x01, 0xfe,
  0xfe, 0xcd, 0x01, 0xfe, 0xfe, 0xcd, 0x01, 0xfe, 0xfe, 0xcd, 0x01, 0xfe,
  0xfe, 0xcd, 0x01, 0xfe, 0xfe, 0xcd, 0x01, 0xfe, 0xfe, 0xcd, 0x01, 0xfe,
  0xfe, 0xcd, 0x01, 0xfe, 0xfe, 0xcd, 0x01, 0xfe, 0xfe, 0xcd, 0x01, 0xfe,
  0xfe, 0xcd, 0x01, 0xfe, 0xfe, 0xcd, 0x01, 0xfe, 0xfe, 0xcd, 0x01, 0xfe,
  0xfe, 0xcd, 0x01, 0xfe, 0xfe, 0xcd, 0x01, 0xfe, 0xfe, 0xcd, 0x01, 0xfe,
  0xfe, 0xcd, 0x01, 0xff, 0xfe, 0xcd, 0x01, 0xff, 0xfe, 0xcd, 0x01, 0xff,
  0xfe, 0xcd, 0x01, 0xff, 0xfe, 0xcd, 0x01, 0xff, 0xfe, 0xcd, 0x01, 0xff,
  0xfe, 0xcd, 0x01, 0xff, 0xfe, 0xcd, 0x01, 0xff, 0xfe, 0xcd, 0x01, 0xff,
  0xfe, 0xcd, 0x01, 0xff, 0xfe, 0xcd, 0x01, 0xff, 0xfe, 0xcd, 0x01, 0xff,
  0xfe, 0xcd, 0x01, 0xff, 0xfe, 0xcd, 0x01, 0xff, 0xfe, 0xcd, 0x01, 0xff,
  0xfe, 0xcd, 0x01, 0xff, 0xfe, 0xcd, 0x01, 0xff, 0xfe, 0xcd, 0x01, 0xff,
  0xfe, 0xcd, 0x01, 0xff, 0xfe, 0xcd, 0x01, 0xff, 0xfe, 0xcd, 0x01, 0xff,
  0xfe, 0xcd, 0x01, 0xff, 0xfe, 0xcd, 0x01, 0xff, 0xfe, 0xcd, 0x01, 0xff,
  0xfe, 0xcd, 0x01, 0xff, 0xfe, 0xcd, 0x01, 0xff, 0xfe, 0xcd, 0x01, 0xff,
  0xfe, 0xcd, 0x01, 0xff, 0xfe, 0xcd, 0x01, 0xff, 0xfe, 0xcd, 0x01, 0xff,
  0xfe, 0xcd, 0x01, 0xff, 0xfe, 0xcd, 0x01, 0xff, 0xfe, 0xcd, 0x01, 0xff,
  0xfe, 0xcd, 0x01, 0xff, 0xfe, 0xcd, 0x01, 0xff, 0xfe, 0xcd, 0x01, 0xff,
  0xfe, 0xcd, 0x01, 0xff, 0xfe, 0xcd, 0x01, 0xff, 0xfe, 0xcd, 0x01, 0xff,
  0xfe, 0xcd, 0x01, 0xff, 0xfe, 0xcd, 0x01, 0xff, 0xfe, 0xcd, 0x01, 0xff,
  0xef, 0xbf, 0x00, 0xfe, 0x3c, 0x30, 0x00, 0xff, 0x00, 0x00, 0x00, 0xff,
  0x00, 0x00, 0x00, 0xff, 0x00, 0x00, 0x00, 0xff, 0x00, 0x00, 0x00, 0xff,
  0x00, 0x00, 0x00, 0xff, 0x00, 0x00, 0x00, 0x60, 0x00, 0x00, 0x00, 0x00,
  0x00, 0x00, 0x00, 0x00, 0x00, 0x00, 0x00, 0x00, 0x00, 0x00, 0x00, 0x00,
  0x00, 0x00, 0x00, 0x00, 0x00, 0x00, 0x00, 0x00, 0x00, 0x00, 0x00, 0x00,
  0x00, 0x00, 0x00, 0x00, 0x00, 0x00, 0x00, 0x00, 0x00, 0x00, 0x00, 0x00,
  0x00, 0x00, 0x00, 0x00, 0x00, 0x00, 0x00, 0x00, 0x00, 0x00, 0x00, 0x00,
  0x00, 0x00, 0x00, 0x00, 0x00, 0x00, 0x00, 0x00, 0x00, 0x00, 0x00, 0x00,
  0x00, 0x00, 0x00, 0x00, 0x00, 0x00, 0x00, 0x00, 0x00, 0x00, 0x00, 0x00,
  0x00, 0x00, 0x00, 0x10, 0x00, 0x00, 0x00, 0xd0, 0x00, 0x00, 0x00, 0xff,
  0x00, 0x00, 0x00, 0xff, 0x00, 0x00, 0x00, 0xff, 0x00, 0x00, 0x00, 0xff,
  0x00, 0x00, 0x00, 0xff, 0x7b, 0x24, 0x10, 0xff, 0xef, 0x45, 0x29, 0xff,
  0xef, 0x45, 0x29, 0xff, 0xef, 0x45, 0x29, 0xff, 0xef, 0x45, 0x29, 0xff,
  0xf7, 0x49, 0x29, 0xff, 0xf7, 0x49, 0x29, 0xff, 0xf7, 0x49, 0x29, 0xff,
  0xf7, 0x49, 0x29, 0xff, 0xf9, 0x47, 0x28, 0xff, 0xf9, 0x47, 0x28, 0xff,
  0xf9, 0x47, 0x28, 0xff, 0xf9, 0x47, 0x28, 0xff, 0xf9, 0x47, 0x28, 0xff,
  0xf9, 0x47, 0x28, 0xff, 0xf9, 0x47, 0x28, 0xff, 0xf9, 0x47, 0x28, 0xff,
  0xf9, 0x47, 0x28, 0xff, 0xf9, 0x47, 0x28, 0xff, 0xf9, 0x47, 0x28, 0xff,
  0xf9, 0x47, 0x28, 0xff, 0xf9, 0x47, 0x28, 0xff, 0xf9, 0x47, 0x28, 0xff,
  0xf9, 0x47, 0x28, 0xff, 0xf9, 0x47, 0x28, 0xff, 0xf9, 0x47, 0x28, 0xff,
  0xf9, 0x47, 0x28, 0xff, 0xf9, 0x47, 0x28, 0xff, 0xf9, 0x47, 0x28, 0xff,
  0xf7, 0x45, 0x29, 0xff, 0xf7, 0x45, 0x29, 0xff, 0xf7, 0x45, 0x29, 0xff,
  0xf7, 0x45, 0x29, 0xff, 0xf7, 0x49, 0x29, 0xff, 0x52, 0x18, 0x0d, 0xff,
  0x00, 0x00, 0x00, 0xff, 0x00, 0x00, 0x00, 0xff, 0x00, 0x00, 0x00, 0xff,
  0x00, 0x00, 0x00, 0xff, 0x94, 0x84, 0x3e, 0xff, 0xfe, 0xcd, 0x01, 0xff,
  0xfe, 0xcd, 0x01, 0xff, 0xfe, 0xcd, 0x01, 0xff, 0xfe, 0xcd, 0x01, 0xff,
  0xfe, 0xcd, 0x01, 0xff, 0xfe, 0xcd, 0x01, 0xfe, 0xfe, 0xcd, 0x01, 0xfe,
  0xfe, 0xcd, 0x01, 0xfe, 0xfe, 0xcd, 0x01, 0xfe, 0xfe, 0xcd, 0x01, 0xfe,
  0xfe, 0xcd, 0x01, 0xfe, 0xfe, 0xcd, 0x01, 0xfe, 0xfe, 0xcd, 0x01, 0xfe,
  0xfe, 0xcd, 0x01, 0xfe, 0xfe, 0xcd, 0x01, 0xfe, 0xfe, 0xcd, 0x01, 0xfe,
  0xfe, 0xcd, 0x01, 0xfe, 0xfe, 0xcd, 0x01, 0xfe, 0xfe, 0xcd, 0x01, 0xfe,
  0xfe, 0xcd, 0x01, 0xfe, 0xfe, 0xcd, 0x01, 0xfe, 0xfe, 0xcd, 0x01, 0xfe,
  0xfe, 0xcd, 0x01, 0xfe, 0xfe, 0xcd, 0x01, 0xfe, 0xfe, 0xcd, 0x01, 0xfe,
  0xfe, 0xcd, 0x01, 0xfe, 0xfe, 0xcd, 0x01, 0xfe, 0xfe, 0xcd, 0x01, 0xfe,
  0xfe, 0xcd, 0x01, 0xfe, 0xfe, 0xcd, 0x01, 0xfe, 0xfe, 0xcd, 0x01, 0xfe,
  0xfe, 0xcd, 0x01, 0xfe, 0xfe, 0xcd, 0x01, 0xfe, 0xfe, 0xcd, 0x01, 0xfe,
  0xfe, 0xcd, 0x01, 0xfe, 0xfe, 0xcd, 0x01, 0xfe, 0xfe, 0xcd, 0x01, 0xfe,
  0xfe, 0xcd, 0x01, 0xfe, 0xfe, 0xcd, 0x01, 0xfe, 0xfe, 0xcd, 0x01, 0xfe,
  0xfe, 0xcd, 0x01, 0xfe, 0xfe, 0xcd, 0x01, 0xfe, 0xfe, 0xcd, 0x01, 0xfe,
  0xfe, 0xcd, 0x01, 0xfe, 0xfe, 0xcd, 0x01, 0xfe, 0xfe, 0xcd, 0x01, 0xfe,
  0xfe, 0xcd, 0x01, 0xfe, 0xfe, 0xcd, 0x01, 0xfe, 0xfe, 0xcd, 0x01, 0xfe,
  0xfe, 0xcd, 0x01, 0xfe, 0xfe, 0xcd, 0x01, 0xfe, 0xfe, 0xcd, 0x01, 0xfe,
  0xfe, 0xcd, 0x01, 0xfe, 0xfe, 0xcd, 0x01, 0xfe, 0xfe, 0xcd, 0x01, 0xfe,
  0xfe, 0xcd, 0x01, 0xfe, 0xfe, 0xcd, 0x01, 0xfe, 0xfe, 0xcd, 0x01, 0xfe,
  0xfe, 0xcd, 0x01, 0xfe, 0xfe, 0xcd, 0x01, 0xfe, 0xfe, 0xcd, 0x01, 0xfe,
  0xfe, 0xcd, 0x01, 0xfe, 0xfe, 0xcd, 0x01, 0xfe, 0xfe, 0xcd, 0x01, 0xfe,
  0xfe, 0xcd, 0x01, 0xfe, 0xfe, 0xcd, 0x01, 0xfe, 0xfe, 0xcd, 0x01, 0xfe,
  0xfe, 0xcd, 0x01, 0xfe, 0xfe, 0xcd, 0x01, 0xfe, 0xfe, 0xcd, 0x01, 0xfe,
  0xfe, 0xcd, 0x01, 0xfe, 0xfe, 0xcd, 0x01, 0xfe, 0xfe, 0xcd, 0x01, 0xfe,
  0xfe, 0xcd, 0x01, 0xfe, 0xfe, 0xcd, 0x01, 0xfe, 0xfe, 0xcd, 0x01, 0xfe,
  0xfe, 0xcd, 0x01, 0xfe, 0xfe, 0xcd, 0x01, 0xfe, 0xfe, 0xcd, 0x01, 0xfe,
  0xfe, 0xcd, 0x01, 0xfe, 0xfe, 0xcd, 0x01, 0xfe, 0xfe, 0xcd, 0x01, 0xfe,
  0xfe, 0xcd, 0x01, 0xfe, 0xfe, 0xcd, 0x01, 0xfe, 0xfe, 0xcd, 0x01, 0xfe,
  0xfe, 0xcd, 0x01, 0xfe, 0xfe, 0xcd, 0x01, 0xfe, 0xfe, 0xcd, 0x01, 0xfe,
  0xfe, 0xcd, 0x01, 0xfe, 0xfe, 0xcd, 0x01, 0xfe, 0xfe, 0xcd, 0x01, 0xfe,
  0xfe, 0xcd, 0x01, 0xfe, 0xfe, 0xcd, 0x01, 0xfe, 0xfe, 0xcd, 0x01, 0xfe,
  0xfe, 0xcd, 0x01, 0xfe, 0xfe, 0xcd, 0x01, 0xfe, 0xfe, 0xcd, 0x01, 0xfe,
  0xfe, 0xcd, 0x01, 0xfe, 0xfe, 0xcd, 0x01, 0xfe, 0xfe, 0xcd, 0x01, 0xfe,
  0xfe, 0xcd, 0x01, 0xfe, 0xfe, 0xcd, 0x01, 0xfe, 0xfe, 0xcd, 0x01, 0xfe,
  0xfe, 0xcd, 0x01, 0xfe, 0xfe, 0xcd, 0x01, 0xfe, 0xfe, 0xcd, 0x01, 0xfe,
  0xfe, 0xcd, 0x01, 0xfe, 0xfe, 0xcd, 0x01, 0xfe, 0xfe, 0xcd, 0x01, 0xfe,
  0xfe, 0xcd, 0x01, 0xfe, 0xfe, 0xcd, 0x01, 0xfe, 0xfe, 0xcd, 0x01, 0xfe,
  0xfe, 0xcd, 0x01, 0xfe, 0xfe, 0xcd, 0x01, 0xfe, 0xfe, 0xcd, 0x01, 0xfe,
  0xfe, 0xcd, 0x01, 0xfe, 0xfe, 0xcd, 0x01, 0xfe, 0xfe, 0xcd, 0x01, 0xfe,
  0xfe, 0xcd, 0x01, 0xfe, 0xfe, 0xcd, 0x01, 0xfe, 0xfe, 0xcd, 0x01, 0xfe,
  0xfe, 0xcd, 0x01, 0xfe, 0xfe, 0xcd, 0x01, 0xfe, 0xfe, 0xcd, 0x01, 0xfe,
  0xfe, 0xcd, 0x01, 0xfe, 0xfe, 0xcd, 0x01, 0xfe, 0xfe, 0xcd, 0x01, 0xfe,
  0xfe, 0xcd, 0x01, 0xfe, 0xfe, 0xcd, 0x01, 0xfe, 0xfe, 0xcd, 0x01, 0xfe,
  0xfe, 0xcd, 0x01, 0xfe, 0xfe, 0xcd, 0x01, 0xfe, 0xfe, 0xcd, 0x01, 0xfe,
  0xfe, 0xcd, 0x01, 0xfe, 0xfe, 0xcd, 0x01, 0xfe, 0xfe, 0xcd, 0x01, 0xfe,
  0xfe, 0xcd, 0x01, 0xfe, 0xfe, 0xcd, 0x01, 0xfe, 0xfe, 0xcd, 0x01, 0xfe,
  0xfe, 0xcd, 0x01, 0xfe, 0xfe, 0xcd, 0x01, 0xfe, 0xfe, 0xcd, 0x01, 0xfe,
  0xfe, 0xcd, 0x01, 0xfe, 0xfe, 0xcd, 0x01, 0xfe, 0xfe, 0xcd, 0x01, 0xfe,
  0xfe, 0xcd, 0x01, 0xfe, 0xfe, 0xcd, 0x01, 0xfe, 0xfe, 0xcd, 0x01, 0xfe,
  0xfe, 0xcd, 0x01, 0xfe, 0xfe, 0xcd, 0x01, 0xfe, 0xfe, 0xcd, 0x01, 0xfe,
  0xfe, 0xcd, 0x01, 0xfe, 0xfe, 0xcd, 0x01, 0xfe, 0xfe, 0xcd, 0x01, 0xfe,
  0xfe, 0xcd, 0x01, 0xfe, 0xfe, 0xcd, 0x01, 0xfe, 0xfe, 0xcd, 0x01, 0xff,
  0xfe, 0xcd, 0x01, 0xff, 0xfe, 0xcd, 0x01, 0xff, 0xfe, 0xcd, 0x01, 0xff,
  0xfe, 0xcd, 0x01, 0xff, 0xfe, 0xcd, 0x01, 0xff, 0xfe, 0xcd, 0x01, 0xff,
  0xfe, 0xcd, 0x01, 0xff, 0xfe, 0xcd, 0x01, 0xff, 0xfe, 0xcd, 0x01, 0xff,
  0xfe, 0xcd, 0x01, 0xff, 0xfe, 0xcd, 0x01, 0xff, 0xfe, 0xcd, 0x01, 0xff,
  0xfe, 0xcd, 0x01, 0xff, 0xfe, 0xcd, 0x01, 0xff, 0xfe, 0xcd, 0x01, 0xff,
  0xfe, 0xcd, 0x01, 0xff, 0xfe, 0xcd, 0x01, 0xff, 0xfe, 0xcd, 0x01, 0xff,
  0xfe, 0xcd, 0x01, 0xff, 0xfe, 0xcd, 0x01, 0xff, 0xfe, 0xcd, 0x01, 0xff,
  0xfe, 0xcd, 0x01, 0xff, 0xfe, 0xcd, 0x01, 0xff, 0xfe, 0xcd, 0x01, 0xff,
  0xfe, 0xcd, 0x01, 0xff, 0xfe, 0xcd, 0x01, 0xff, 0xfe, 0xcd, 0x01, 0xff,
  0xfe, 0xcd, 0x01, 0xff, 0xfe, 0xcd, 0x01, 0xff, 0xfe, 0xcd, 0x01, 0xff,
  0xfe, 0xcd, 0x01, 0xff, 0xfe, 0xcd, 0x01, 0xff, 0xfe, 0xcd, 0x01, 0xff,
  0xfe, 0xcd, 0x01, 0xff, 0xfe, 0xcd, 0x01, 0xff, 0xfe, 0xcd, 0x01, 0xff,
  0xfe, 0xcd, 0x01, 0xff, 0xfe, 0xcd, 0x01, 0xff, 0xfe, 0xcd, 0x01, 0xff,
  0xfe, 0xcd, 0x01, 0xff, 0xfe, 0xcd, 0x01, 0xff, 0xfe, 0xcd, 0x01, 0xff,
  0xfe, 0xcd, 0x01, 0xff, 0x69, 0x54, 0x00, 0xff, 0x00, 0x00, 0x00, 0xff,
  0x00, 0x00, 0x00, 0xff, 0x00, 0x00, 0x00, 0xff, 0x00, 0x00, 0x00, 0xff,
  0x00, 0x00, 0x00, 0xff, 0x00, 0x00, 0x00, 0x60, 0x00, 0x00, 0x00, 0x00,
  0x00, 0x00, 0x00, 0x00, 0x00, 0x00, 0x00, 0x00, 0x00, 0x00, 0x00, 0x00,
  0x00, 0x00, 0x00, 0x00, 0x00, 0x00, 0x00, 0x00, 0x00, 0x00, 0x00, 0x00,
  0x00, 0x00, 0x00, 0x00, 0x00, 0x00, 0x00, 0x00, 0x00, 0x00, 0x00, 0x00,
  0x00, 0x00, 0x00, 0x00, 0x00, 0x00, 0x00, 0x00, 0x00, 0x00, 0x00, 0x00,
  0x00, 0x00, 0x00, 0x00, 0x00, 0x00, 0x00, 0x00, 0x00, 0x00, 0x00, 0x00,
  0x00, 0x00, 0x00, 0x00, 0x00, 0x00, 0x00, 0x00, 0x00, 0x00, 0x00, 0xa6,
  0x00, 0x00, 0x00, 0xff, 0x00, 0x00, 0x00, 0xff, 0x00, 0x00, 0x00, 0xff,
  0x00, 0x00, 0x00, 0xff, 0x00, 0x00, 0x00, 0xff, 0xa4, 0x2e, 0x1b, 0xff,
  0xf7, 0x45, 0x29, 0xff, 0xf9, 0x47, 0x28, 0xff, 0xf9, 0x47, 0x28, 0xff,
  0xf9, 0x47, 0x28, 0xff, 0xf9, 0x47, 0x28, 0xff, 0xf9, 0x47, 0x28, 0xff,
  0xf9, 0x47, 0x28, 0xff, 0xf9, 0x47, 0x28, 0xff, 0xf9, 0x47, 0x28, 0xff,
  0xf9, 0x47, 0x28, 0xff, 0xf9, 0x47, 0x28, 0xff, 0xf9, 0x47, 0x28, 0xff,
  0xf9, 0x47, 0x28, 0xff, 0xf9, 0x47, 0x28, 0xff, 0xf9, 0x47, 0x28, 0xff,
  0xf9, 0x47, 0x28, 0xff, 0xf9, 0x47, 0x28, 0xff, 0xf9, 0x47, 0x28, 0xff,
  0xf9, 0x47, 0x28, 0xff, 0xf9, 0x47, 0x28, 0xff, 0xf9, 0x47, 0x28, 0xff,
  0xf9, 0x47, 0x28, 0xff, 0xf9, 0x47, 0x28, 0xff, 0xf9, 0x47, 0x28, 0xff,
  0xf9, 0x47, 0x28, 0xff, 0xf9, 0x47, 0x28, 0xff, 0xf9, 0x47, 0x28, 0xff,
  0xf9, 0x47, 0x28, 0xff, 0xf9, 0x47, 0x28, 0xff, 0xf9, 0x47, 0x28, 0xff,
  0xf9, 0x47, 0x28, 0xff, 0xf9, 0x47, 0x28, 0xff, 0xf9, 0x47, 0x28, 0xff,
  0xf7, 0x45, 0x29, 0xff, 0xf7, 0x45, 0x29, 0xff, 0xa4, 0x2e, 0x1b, 0xff,
  0x00, 0x00, 0x00, 0xff, 0x00, 0x00, 0x00, 0xff, 0x00, 0x00, 0x00, 0xff,
  0x00, 0x00, 0x00, 0xff, 0xb8, 0x9d, 0x29, 0xff, 0xfe, 0xcd, 0x01, 0xff,
  0xfe, 0xcd, 0x01, 0xff, 0xfe, 0xcd, 0x01, 0xff, 0xfe, 0xcd, 0x01, 0xff,
  0xfe, 0xcd, 0x01, 0xff, 0xfe, 0xcd, 0x01, 0xfe, 0xfe, 0xcd, 0x01, 0xfe,
  0xfe, 0xcd, 0x01, 0xfe, 0xfe, 0xcd, 0x01, 0xfe, 0xfe, 0xcd, 0x01, 0xfe,
  0xfe, 0xcd, 0x01, 0xfe, 0xfe, 0xcd, 0x01, 0xfe, 0xfe, 0xcd, 0x01, 0xfe,
  0xfe, 0xcd, 0x01, 0xfe, 0xfe, 0xcd, 0x01, 0xfe, 0xfe, 0xcd, 0x01, 0xfe,
  0xfe, 0xcd, 0x01, 0xfe, 0xfe, 0xcd, 0x01, 0xfe, 0xfe, 0xcd, 0x01, 0xfe,
  0xfe, 0xcd, 0x01, 0xfe, 0xfe, 0xcd, 0x01, 0xfe, 0xfe, 0xcd, 0x01, 0xfe,
  0xfe, 0xcd, 0x01, 0xfe, 0xfe, 0xcd, 0x01, 0xfe, 0xfe, 0xcd, 0x01, 0xfe,
  0xfe, 0xcd, 0x01, 0xfe, 0xfe, 0xcd, 0x01, 0xfe, 0xfe, 0xcd, 0x01, 0xfe,
  0xfe, 0xcd, 0x01, 0xfe, 0xfe, 0xcd, 0x01, 0xfe, 0xfe, 0xcd, 0x01, 0xfe,
  0xfe, 0xcd, 0x01, 0xfe, 0xfe, 0xcd, 0x01, 0xfe, 0xfe, 0xcd, 0x01, 0xfe,
  0xfe, 0xcd, 0x01, 0xfe, 0xfe, 0xcd, 0x01, 0xfe, 0xfe, 0xcd, 0x01, 0xfe,
  0xfe, 0xcd, 0x01, 0xfe, 0xfe, 0xcd, 0x01, 0xfe, 0xfe, 0xcd, 0x01, 0xfe,
  0xfe, 0xcd, 0x01, 0xfe, 0xfe, 0xcd, 0x01, 0xfe, 0xfe, 0xcd, 0x01, 0xfe,
  0xfe, 0xcd, 0x01, 0xfe, 0xfe, 0xcd, 0x01, 0xfe, 0xfe, 0xcd, 0x01, 0xfe,
  0xfe, 0xcd, 0x01, 0xfe, 0xfe, 0xcd, 0x01, 0xfe, 0xfe, 0xcd, 0x01, 0xfe,
  0xfe, 0xcd, 0x01, 0xfe, 0xfe, 0xcd, 0x01, 0xfe, 0xfe, 0xcd, 0x01, 0xfe,
  0xfe, 0xcd, 0x01, 0xfe, 0xfe, 0xcd, 0x01, 0xfe, 0xfe, 0xcd, 0x01, 0xfe,
  0xfe, 0xcd, 0x01, 0xfe, 0xfe, 0xcd, 0x01, 0xfe, 0xfe, 0xcd, 0x01, 0xfe,
  0xfe, 0xcd, 0x01, 0xfe, 0xfe, 0xcd, 0x01, 0xfe, 0xfe, 0xcd, 0x01, 0xfe,
  0xfe, 0xcd, 0x01, 0xfe, 0xfe, 0xcd, 0x01, 0xfe, 0xfe, 0xcd, 0x01, 0xfe,
  0xfe, 0xcd, 0x01, 0xfe, 0xfe, 0xcd, 0x01, 0xfe, 0xfe, 0xcd, 0x01, 0xfe,
  0xfe, 0xcd, 0x01, 0xfe, 0xfe, 0xcd, 0x01, 0xfe, 0xfe, 0xcd, 0x01, 0xfe,
  0xfe, 0xcd, 0x01, 0xfe, 0xfe, 0xcd, 0x01, 0xfe, 0xfe, 0xcd, 0x01, 0xfe,
  0xfe, 0xcd, 0x01, 0xfe, 0xfe, 0xcd, 0x01, 0xfe, 0xfe, 0xcd, 0x01, 0xfe,
  0xfe, 0xcd, 0x01, 0xfe, 0xfe, 0xcd, 0x01, 0xfe, 0xfe, 0xcd, 0x01, 0xfe,
  0xfe, 0xcd, 0x01, 0xfe, 0xfe, 0xcd, 0x01, 0xfe, 0xfe, 0xcd, 0x01, 0xfe,
  0xfe, 0xcd, 0x01, 0xfe, 0xfe, 0xcd, 0x01, 0xfe, 0xfe, 0xcd, 0x01, 0xfe,
  0xfe, 0xcd, 0x01, 0xfe, 0xfe, 0xcd, 0x01, 0xfe, 0xfe, 0xcd, 0x01, 0xfe,
  0xfe, 0xcd, 0x01, 0xfe, 0xfe, 0xcd, 0x01, 0xfe, 0xfe, 0xcd, 0x01, 0xfe,
  0xfe, 0xcd, 0x01, 0xfe, 0xfe, 0xcd, 0x01, 0xfe, 0xfe, 0xcd, 0x01, 0xfe,
  0xfe, 0xcd, 0x01, 0xfe, 0xfe, 0xcd, 0x01, 0xfe, 0xfe, 0xcd, 0x01, 0xfe,
  0xfe, 0xcd, 0x01, 0xfe, 0xfe, 0xcd, 0x01, 0xfe, 0xfe, 0xcd, 0x01, 0xfe,
  0xfe, 0xcd, 0x01, 0xfe, 0xfe, 0xcd, 0x01, 0xfe, 0xfe, 0xcd, 0x01, 0xfe,
  0xfe, 0xcd, 0x01, 0xfe, 0xfe, 0xcd, 0x01, 0xfe, 0xfe, 0xcd, 0x01, 0xfe,
  0xfe, 0xcd, 0x01, 0xfe, 0xfe, 0xcd, 0x01, 0xfe, 0xfe, 0xcd, 0x01, 0xfe,
  0xfe, 0xcd, 0x01, 0xfe, 0xfe, 0xcd, 0x01, 0xfe, 0xfe, 0xcd, 0x01, 0xfe,
  0xfe, 0xcd, 0x01, 0xfe, 0xfe, 0xcd, 0x01, 0xfe, 0xfe, 0xcd, 0x01, 0xfe,
  0xfe, 0xcd, 0x01, 0xfe, 0xfe, 0xcd, 0x01, 0xfe, 0xfe, 0xcd, 0x01, 0xfe,
  0xfe, 0xcd, 0x01, 0xfe, 0xfe, 0xcd, 0x01, 0xfe, 0xfe, 0xcd, 0x01, 0xfe,
  0xfe, 0xcd, 0x01, 0xfe, 0xfe, 0xcd, 0x01, 0xfe, 0xfe, 0xcd, 0x01, 0xfe,
  0xfe, 0xcd, 0x01, 0xfe, 0xfe, 0xcd, 0x01, 0xfe, 0xfe, 0xcd, 0x01, 0xfe,
  0xfe, 0xcd, 0x01, 0xfe, 0xfe, 0xcd, 0x01, 0xfe, 0xfe, 0xcd, 0x01, 0xfe,
  0xfe, 0xcd, 0x01, 0xfe, 0xfe, 0xcd, 0x01, 0xfe, 0xfe, 0xcd, 0x01, 0xfe,
  0xfe, 0xcd, 0x01, 0xfe, 0xfe, 0xcd, 0x01, 0xfe, 0xfe, 0xcd, 0x01, 0xfe,
  0xfe, 0xcd, 0x01, 0xfe, 0xfe, 0xcd, 0x01, 0xfe, 0xfe, 0xcd, 0x01, 0xfe,
  0xfe, 0xcd, 0x01, 0xfe, 0xfe, 0xcd, 0x01, 0xfe, 0xfe, 0xcd, 0x01, 0xfe,
  0xfe, 0xcd, 0x01, 0xfe, 0xfe, 0xcd, 0x01, 0xfe, 0xfe, 0xcd, 0x01, 0xfe,
  0xfe, 0xcd, 0x01, 0xfe, 0xfe, 0xcd, 0x01, 0xfe, 0xfe, 0xcd, 0x01, 0xfe,
  0xfe, 0xcd, 0x01, 0xfe, 0xfe, 0xcd, 0x01, 0xfe, 0xfe, 0xcd, 0x01, 0xfe,
  0xfe, 0xcd, 0x01, 0xfe, 0xfe, 0xcd, 0x01, 0xfe, 0xfe, 0xcd, 0x01, 0xfe,
  0xfe, 0xcd, 0x01, 0xfe, 0xfe, 0xcd, 0x01, 0xff, 0xfe, 0xcd, 0x01, 0xff,
  0xfe, 0xcd, 0x01, 0xff, 0xfe, 0xcd, 0x01, 0xff, 0xfe, 0xcd, 0x01, 0xff,
  0xfe, 0xcd, 0x01, 0xff, 0xfe, 0xcd, 0x01, 0xff, 0xfe, 0xcd, 0x01, 0xff,
  0xfe, 0xcd, 0x01, 0xff, 0xfe, 0xcd, 0x01, 0xff, 0xfe, 0xcd, 0x01, 0xff,
  0xfe, 0xcd, 0x01, 0xff, 0xfe, 0xcd, 0x01, 0xff, 0xfe, 0xcd, 0x01, 0xff,
  0xfe, 0xcd, 0x01, 0xff, 0xfe, 0xcd, 0x01, 0xff, 0xfe, 0xcd, 0x01, 0xff,
  0xfe, 0xcd, 0x01, 0xff, 0xfe, 0xcd, 0x01, 0xff, 0xfe, 0xcd, 0x01, 0xff,
  0xfe, 0xcd, 0x01, 0xff, 0xfe, 0xcd, 0x01, 0xff, 0xfe, 0xcd, 0x01, 0xff,
  0xfe, 0xcd, 0x01, 0xff, 0xfe, 0xcd, 0x01, 0xff, 0xfe, 0xcd, 0x01, 0xff,
  0xfe, 0xcd, 0x01, 0xff, 0xfe, 0xcd, 0x01, 0xff, 0xfe, 0xcd, 0x01, 0xff,
  0xfe, 0xcd, 0x01, 0xff, 0xfe, 0xcd, 0x01, 0xff, 0xfe, 0xcd, 0x01, 0xff,
  0xfe, 0xcd, 0x01, 0xff, 0xfe, 0xcd, 0x01, 0xff, 0xfe, 0xcd, 0x01, 0xff,
  0xfe, 0xcd, 0x01, 0xff, 0xfe, 0xcd, 0x01, 0xff, 0xfe, 0xcd, 0x01, 0xff,
  0xfe, 0xcd, 0x01, 0xff, 0xfe, 0xcd, 0x01, 0xff, 0xfe, 0xcd, 0x01, 0xff,
  0xfe, 0xcd, 0x01, 0xff, 0xfe, 0xcd, 0x01, 0xff, 0xfe, 0xcd, 0x01, 0xff,
  0xfe, 0xcd, 0x01, 0xff, 0x9f, 0x7f, 0x00, 0xfe, 0x00, 0x00, 0x00, 0xff,
  0x00, 0x00, 0x00, 0xff, 0x00, 0x00, 0x00, 0xff, 0x00, 0x00, 0x00, 0xff,
  0x00, 0x00, 0x00, 0xff, 0x00, 0x00, 0x00, 0x49, 0x00, 0x00, 0x00, 0x00,
  0x00, 0x00, 0x00, 0x00, 0x00, 0x00, 0x00, 0x00, 0x00, 0x00, 0x00, 0x00,
  0x00, 0x00, 0x00, 0x00, 0x00, 0x00, 0x00, 0x00, 0x00, 0x00, 0x00, 0x00,
  0x00, 0x00, 0x00, 0x00, 0x00, 0x00, 0x00, 0x00, 0x00, 0x00, 0x00, 0x00,
  0x00, 0x00, 0x00, 0x00, 0x00, 0x00, 0x00, 0x00, 0x00, 0x00, 0x00, 0x00,
  0x00, 0x00, 0x00, 0x00, 0x00, 0x00, 0x00, 0x00, 0x00, 0x00, 0x00, 0x00,
  0x00, 0x00, 0x00, 0x8c, 0x00, 0x00, 0x00, 0xff, 0x00, 0x00, 0x00, 0xff,
  0x00, 0x00, 0x00, 0xff, 0x00, 0x00, 0x00, 0xff, 0x00, 0x00, 0x00, 0xff,
  0xa4, 0x2e, 0x1b, 0xff, 0xf7, 0x45, 0x29, 0xff, 0xf7, 0x45, 0x29, 0xff,
  0xf9, 0x47, 0x28, 0xff, 0xf9, 0x47, 0x28, 0xff, 0xf9, 0x47, 0x28, 0xff,
  0xf9, 0x47, 0x28, 0xff, 0xf9, 0x47, 0x28, 0xff, 0xf9, 0x47, 0x28, 0xff,
  0xf9, 0x47, 0x28, 0xff, 0xf9, 0x47, 0x28, 0xff, 0xf9, 0x47, 0x28, 0xff,
  0xf9, 0x47, 0x28, 0xff, 0xf9, 0x47, 0x28, 0xff, 0xf9, 0x47, 0x28, 0xff,
  0xf9, 0x47, 0x28, 0xff, 0xf9, 0x47, 0x28, 0xff, 0xf9, 0x47, 0x28, 0xff,
  0xf9, 0x47, 0x28, 0xff, 0xf9, 0x47, 0x28, 0xff, 0xf9, 0x47, 0x28, 0xff,
  0xf9, 0x47, 0x28, 0xff, 0xf9, 0x47, 0x28, 0xff, 0xf9, 0x47, 0x28, 0xff,
  0xf9, 0x47, 0x28, 0xff, 0xf9, 0x47, 0x28, 0xff, 0xf9, 0x47, 0x28, 0xff,
  0xf9, 0x47, 0x28, 0xff, 0xf9, 0x47, 0x28, 0xff, 0xf9, 0x47, 0x28, 0xff,
  0xf9, 0x47, 0x28, 0xff, 0xf9, 0x47, 0x28, 0xff, 0xf9, 0x47, 0x28, 0xff,
  0xf9, 0x47, 0x28, 0xff, 0xf9, 0x47, 0x28, 0xff, 0xf7, 0x45, 0x29, 0xff,
  0xf7, 0x45, 0x29, 0xff, 0xf7, 0x45, 0x29, 0xff, 0xa4, 0x2e, 0x1b, 0xff,
  0x00, 0x00, 0x00, 0xff, 0x00, 0x00, 0x00, 0xff, 0x00, 0x00, 0x00, 0xff,
  0x00, 0x00, 0x00, 0xff, 0xd8, 0xbd, 0x49, 0xff, 0xfe, 0xcd, 0x01, 0xff,
  0xfe, 0xcd, 0x01, 0xff, 0xfe, 0xcd, 0x01, 0xff, 0xfe, 0xcd, 0x01, 0xff,
  0xfe, 0xcd, 0x01, 0xfe, 0xfe, 0xcd, 0x01, 0xfe, 0xfe, 0xcd, 0x01, 0xfe,
  0xfe, 0xcd, 0x01, 0xfe, 0xfe, 0xcd, 0x01, 0xfe, 0xfe, 0xcd, 0x01, 0xfe,
  0xfe, 0xcd, 0x01, 0xfe, 0xfe, 0xcd, 0x01, 0xfe, 0xfe, 0xcd, 0x01, 0xfe,
  0xfe, 0xcd, 0x01, 0xfe, 0xfe, 0xcd, 0x01, 0xfe, 0xfe, 0xcd, 0x01, 0xfe,
  0xfe, 0xcd, 0x01, 0xfe, 0xfe, 0xcd, 0x01, 0xfe, 0xfe, 0xcd, 0x01, 0xfe,
  0xfe, 0xcd, 0x01, 0xfe, 0xfe, 0xcd, 0x01, 0xfe, 0xfe, 0xcd, 0x01, 0xfe,
  0xfe, 0xcd, 0x01, 0xfe, 0xfe, 0xcd, 0x01, 0xfe, 0xfe, 0xcd, 0x01, 0xfe,
  0xfe, 0xcd, 0x01, 0xfe, 0xfe, 0xcd, 0x01, 0xfe, 0xfe, 0xcd, 0x01, 0xfe,
  0xfe, 0xcd, 0x01, 0xfe, 0xfe, 0xcd, 0x01, 0xfe, 0xfe, 0xcd, 0x01, 0xfe,
  0xfe, 0xcd, 0x01, 0xfe, 0xfe, 0xcd, 0x01, 0xfe, 0xfe, 0xcd, 0x01, 0xfe,
  0xfe, 0xcd, 0x01, 0xfe, 0xfe, 0xcd, 0x01, 0xfe, 0xfe, 0xcd, 0x01, 0xfe,
  0xfe, 0xcd, 0x01, 0xfe, 0xfe, 0xcd, 0x01, 0xfe, 0xfe, 0xcd, 0x01, 0xfe,
  0xfe, 0xcd, 0x01, 0xfe, 0xfe, 0xcd, 0x01, 0xfe, 0xfe, 0xcd, 0x01, 0xfe,
  0xfe, 0xcd, 0x01, 0xfe, 0xfe, 0xcd, 0x01, 0xfe, 0xfe, 0xcd, 0x01, 0xfe,
  0xfe, 0xcd, 0x01, 0xfe, 0xfe, 0xcd, 0x01, 0xfe, 0xfe, 0xcd, 0x01, 0xfe,
  0xfe, 0xcd, 0x01, 0xfe, 0xfe, 0xcd, 0x01, 0xfe, 0xfe, 0xcd, 0x01, 0xfe,
  0xfe, 0xcd, 0x01, 0xfe, 0xfe, 0xcd, 0x01, 0xfe, 0xfe, 0xcd, 0x01, 0xfe,
  0xfe, 0xcd, 0x01, 0xfe, 0xfe, 0xcd, 0x01, 0xfe, 0xfe, 0xcd, 0x01, 0xfe,
  0xfe, 0xcd, 0x01, 0xfe, 0xfe, 0xcd, 0x01, 0xfe, 0xfe, 0xcd, 0x01, 0xfe,
  0xfe, 0xcd, 0x01, 0xfe, 0xfe, 0xcd, 0x01, 0xfe, 0xfe, 0xcd, 0x01, 0xfe,
  0xfe, 0xcd, 0x01, 0xfe, 0xfe, 0xcd, 0x01, 0xfe, 0xfe, 0xcd, 0x01, 0xfe,
  0xfe, 0xcd, 0x01, 0xfe, 0xfe, 0xcd, 0x01, 0xfe, 0xfe, 0xcd, 0x01, 0xfe,
  0xfe, 0xcd, 0x01, 0xfe, 0xfe, 0xcd, 0x01, 0xfe, 0xfe, 0xcd, 0x01, 0xfe,
  0xfe, 0xcd, 0x01, 0xfe, 0xfe, 0xcd, 0x01, 0xfe, 0xfe, 0xcd, 0x01, 0xfe,
  0xfe, 0xcd, 0x01, 0xfe, 0xfe, 0xcd, 0x01, 0xfe, 0xfe, 0xcd, 0x01, 0xfe,
  0xfe, 0xcd, 0x01, 0xfe, 0xfe, 0xcd, 0x01, 0xfe, 0xfe, 0xcd, 0x01, 0xfe,
  0xfe, 0xcd, 0x01, 0xfe, 0xfe, 0xcd, 0x01, 0xfe, 0xfe, 0xcd, 0x01, 0xfe,
  0xfe, 0xcd, 0x01, 0xfe, 0xfe, 0xcd, 0x01, 0xfe, 0xfe, 0xcd, 0x01, 0xfe,
  0xfe, 0xcd, 0x01, 0xfe, 0xfe, 0xcd, 0x01, 0xfe, 0xfe, 0xcd, 0x01, 0xfe,
  0xfe, 0xcd, 0x01, 0xfe, 0xfe, 0xcd, 0x01, 0xfe, 0xfe, 0xcd, 0x01, 0xfe,
  0xfe, 0xcd, 0x01, 0xfe, 0xfe, 0xcd, 0x01, 0xfe, 0xfe, 0xcd, 0x01, 0xfe,
  0xfe, 0xcd, 0x01, 0xfe, 0xfe, 0xcd, 0x01, 0xfe, 0xfe, 0xcd, 0x01, 0xfe,
  0xfe, 0xcd, 0x01, 0xfe, 0xfe, 0xcd, 0x01, 0xfe, 0xfe, 0xcd, 0x01, 0xfe,
  0xfe, 0xcd, 0x01, 0xfe, 0xfe, 0xcd, 0x01, 0xfe, 0xfe, 0xcd, 0x01, 0xfe,
  0xfe, 0xcd, 0x01, 0xfe, 0xfe, 0xcd, 0x01, 0xfe, 0xfe, 0xcd, 0x01, 0xfe,
  0xfe, 0xcd, 0x01, 0xfe, 0xfe, 0xcd, 0x01, 0xfe, 0xfe, 0xcd, 0x01, 0xfe,
  0xfe, 0xcd, 0x01, 0xfe, 0xfe, 0xcd, 0x01, 0xfe, 0xfe, 0xcd, 0x01, 0xfe,
  0xfe, 0xcd, 0x01, 0xfe, 0xfe, 0xcd, 0x01, 0xfe, 0xfe, 0xcd, 0x01, 0xfe,
  0xfe, 0xcd, 0x01, 0xfe, 0xfe, 0xcd, 0x01, 0xfe, 0xfe, 0xcd, 0x01, 0xfe,
  0xfe, 0xcd, 0x01, 0xfe, 0xfe, 0xcd, 0x01, 0xfe, 0xfe, 0xcd, 0x01, 0xfe,
  0xfe, 0xcd, 0x01, 0xfe, 0xfe, 0xcd, 0x01, 0xfe, 0xfe, 0xcd, 0x01, 0xfe,
  0xfe, 0xcd, 0x01, 0xfe, 0xfe, 0xcd, 0x01, 0xfe, 0xfe, 0xcd, 0x01, 0xfe,
  0xfe, 0xcd, 0x01, 0xfe, 0xfe, 0xcd, 0x01, 0xfe, 0xfe, 0xcd, 0x01, 0xfe,
  0xfe, 0xcd, 0x01, 0xfe, 0xfe, 0xcd, 0x01, 0xfe, 0xfe, 0xcd, 0x01, 0xfe,
  0xfe, 0xcd, 0x01, 0xfe, 0xfe, 0xcd, 0x01, 0xfe, 0xfe, 0xcd, 0x01, 0xfe,
  0xfe, 0xcd, 0x01, 0xfe, 0xfe, 0xcd, 0x01, 0xfe, 0xfe, 0xcd, 0x01, 0xfe,
  0xfe, 0xcd, 0x01, 0xfe, 0xfe, 0xcd, 0x01, 0xfe, 0xfe, 0xcd, 0x01, 0xfe,
  0xfe, 0xcd, 0x01, 0xfe, 0xfe, 0xcd, 0x01, 0xfe, 0xfe, 0xcd, 0x01, 0xfe,
  0xfe, 0xcd, 0x01, 0xfe, 0xfe, 0xcd, 0x01, 0xfe, 0xfe, 0xcd, 0x01, 0xfe,
  0xfe, 0xcd, 0x01, 0xfe, 0xfe, 0xcd, 0x01, 0xfe, 0xfe, 0xcd, 0x01, 0xfe,
  0xfe, 0xcd, 0x01, 0xff, 0xfe, 0xcd, 0x01, 0xff, 0xfe, 0xcd, 0x01, 0xff,
  0xfe, 0xcd, 0x01, 0xff, 0xfe, 0xcd, 0x01, 0xff, 0xfe, 0xcd, 0x01, 0xff,
  0xfe, 0xcd, 0x01, 0xff, 0xfe, 0xcd, 0x01, 0xff, 0xfe, 0xcd, 0x01, 0xff,
  0xfe, 0xcd, 0x01, 0xff, 0xfe, 0xcd, 0x01, 0xff, 0xfe, 0xcd, 0x01, 0xff,
  0xfe, 0xcd, 0x01, 0xff, 0xfe, 0xcd, 0x01, 0xff, 0xfe, 0xcd, 0x01, 0xff,
  0xfe, 0xcd, 0x01, 0xff, 0xfe, 0xcd, 0x01, 0xff, 0xfe, 0xcd, 0x01, 0xff,
  0xfe, 0xcd, 0x01, 0xff, 0xfe, 0xcd, 0x01, 0xff, 0xfe, 0xcd, 0x01, 0xff,
  0xfe, 0xcd, 0x01, 0xff, 0xfe, 0xcd, 0x01, 0xff, 0xfe, 0xcd, 0x01, 0xff,
  0xfe, 0xcd, 0x01, 0xff, 0xfe, 0xcd, 0x01, 0xff, 0xfe, 0xcd, 0x01, 0xff,
  0xfe, 0xcd, 0x01, 0xff, 0xfe, 0xcd, 0x01, 0xff, 0xfe, 0xcd, 0x01, 0xff,
  0xfe, 0xcd, 0x01, 0xff, 0xfe, 0xcd, 0x01, 0xff, 0xfe, 0xcd, 0x01, 0xff,
  0xfe, 0xcd, 0x01, 0xff, 0xfe, 0xcd, 0x01, 0xff, 0xfe, 0xcd, 0x01, 0xff,
  0xfe, 0xcd, 0x01, 0xff, 0xfe, 0xcd, 0x01, 0xff, 0xfe, 0xcd, 0x01, 0xff,
  0xfe, 0xcd, 0x01, 0xff, 0xfe, 0xcd, 0x01, 0xff, 0xfe, 0xcd, 0x01, 0xff,
  0xfe, 0xcd, 0x01, 0xff, 0xfe, 0xcd, 0x01, 0xff, 0xfe, 0xcd, 0x01, 0xff,
  0xfe, 0xcd, 0x01, 0xff, 0x9f, 0x7f, 0x00, 0xfe, 0x00, 0x00, 0x00, 0xff,
  0x00, 0x00, 0x00, 0xff, 0x00, 0x00, 0x00, 0xff, 0x00, 0x00, 0x00, 0xff,
  0x00, 0x00, 0x00, 0xf0, 0x00, 0x00, 0x00, 0x20, 0x00, 0x00, 0x00, 0x00,
  0x00, 0x00, 0x00, 0x00, 0x00, 0x00, 0x00, 0x00, 0x00, 0x00, 0x00, 0x00,
  0x00, 0x00, 0x00, 0x00, 0x00, 0x00, 0x00, 0x00, 0x00, 0x00, 0x00, 0x00,
  0x00, 0x00, 0x00, 0x00, 0x00, 0x00, 0x00, 0x00, 0x00, 0x00, 0x00, 0x00,
  0x00, 0x00, 0x00, 0x00, 0x00, 0x00, 0x00, 0x00, 0x00, 0x00, 0x00, 0x00,
  0x00, 0x00, 0x00, 0x00, 0x00, 0x00, 0x00, 0x39, 0x00, 0x00, 0x00, 0xff,
  0x00, 0x00, 0x00, 0xff, 0x00, 0x00, 0x00, 0xff, 0x00, 0x00, 0x00, 0xff,
  0x00, 0x00, 0x00, 0xff, 0xa4, 0x2e, 0x1b, 0xff, 0xf7, 0x45, 0x29, 0xff,
  0xf7, 0x45, 0x29, 0xff, 0xf7, 0x45, 0x29, 0xff, 0xf9, 0x47, 0x28, 0xff,
  0xf9, 0x47, 0x28, 0xff, 0xf9, 0x47, 0x28, 0xff, 0xf9, 0x47, 0x28, 0xff,
  0xf9, 0x47, 0x28, 0xff, 0xf9, 0x47, 0x28, 0xff, 0xf9, 0x47, 0x28, 0xff,
  0xf9, 0x47, 0x28, 0xff, 0xf9, 0x47, 0x28, 0xff, 0xf9, 0x47, 0x28, 0xff,
  0xf9, 0x47, 0x28, 0xff, 0xf9, 0x47, 0x28, 0xff, 0xf9, 0x47, 0x28, 0xff,
  0xf9, 0x47, 0x28, 0xff, 0xf9, 0x47, 0x28, 0xff, 0xf9, 0x47, 0x28, 0xff,
  0xf9, 0x47, 0x28, 0xff, 0xf9, 0x47, 0x28, 0xff, 0xf9, 0x47, 0x28, 0xff,
  0xf9, 0x47, 0x28, 0xff, 0xf9, 0x47, 0x28, 0xff, 0xf9, 0x47, 0x28, 0xff,
  0xf9, 0x47, 0x28, 0xff, 0xf9, 0x47, 0x28, 0xff, 0xf9, 0x47, 0x28, 0xff,
  0xf9, 0x47, 0x28, 0xff, 0xf9, 0x47, 0x28, 0xff, 0xf9, 0x47, 0x28, 0xff,
  0xf9, 0x47, 0x28, 0xff, 0xf9, 0x47, 0x28, 0xff, 0xf9, 0x47, 0x28, 0xff,
  0xf9, 0x47, 0x28, 0xff, 0xf7, 0x45, 0x29, 0xff, 0xf7, 0x45, 0x29, 0xff,
  0xf7, 0x45, 0x29, 0xff, 0xf7, 0x45, 0x29, 0xff, 0x9f, 0x2e, 0x1b, 0xff,
  0x00, 0x00, 0x00, 0xff, 0x00, 0x00, 0x00, 0xff, 0x00, 0x00, 0x00, 0xff,
  0x0f, 0x0f, 0x0f, 0xff, 0xfe, 0xcc, 0x01, 0xff, 0xfe, 0xcd, 0x01, 0xff,
  0xfe, 0xcd, 0x01, 0xff, 0xfe, 0xcd, 0x01, 0xff, 0xfe, 0xcd, 0x01, 0xff,
  0xfe, 0xcd, 0x01, 0xfe, 0xfe, 0xcd, 0x01, 0xfe, 0xfe, 0xcd, 0x01, 0xfe,
  0xfe, 0xcd, 0x01, 0xfe, 0xfe, 0xcd, 0x01, 0xfe, 0xfe, 0xcd, 0x01, 0xfe,
  0xfe, 0xcd, 0x01, 0xfe, 0xfe, 0xcd, 0x01, 0xfe, 0xfe, 0xcd, 0x01, 0xfe,
  0xfe, 0xcd, 0x01, 0xfe, 0xfe, 0xcd, 0x01, 0xfe, 0xfe, 0xcd, 0x01, 0xfe,
  0xfe, 0xcd, 0x01, 0xfe, 0xfe, 0xcd, 0x01, 0xfe, 0xfe, 0xcd, 0x01, 0xfe,
  0xfe, 0xcd, 0x01, 0xfe, 0xfe, 0xcd, 0x01, 0xfe, 0xfe, 0xcd, 0x01, 0xfe,
  0xfe, 0xcd, 0x01, 0xfe, 0xfe, 0xcd, 0x01, 0xfe, 0xfe, 0xcd, 0x01, 0xfe,
  0xfe, 0xcd, 0x01, 0xfe, 0xfe, 0xcd, 0x01, 0xfe, 0xfe, 0xcd, 0x01, 0xfe,
  0xfe, 0xcd, 0x01, 0xfe, 0xfe, 0xcd, 0x01, 0xfe, 0xfe, 0xcd, 0x01, 0xfe,
  0xfe, 0xcd, 0x01, 0xfe, 0xfe, 0xcd, 0x01, 0xfe, 0xfe, 0xcd, 0x01, 0xfe,
  0xfe, 0xcd, 0x01, 0xfe, 0xfe, 0xcd, 0x01, 0xfe, 0xfe, 0xcd, 0x01, 0xfe,
  0xfe, 0xcd, 0x01, 0xfe, 0xfe, 0xcd, 0x01, 0xfe, 0xfe, 0xcd, 0x01, 0xfe,
  0xfe, 0xcd, 0x01, 0xfe, 0xfe, 0xcd, 0x01, 0xfe, 0xfe, 0xcd, 0x01, 0xfe,
  0xfe, 0xcd, 0x01, 0xfe, 0xfe, 0xcd, 0x01, 0xfe, 0xfe, 0xcd, 0x01, 0xfe,
  0xfe, 0xcd, 0x01, 0xfe, 0xfe, 0xcd, 0x01, 0xfe, 0xfe, 0xcd, 0x01, 0xfe,
  0xfe, 0xcd, 0x01, 0xfe, 0xfe, 0xcd, 0x01, 0xfe, 0xfe, 0xcd, 0x01, 0xfe,
  0xfe, 0xcd, 0x01, 0xfe, 0xfe, 0xcd, 0x01, 0xfe, 0xfe, 0xcd, 0x01, 0xfe,
  0xfe, 0xcd, 0x01, 0xfe, 0xfe, 0xcd, 0x01, 0xfe, 0xfe, 0xcd, 0x01, 0xfe,
  0xfe, 0xcd, 0x01, 0xfe, 0xfe, 0xcd, 0x01, 0xfe, 0xfe, 0xcd, 0x01, 0xfe,
  0xfe, 0xcd, 0x01, 0xfe, 0xfe, 0xcd, 0x01, 0xfe, 0xfe, 0xcd, 0x01, 0xfe,
  0xfe, 0xcd, 0x01, 0xfe, 0xfe, 0xcd, 0x01, 0xfe, 0xfe, 0xcd, 0x01, 0xfe,
  0xfe, 0xcd, 0x01, 0xfe, 0xfe, 0xcd, 0x01, 0xfe, 0xfe, 0xcd, 0x01, 0xfe,
  0xfe, 0xcd, 0x01, 0xfe, 0xfe, 0xcd, 0x01, 0xfe, 0xfe, 0xcd, 0x01, 0xfe,
  0xfe, 0xcd, 0x01, 0xfe, 0xfe, 0xcd, 0x01, 0xfe, 0xfe, 0xcd, 0x01, 0xfe,
  0xfe, 0xcd, 0x01, 0xfe, 0xfe, 0xcd, 0x01, 0xfe, 0xfe, 0xcd, 0x01, 0xfe,
  0xfe, 0xcd, 0x01, 0xfe, 0xfe, 0xcd, 0x01, 0xfe, 0xfe, 0xcd, 0x01, 0xfe,
  0xfe, 0xcd, 0x01, 0xfe, 0xfe, 0xcd, 0x01, 0xfe, 0xfe, 0xcd, 0x01, 0xfe,
  0xfe, 0xcd, 0x01, 0xfe, 0xfe, 0xcd, 0x01, 0xfe, 0xfe, 0xcd, 0x01, 0xfe,
  0xfe, 0xcd, 0x01, 0xfe, 0xfe, 0xcd, 0x01, 0xfe, 0xfe, 0xcd, 0x01, 0xfe,
  0xfe, 0xcd, 0x01, 0xfe, 0xfe, 0xcd, 0x01, 0xfe, 0xfe, 0xcd, 0x01, 0xfe,
  0xfe, 0xcd, 0x01, 0xfe, 0xfe, 0xcd, 0x01, 0xfe, 0xfe, 0xcd, 0x01, 0xfe,
  0xfe, 0xcd, 0x01, 0xfe, 0xfe, 0xcd, 0x01, 0xfe, 0xfe, 0xcd, 0x01, 0xfe,
  0xfe, 0xcd, 0x01, 0xfe, 0xfe, 0xcd, 0x01, 0xfe, 0xfe, 0xcd, 0x01, 0xfe,
  0xfe, 0xcd, 0x01, 0xfe, 0xfe, 0xcd, 0x01, 0xfe, 0xfe, 0xcd, 0x01, 0xfe,
  0xfe, 0xcd, 0x01, 0xfe, 0xfe, 0xcd, 0x01, 0xfe, 0xfe, 0xcd, 0x01, 0xfe,
  0xfe, 0xcd, 0x01, 0xfe, 0xfe, 0xcd, 0x01, 0xfe, 0xfe, 0xcd, 0x01, 0xfe,
  0xfe, 0xcd, 0x01, 0xfe, 0xfe, 0xcd, 0x01, 0xfe, 0xfe, 0xcd, 0x01, 0xfe,
  0xfe, 0xcd, 0x01, 0xfe, 0xfe, 0xcd, 0x01, 0xfe, 0xfe, 0xcd, 0x01, 0xfe,
  0xfe, 0xcd, 0x01, 0xfe, 0xfe, 0xcd, 0x01, 0xfe, 0xfe, 0xcd, 0x01, 0xfe,
  0xfe, 0xcd, 0x01, 0xfe, 0xfe, 0xcd, 0x01, 0xfe, 0xfe, 0xcd, 0x01, 0xfe,
  0xfe, 0xcd, 0x01, 0xfe, 0xfe, 0xcd, 0x01, 0xfe, 0xfe, 0xcd, 0x01, 0xfe,
  0xfe, 0xcd, 0x01, 0xfe, 0xfe, 0xcd, 0x01, 0xfe, 0xfe, 0xcd, 0x01, 0xfe,
  0xfe, 0xcd, 0x01, 0xfe, 0xfe, 0xcd, 0x01, 0xfe, 0xfe, 0xcd, 0x01, 0xfe,
  0xfe, 0xcd, 0x01, 0xfe, 0xfe, 0xcd, 0x01, 0xfe, 0xfe, 0xcd, 0x01, 0xfe,
  0xfe, 0xcd, 0x01, 0xfe, 0xfe, 0xcd, 0x01, 0xfe, 0xfe, 0xcd, 0x01, 0xfe,
  0xfe, 0xcd, 0x01, 0xfe, 0xfe, 0xcd, 0x01, 0xfe, 0xfe, 0xcd, 0x01, 0xfe,
  0xfe, 0xcd, 0x01, 0xfe, 0xfe, 0xcd, 0x01, 0xfe, 0xfe, 0xcd, 0x01, 0xfe,
  0xfe, 0xcd, 0x01, 0xfe, 0xfe, 0xcd, 0x01, 0xfe, 0xfe, 0xcd, 0x01, 0xfe,
  0xfe, 0xcd, 0x01, 0xfe, 0xfe, 0xcd, 0x01, 0xfe, 0xfe, 0xcd, 0x01, 0xfe,
  0xfe, 0xcd, 0x01, 0xfe, 0xfe, 0xcd, 0x01, 0xfe, 0xfe, 0xcd, 0x01, 0xff,
  0xfe, 0xcd, 0x01, 0xff, 0xfe, 0xcd, 0x01, 0xff, 0xfe, 0xcd, 0x01, 0xff,
  0xfe, 0xcd, 0x01, 0xff, 0xfe, 0xcd, 0x01, 0xff, 0xfe, 0xcd, 0x01, 0xff,
  0xfe, 0xcd, 0x01, 0xff, 0xfe, 0xcd, 0x01, 0xff, 0xfe, 0xcd, 0x01, 0xff,
  0xfe, 0xcd, 0x01, 0xff, 0xfe, 0xcd, 0x01, 0xff, 0xfe, 0xcd, 0x01, 0xff,
  0xfe, 0xcd, 0x01, 0xff, 0xfe, 0xcd, 0x01, 0xff, 0xfe, 0xcd, 0x01, 0xff,
  0xfe, 0xcd, 0x01, 0xff, 0xfe, 0xcd, 0x01, 0xff, 0xfe, 0xcd, 0x01, 0xff,
  0xfe, 0xcd, 0x01, 0xff, 0xfe, 0xcd, 0x01, 0xff, 0xfe, 0xcd, 0x01, 0xff,
  0xfe, 0xcd, 0x01, 0xff, 0xfe, 0xcd, 0x01, 0xff, 0xfe, 0xcd, 0x01, 0xff,
  0xfe, 0xcd, 0x01, 0xff, 0xfe, 0xcd, 0x01, 0xff, 0xfe, 0xcd, 0x01, 0xff,
  0xfe, 0xcd, 0x01, 0xff, 0xfe, 0xcd, 0x01, 0xff, 0xfe, 0xcd, 0x01, 0xff,
  0xfe, 0xcd, 0x01, 0xff, 0xfe, 0xcd, 0x01, 0xff, 0xfe, 0xcd, 0x01, 0xff,
  0xfe, 0xcd, 0x01, 0xff, 0xfe, 0xcd, 0x01, 0xff, 0xfe, 0xcd, 0x01, 0xff,
  0xfe, 0xcd, 0x01, 0xff, 0xfe, 0xcd, 0x01, 0xff, 0xfe, 0xcd, 0x01, 0xff,
  0xfe, 0xcd, 0x01, 0xff, 0xfe, 0xcd, 0x01, 0xff, 0xfe, 0xcd, 0x01, 0xff,
  0xfe, 0xcd, 0x01, 0xff, 0xfe, 0xcd, 0x01, 0xff, 0xfe, 0xcd, 0x01, 0xff,
  0xfe, 0xcd, 0x01, 0xff, 0x93, 0x75, 0x00, 0xfe, 0x00, 0x00, 0x00, 0xff,
  0x00, 0x00, 0x00, 0xff, 0x00, 0x00, 0x00, 0xff, 0x00, 0x00, 0x00, 0xff,
  0x00, 0x00, 0x00, 0xc6, 0x00, 0x00, 0x00, 0x00, 0x00, 0x00, 0x00, 0x00,
  0x00, 0x00, 0x00, 0x00, 0x00, 0x00, 0x00, 0x00, 0x00, 0x00, 0x00, 0x00,
  0x00, 0x00, 0x00, 0x00, 0x00, 0x00, 0x00, 0x00, 0x00, 0x00, 0x00, 0x00,
  0x00, 0x00, 0x00, 0x00, 0x00, 0x00, 0x00, 0x00, 0x00, 0x00, 0x00, 0x00,
  0x00, 0x00, 0x00, 0x00, 0x00, 0x00, 0x00, 0x00, 0x00, 0x00, 0x00, 0x10,
  0x00, 0x00, 0x00, 0xe0, 0x00, 0x00, 0x00, 0xff, 0x00, 0x00, 0x00, 0xff,
  0x00, 0x00, 0x00, 0xff, 0x00, 0x00, 0x00, 0xff, 0x5d, 0x1a, 0x10, 0xff,
  0xf7, 0x45, 0x29, 0xff, 0xf7, 0x45, 0x29, 0xff, 0xf7, 0x45, 0x29, 0xff,
  0xf7, 0x45, 0x29, 0xff, 0xf9, 0x47, 0x28, 0xff, 0xf9, 0x47, 0x28, 0xff,
  0xf9, 0x47, 0x28, 0xff, 0xf9, 0x47, 0x28, 0xff, 0xf9, 0x47, 0x28, 0xff,
  0xf9, 0x47, 0x28, 0xff, 0xf9, 0x47, 0x28, 0xff, 0xf9, 0x47, 0x28, 0xff,
  0xf9, 0x47, 0x28, 0xff, 0xf9, 0x47, 0x28, 0xff, 0xf9, 0x47, 0x28, 0xff,
  0xf9, 0x47, 0x28, 0xff, 0xf9, 0x47, 0x28, 0xff, 0xf9, 0x47, 0x28, 0xff,
  0xf9, 0x47, 0x28, 0xff, 0xf9, 0x47, 0x28, 0xff, 0xf9, 0x47, 0x28, 0xff,
  0xf9, 0x47, 0x28, 0xff, 0xf9, 0x47, 0x28, 0xff, 0xf9, 0x47, 0x28, 0xff,
  0xf9, 0x47, 0x28, 0xff, 0xf9, 0x47, 0x28, 0xff, 0xf9, 0x47, 0x28, 0xff,
  0xf9, 0x47, 0x28, 0xff, 0xf9, 0x47, 0x28, 0xff, 0xf9, 0x47, 0x28, 0xff,
  0xf9, 0x47, 0x28, 0xff, 0xf9, 0x47, 0x28, 0xff, 0xf9, 0x47, 0x28, 0xff,
  0xf9, 0x47, 0x28, 0xff, 0xf9, 0x47, 0x28, 0xff, 0xf9, 0x47, 0x28, 0xff,
  0xf7, 0x45, 0x29, 0xff, 0xf7, 0x45, 0x29, 0xff, 0xf7, 0x45, 0x29, 0xff,
  0xf7, 0x45, 0x29, 0xff, 0xef, 0x45, 0x29, 0xff, 0x4f, 0x17, 0x0d, 0xff,
  0x00, 0x00, 0x00, 0xff, 0x00, 0x00, 0x00, 0xff, 0x00, 0x00, 0x00, 0xff,
  0x35, 0x35, 0x35, 0xff, 0xfe, 0xcd, 0x01, 0xff, 0xfe, 0xcd, 0x01, 0xff,
  0xfe, 0xcd, 0x01, 0xff, 0xfe, 0xcd, 0x01, 0xff, 0xfe, 0xcd, 0x01, 0xff,
  0xfe, 0xcd, 0x01, 0xfe, 0xfe, 0xcd, 0x01, 0xfe, 0xfe, 0xcd, 0x01, 0xfe,
  0xfe, 0xcd, 0x01, 0xfe, 0xfe, 0xcd, 0x01, 0xfe, 0xfe, 0xcd, 0x01, 0xfe,
  0xfe, 0xcd, 0x01, 0xfe, 0xfe, 0xcd, 0x01, 0xfe, 0xfe, 0xcd, 0x01, 0xfe,
  0xfe, 0xcd, 0x01, 0xfe, 0xfe, 0xcd, 0x01, 0xfe, 0xfe, 0xcd, 0x01, 0xfe,
  0xfe, 0xcd, 0x01, 0xfe, 0xfe, 0xcd, 0x01, 0xfe, 0xfe, 0xcd, 0x01, 0xfe,
  0xfe, 0xcd, 0x01, 0xfe, 0xfe, 0xcd, 0x01, 0xfe, 0xfe, 0xcd, 0x01, 0xfe,
  0xfe, 0xcd, 0x01, 0xfe, 0xfe, 0xcd, 0x01, 0xfe, 0xfe, 0xcd, 0x01, 0xfe,
  0xfe, 0xcd, 0x01, 0xfe, 0xfe, 0xcd, 0x01, 0xfe, 0xfe, 0xcd, 0x01, 0xfe,
  0xfe, 0xcd, 0x01, 0xfe, 0xfe, 0xcd, 0x01, 0xfe, 0xfe, 0xcd, 0x01, 0xfe,
  0xfe, 0xcd, 0x01, 0xfe, 0xfe, 0xcd, 0x01, 0xfe, 0xfe, 0xcd, 0x01, 0xfe,
  0xfe, 0xcd, 0x01, 0xfe, 0xfe, 0xcd, 0x01, 0xfe, 0xfe, 0xcd, 0x01, 0xfe,
  0xfe, 0xcd, 0x01, 0xfe, 0xfe, 0xcd, 0x01, 0xfe, 0xfe, 0xcd, 0x01, 0xfe,
  0xfe, 0xcd, 0x01, 0xfe, 0xfe, 0xcd, 0x01, 0xfe, 0xfe, 0xcd, 0x01, 0xfe,
  0xfe, 0xcd, 0x01, 0xfe, 0xfe, 0xcd, 0x01, 0xfe, 0xfe, 0xcd, 0x01, 0xfe,
  0xfe, 0xcd, 0x01, 0xfe, 0xfe, 0xcd, 0x01, 0xfe, 0xfe, 0xcd, 0x01, 0xfe,
  0xfe, 0xcd, 0x01, 0xfe, 0xfe, 0xcd, 0x01, 0xfe, 0xfe, 0xcd, 0x01, 0xfe,
  0xfe, 0xcd, 0x01, 0xfe, 0xfe, 0xcd, 0x01, 0xfe, 0xfe, 0xcd, 0x01, 0xfe,
  0xfe, 0xcd, 0x01, 0xfe, 0xfe, 0xcd, 0x01, 0xfe, 0xfe, 0xcd, 0x01, 0xfe,
  0xfe, 0xcd, 0x01, 0xfe, 0xfe, 0xcd, 0x01, 0xfe, 0xfe, 0xcd, 0x01, 0xfe,
  0xfe, 0xcd, 0x01, 0xfe, 0xfe, 0xcd, 0x01, 0xfe, 0xfe, 0xcd, 0x01, 0xfe,
  0xfe, 0xcd, 0x01, 0xfe, 0xfe, 0xcd, 0x01, 0xfe, 0xfe, 0xcd, 0x01, 0xfe,
  0xfe, 0xcd, 0x01, 0xfe, 0xfe, 0xcd, 0x01, 0xfe, 0xfe, 0xcd, 0x01, 0xfe,
  0xfe, 0xcd, 0x01, 0xfe, 0xfe, 0xcd, 0x01, 0xfe, 0xfe, 0xcd, 0x01, 0xfe,
  0xfe, 0xcd, 0x01, 0xfe, 0xfe, 0xcd, 0x01, 0xfe, 0xfe, 0xcd, 0x01, 0xfe,
  0xfe, 0xcd, 0x01, 0xfe, 0xfe, 0xcd, 0x01, 0xfe, 0xfe, 0xcd, 0x01, 0xfe,
  0xfe, 0xcd, 0x01, 0xfe, 0xfe, 0xcd, 0x01, 0xfe, 0xfe, 0xcd, 0x01, 0xfe,
  0xfe, 0xcd, 0x01, 0xfe, 0xfe, 0xcd, 0x01, 0xfe, 0xfe, 0xcd, 0x01, 0xfe,
  0xfe, 0xcd, 0x01, 0xfe, 0xfe, 0xcd, 0x01, 0xfe, 0xfe, 0xcd, 0x01, 0xfe,
  0xfe, 0xcd, 0x01, 0xfe, 0xfe, 0xcd, 0x01, 0xfe, 0xfe, 0xcd, 0x01, 0xfe,
  0xfe, 0xcd, 0x01, 0xfe, 0xfe, 0xcd, 0x01, 0xfe, 0xfe, 0xcd, 0x01, 0xfe,
  0xfe, 0xcd, 0x01, 0xfe, 0xfe, 0xcd, 0x01, 0xfe, 0xfe, 0xcd, 0x01, 0xfe,
  0xfe, 0xcd, 0x01, 0xfe, 0xfe, 0xcd, 0x01, 0xfe, 0xfe, 0xcd, 0x01, 0xfe,
  0xfe, 0xcd, 0x01, 0xfe, 0xfe, 0xcd, 0x01, 0xfe, 0xfe, 0xcd, 0x01, 0xfe,
  0xfe, 0xcd, 0x01, 0xfe, 0xfe, 0xcd, 0x01, 0xfe, 0xfe, 0xcd, 0x01, 0xfe,
  0xfe, 0xcd, 0x01, 0xfe, 0xfe, 0xcd, 0x01, 0xfe, 0xfe, 0xcd, 0x01, 0xfe,
  0xfe, 0xcd, 0x01, 0xfe, 0xfe, 0xcd, 0x01, 0xfe, 0xfe, 0xcd, 0x01, 0xfe,
  0xfe, 0xcd, 0x01, 0xfe, 0xfe, 0xcd, 0x01, 0xfe, 0xfe, 0xcd, 0x01, 0xfe,
  0xfe, 0xcd, 0x01, 0xfe, 0xfe, 0xcd, 0x01, 0xfe, 0xfe, 0xcd, 0x01, 0xfe,
  0xfe, 0xcd, 0x01, 0xfe, 0xfe, 0xcd, 0x01, 0xfe, 0xfe, 0xcd, 0x01, 0xfe,
  0xfe, 0xcd, 0x01, 0xfe, 0xfe, 0xcd, 0x01, 0xfe, 0xfe, 0xcd, 0x01, 0xfe,
  0xfe, 0xcd, 0x01, 0xfe, 0xfe, 0xcd, 0x01, 0xfe, 0xfe, 0xcd, 0x01, 0xfe,
  0xfe, 0xcd, 0x01, 0xfe, 0xfe, 0xcd, 0x01, 0xfe, 0xfe, 0xcd, 0x01, 0xfe,
  0xfe, 0xcd, 0x01, 0xfe, 0xfe, 0xcd, 0x01, 0xfe, 0xfe, 0xcd, 0x01, 0xfe,
  0xfe, 0xcd, 0x01, 0xfe, 0xfe, 0xcd, 0x01, 0xfe, 0xfe, 0xcd, 0x01, 0xfe,
  0xfe, 0xcd, 0x01, 0xfe, 0xfe, 0xcd, 0x01, 0xfe, 0xfe, 0xcd, 0x01, 0xfe,
  0xfe, 0xcd, 0x01, 0xfe, 0xfe, 0xcd, 0x01, 0xfe, 0xfe, 0xcd, 0x01, 0xfe,
  0xfe, 0xcd, 0x01, 0xfe, 0xfe, 0xcd, 0x01, 0xfe, 0xfe, 0xcd, 0x01, 0xfe,
  0xfe, 0xcd, 0x01, 0xfe, 0xfe, 0xcd, 0x01, 0xfe, 0xfe, 0xcd, 0x01, 0xfe,
  0xfe, 0xcd, 0x01, 0xfe, 0xfe, 0xcd, 0x01, 0xfe, 0xfe, 0xcd, 0x01, 0xfe,
  0xfe, 0xcd, 0x01, 0xfe, 0xfe, 0xcd, 0x01, 0xff, 0xfe, 0xcd, 0x01, 0xff,
  0xfe, 0xcd, 0x01, 0xff, 0xfe, 0xcd, 0x01, 0xff, 0xfe, 0xcd, 0x01, 0xff,
  0xfe, 0xcd, 0x01, 0xff, 0xfe, 0xcd, 0x01, 0xff, 0xfe, 0xcd, 0x01, 0xff,
  0xfe, 0xcd, 0x01, 0xff, 0xfe, 0xcd, 0x01, 0xff, 0xfe, 0xcd, 0x01, 0xff,
  0xfe, 0xcd, 0x01, 0xff, 0xfe, 0xcd, 0x01, 0xff, 0xfe, 0xcd, 0x01, 0xff,
  0xfe, 0xcd, 0x01, 0xff, 0xfe, 0xcd, 0x01, 0xff, 0xfe, 0xcd, 0x01, 0xff,
  0xfe, 0xcd, 0x01, 0xff, 0xfe, 0xcd, 0x01, 0xff, 0xfe, 0xcd, 0x01, 0xff,
  0xfe, 0xcd, 0x01, 0xff, 0xfe, 0xcd, 0x01, 0xff, 0xfe, 0xcd, 0x01, 0xff,
  0xfe, 0xcd, 0x01, 0xff, 0xfe, 0xcd, 0x01, 0xff, 0xfe, 0xcd, 0x01, 0xff,
  0xfe, 0xcd, 0x01, 0xff, 0xfe, 0xcd, 0x01, 0xff, 0xfe, 0xcd, 0x01, 0xff,
  0xfe, 0xcd, 0x01, 0xff, 0xfe, 0xcd, 0x01, 0xff, 0xfe, 0xcd, 0x01, 0xff,
  0xfe, 0xcd, 0x01, 0xff, 0xfe, 0xcd, 0x01, 0xff, 0xfe, 0xcd, 0x01, 0xff,
  0xfe, 0xcd, 0x01, 0xff, 0xfe, 0xcd, 0x01, 0xff, 0xfe, 0xcd, 0x01, 0xff,
  0xfe, 0xcd, 0x01, 0xff, 0xfe, 0xcd, 0x01, 0xff, 0xfe, 0xcd, 0x01, 0xff,
  0xfe, 0xcd, 0x01, 0xff, 0xfe, 0xcd, 0x01, 0xff, 0xfe, 0xcd, 0x01, 0xff,
  0xfe, 0xcd, 0x01, 0xff, 0xfe, 0xcd, 0x01, 0xff, 0xfe, 0xcd, 0x01, 0xff,
  0xfe, 0xcd, 0x01, 0xff, 0x5f, 0x4c, 0x00, 0xff, 0x00, 0x00, 0x00, 0xff,
  0x00, 0x00, 0x00, 0xff, 0x00, 0x00, 0x00, 0xff, 0x00, 0x00, 0x00, 0xff,
  0x00, 0x00, 0x00, 0x70, 0x00, 0x00, 0x00, 0x00, 0x00, 0x00, 0x00, 0x00,
  0x00, 0x00, 0x00, 0x00, 0x00, 0x00, 0x00, 0x00, 0x00, 0x00, 0x00, 0x00,
  0x00, 0x00, 0x00, 0x00, 0x00, 0x00, 0x00, 0x00, 0x00, 0x00, 0x00, 0x00,
  0x00, 0x00, 0x00, 0x00, 0x00, 0x00, 0x00, 0x00, 0x00, 0x00, 0x00, 0x00,
  0x00, 0x00, 0x00, 0x00, 0x00, 0x00, 0x00, 0x73, 0x00, 0x00, 0x00, 0xff,
  0x00, 0x00, 0x00, 0xff, 0x10, 0x04, 0x00, 0xff, 0x10, 0x04, 0x00, 0xff,
  0x10, 0x04, 0x00, 0xff, 0xff, 0x49, 0x29, 0xff, 0xf9, 0x47, 0x28, 0xff,
  0xf9, 0x47, 0x28, 0xff, 0xf9, 0x47, 0x28, 0xff, 0xf9, 0x47, 0x28, 0xff,
  0xf9, 0x47, 0x28, 0xff, 0xf9, 0x47, 0x28, 0xff, 0xf9, 0x47, 0x28, 0xff,
  0xf9, 0x47, 0x28, 0xff, 0xf8, 0x49, 0x28, 0xff, 0xf8, 0x49, 0x28, 0xff,
  0xf9, 0x48, 0x28, 0xff, 0xf9, 0x47, 0x28, 0xff, 0xf9, 0x47, 0x28, 0xff,
  0xf9, 0x47, 0x28, 0xff, 0xf9, 0x47, 0x28, 0xff, 0xf9, 0x47, 0x28, 0xff,
  0xf9, 0x47, 0x28, 0xff, 0xf9, 0x47, 0x28, 0xff, 0xf9, 0x47, 0x28, 0xff,
  0xf9, 0x47, 0x28, 0xff, 0xf9, 0x47, 0x28, 0xff, 0xf9, 0x47, 0x28, 0xff,
  0xf9, 0x47, 0x28, 0xff, 0xf9, 0x47, 0x28, 0xff, 0xf9, 0x47, 0x28, 0xff,
  0xf9, 0x47, 0x28, 0xff, 0xf9, 0x47, 0x28, 0xff, 0xf9, 0x47, 0x28, 0xff,
  0xf9, 0x47, 0x28, 0xff, 0xf9, 0x47, 0x28, 0xff, 0xf8, 0x4a, 0x2a, 0xff,
  0xf8, 0x4c, 0x2d, 0xff, 0xf7, 0x50, 0x30, 0xff, 0xf7, 0x51, 0x31, 0xff,
  0xf7, 0x51, 0x31, 0xff, 0xf7, 0x51, 0x31, 0xff, 0xf9, 0x47, 0x28, 0xff,
  0xf9, 0x47, 0x28, 0xff, 0xf9, 0x47, 0x28, 0xff, 0xf9, 0x47, 0x28, 0xff,
  0xf7, 0x45, 0x29, 0xff, 0xf7, 0x45, 0x29, 0xff, 0x18, 0x08, 0x00, 0xff,
  0x18, 0x08, 0x00, 0xff, 0x00, 0x00, 0x00, 0xff, 0x00, 0x00, 0x00, 0xff,
  0xd0, 0xb4, 0x41, 0xff, 0xfe, 0xcd, 0x01, 0xff, 0xfe, 0xcd, 0x01, 0xff,
  0xfe, 0xcd, 0x01, 0xff, 0xfe, 0xcd, 0x01, 0xff, 0xfe, 0xcd, 0x01, 0xfe,
  0xfe, 0xcd, 0x01, 0xfe, 0xfe, 0xcd, 0x01, 0xfe, 0xfe, 0xcd, 0x01, 0xfe,
  0xfe, 0xcd, 0x01, 0xfe, 0xfe, 0xcd, 0x01, 0xfe, 0xfe, 0xcd, 0x01, 0xfe,
  0xfe, 0xcd, 0x01, 0xfe, 0xfe, 0xcd, 0x01, 0xfe, 0xfe, 0xcd, 0x01, 0xfe,
  0xfe, 0xcd, 0x01, 0xfe, 0xfe, 0xcd, 0x01, 0xfe, 0xfe, 0xcd, 0x01, 0xfe,
  0xfe, 0xcd, 0x01, 0xfe, 0xfe, 0xcd, 0x01, 0xfe, 0xfe, 0xcd, 0x01, 0xfe,
  0xfe, 0xcd, 0x01, 0xfe, 0xfe, 0xcd, 0x01, 0xfe, 0xfe, 0xcd, 0x01, 0xfe,
  0xfe, 0xcd, 0x01, 0xfe, 0xfe, 0xcd, 0x01, 0xfe, 0xfe, 0xcd, 0x01, 0xfe,
  0xfe, 0xcd, 0x01, 0xfe, 0xfe, 0xcd, 0x01, 0xfe, 0xfe, 0xcd, 0x01, 0xfe,
  0xfe, 0xcd, 0x01, 0xfe, 0xfe, 0xcd, 0x01, 0xfe, 0xfe, 0xcd, 0x01, 0xfe,
  0xfe, 0xcd, 0x01, 0xfe, 0xfe, 0xcd, 0x01, 0xfe, 0xfe, 0xcd, 0x01, 0xfe,
  0xfe, 0xcd, 0x01, 0xfe, 0xfe, 0xcd, 0x01, 0xfe, 0xfe, 0xcd, 0x01, 0xfe,
  0xfe, 0xcd, 0x01, 0xfe, 0xfe, 0xcd, 0x01, 0xfe, 0xfe, 0xcd, 0x01, 0xfe,
  0xfe, 0xcd, 0x01, 0xfe, 0xfe, 0xcd, 0x01, 0xfe, 0xfe, 0xcd, 0x01, 0xfe,
  0xfe, 0xcd, 0x01, 0xfe, 0xfe, 0xcd, 0x01, 0xfe, 0xfe, 0xcd, 0x01, 0xfe,
  0xfe, 0xcd, 0x01, 0xfe, 0xfe, 0xcd, 0x01, 0xfe, 0xfe, 0xcd, 0x01, 0xfe,
  0xfe, 0xcd, 0x01, 0xfe, 0xfe, 0xcd, 0x01, 0xfe, 0xfe, 0xcd, 0x01, 0xfe,
  0xfe, 0xcd, 0x01, 0xfe, 0xfe, 0xcd, 0x01, 0xfe, 0xfe, 0xcd, 0x01, 0xfe,
  0xfe, 0xcd, 0x01, 0xfe, 0xfe, 0xcd, 0x01, 0xfe, 0xfe, 0xcd, 0x01, 0xfe,
  0xfe, 0xcd, 0x01, 0xfe, 0xfe, 0xcd, 0x01, 0xfe, 0xfe, 0xcd, 0x01, 0xfe,
  0xfe, 0xcd, 0x01, 0xfe, 0xfe, 0xcd, 0x01, 0xfe, 0xfe, 0xcd, 0x01, 0xfe,
  0xfe, 0xcd, 0x01, 0xfe, 0xfe, 0xcd, 0x01, 0xfe, 0xfe, 0xcd, 0x01, 0xfe,
  0xfe, 0xcd, 0x01, 0xfe, 0xfe, 0xcd, 0x01, 0xfe, 0xfe, 0xcd, 0x01, 0xfe,
  0xfe, 0xcd, 0x01, 0xfe, 0xfe, 0xcd, 0x01, 0xfe, 0xfe, 0xcd, 0x01, 0xfe,
  0xfe, 0xcd, 0x01, 0xfe, 0xfe, 0xcd, 0x01, 0xfe, 0xfe, 0xcd, 0x01, 0xfe,
  0xfe, 0xcd, 0x01, 0xfe, 0xfe, 0xcd, 0x01, 0xfe, 0xfe, 0xcd, 0x01, 0xfe,
  0xfe, 0xcd, 0x01, 0xfe, 0xfe, 0xcd, 0x01, 0xfe, 0xfe, 0xcd, 0x01, 0xfe,
  0xfe, 0xcd, 0x01, 0xfe, 0xfe, 0xcd, 0x01, 0xfe, 0xfe, 0xcd, 0x01, 0xfe,
  0xfe, 0xcd, 0x01, 0xfe, 0xfe, 0xcd, 0x01, 0xfe, 0xfe, 0xcd, 0x01, 0xfe,
  0xfe, 0xcd, 0x01, 0xfe, 0xfe, 0xcd, 0x01, 0xfe, 0xfe, 0xcd, 0x01, 0xfe,
  0xfe, 0xcd, 0x01, 0xfe, 0xfe, 0xcd, 0x01, 0xfe, 0xfe, 0xcd, 0x01, 0xfe,
  0xfe, 0xcd, 0x01, 0xfe, 0xfe, 0xcd, 0x01, 0xfe, 0xfe, 0xcd, 0x01, 0xfe,
  0xfe, 0xcd, 0x01, 0xfe, 0xfe, 0xcd, 0x01, 0xfe, 0xfe, 0xcd, 0x01, 0xfe,
  0xfe, 0xcd, 0x01, 0xfe, 0xfe, 0xcd, 0x01, 0xfe, 0xfe, 0xcd, 0x01, 0xfe,
  0xfe, 0xcd, 0x01, 0xfe, 0xfe, 0xcd, 0x01, 0xfe, 0xfe, 0xcd, 0x01, 0xfe,
  0xfe, 0xcd, 0x01, 0xfe, 0xfe, 0xcd, 0x01, 0xfe, 0xfe, 0xcd, 0x01, 0xfe,
  0xfe, 0xcd, 0x01, 0xfe, 0xfe, 0xcd, 0x01, 0xfe, 0xfe, 0xcd, 0x01, 0xfe,
  0xfe, 0xcd, 0x01, 0xfe, 0xfe, 0xcd, 0x01, 0xfe, 0xfe, 0xcd, 0x01, 0xfe,
  0xfe, 0xcd, 0x01, 0xfe, 0xfe, 0xcd, 0x01, 0xfe, 0xfe, 0xcd, 0x01, 0xfe,
  0xfe, 0xcd, 0x01, 0xfe, 0xfe, 0xcd, 0x01, 0xfe, 0xfe, 0xcd, 0x01, 0xfe,
  0xfe, 0xcd, 0x01, 0xfe, 0xfe, 0xcd, 0x01, 0xfe, 0xfe, 0xcd, 0x01, 0xfe,
  0xfe, 0xcd, 0x01, 0xfe, 0xfe, 0xcd, 0x01, 0xfe, 0xfe, 0xcd, 0x01, 0xfe,
  0xfe, 0xcd, 0x01, 0xfe, 0xfe, 0xcd, 0x01, 0xfe, 0xfe, 0xcd, 0x01, 0xfe,
  0xfe, 0xcd, 0x01, 0xfe, 0xfe, 0xcd, 0x01, 0xfe, 0xfe, 0xcd, 0x01, 0xfe,
  0xfe, 0xcd, 0x01, 0xfe, 0xfe, 0xcd, 0x01, 0xfe, 0xfe, 0xcd, 0x01, 0xfe,
  0xfe, 0xcd, 0x01, 0xfe, 0xfe, 0xcd, 0x01, 0xfe, 0xfe, 0xcd, 0x01, 0xfe,
  0xfe, 0xcd, 0x01, 0xfe, 0xfe, 0xcd, 0x01, 0xfe, 0xfe, 0xcd, 0x01, 0xfe,
  0xfe, 0xcd, 0x01, 0xfe, 0xfe, 0xcd, 0x01, 0xfe, 0xfe, 0xcd, 0x01, 0xfe,
  0xfe, 0xcd, 0x01, 0xfe, 0xfe, 0xcd, 0x01, 0xfe, 0xfe, 0xcd, 0x01, 0xfe,
  0xfe, 0xcd, 0x01, 0xfe, 0xfe, 0xcd, 0x01, 0xfe, 0xfe, 0xcd, 0x01, 0xfe,
  0xfe, 0xcd, 0x01, 0xff, 0xfe, 0xcd, 0x01, 0xff, 0xfe, 0xcd, 0x01, 0xff,
  0xfe, 0xcd, 0x01, 0xff, 0xfe, 0xcd, 0x01, 0xff, 0xfe, 0xcd, 0x01, 0xff,
  0xfe, 0xcd, 0x01, 0xff, 0xfe, 0xcd, 0x01, 0xff, 0xfe, 0xcd, 0x01, 0xff,
  0xfe, 0xcd, 0x01, 0xff, 0xfe, 0xcd, 0x01, 0xff, 0xfe, 0xcd, 0x01, 0xff,
  0xfe, 0xcd, 0x01, 0xff, 0xfe, 0xcd, 0x01, 0xff, 0xfe, 0xcd, 0x01, 0xff,
  0xfe, 0xcd, 0x01, 0xff, 0xfe, 0xcd, 0x01, 0xff, 0xfe, 0xcd, 0x01, 0xff,
  0xfe, 0xcd, 0x01, 0xff, 0xfe, 0xcd, 0x01, 0xff, 0xfe, 0xcd, 0x01, 0xff,
  0xfe, 0xcd, 0x01, 0xff, 0xfe, 0xcd, 0x01, 0xff, 0xfe, 0xcd, 0x01, 0xff,
  0xfe, 0xcd, 0x01, 0xff, 0xfe, 0xcd, 0x01, 0xff, 0xfe, 0xcd, 0x01, 0xff,
  0xfe, 0xcd, 0x01, 0xff, 0xfe, 0xcd, 0x01, 0xff, 0xfe, 0xcd, 0x01, 0xff,
  0xfe, 0xcd, 0x01, 0xff, 0xfe, 0xcd, 0x01, 0xff, 0xfe, 0xcd, 0x01, 0xff,
  0xfe, 0xcd, 0x01, 0xff, 0xfe, 0xcd, 0x01, 0xff, 0xfe, 0xcd, 0x01, 0xff,
  0xfe, 0xcd, 0x01, 0xff, 0xfe, 0xcd, 0x01, 0xff, 0xfe, 0xcd, 0x01, 0xff,
  0xfe, 0xcd, 0x01, 0xff, 0xfe, 0xcd, 0x01, 0xff, 0xfe, 0xcd, 0x01, 0xff,
  0xfe, 0xcd, 0x01, 0xff, 0xfe, 0xcd, 0x01, 0xff, 0xfe, 0xcd, 0x01, 0xff,
  0xfe, 0xcd, 0x01, 0xff, 0xfe, 0xcd, 0x01, 0xff, 0xfe, 0xcd, 0x01, 0xff,
  0xfe, 0xcd, 0x01, 0xff, 0x3c, 0x30, 0x00, 0xff, 0x00, 0x00, 0x00, 0xff,
  0x00, 0x00, 0x00, 0xff, 0x00, 0x00, 0x00, 0xff, 0x00, 0x00, 0x00, 0xf0,
  0x00, 0x00, 0x00, 0x10, 0x00, 0x00, 0x00, 0x00, 0x00, 0x00, 0x00, 0x00,
  0x00, 0x00, 0x00, 0x00, 0x00, 0x00, 0x00, 0x00, 0x00, 0x00, 0x00, 0x00,
  0x00, 0x00, 0x00, 0x00, 0x00, 0x00, 0x00, 0x00, 0x00, 0x00, 0x00, 0x00,
  0x00, 0x00, 0x00, 0x00, 0x00, 0x00, 0x00, 0x00, 0x00, 0x00, 0x00, 0x20,
  0x00, 0x00, 0x00, 0xf1, 0x00, 0x00, 0x00, 0xff, 0x00, 0x00, 0x00, 0xff,
  0x10, 0x04, 0x00, 0xff, 0x10, 0x04, 0x00, 0xff, 0xaf, 0x32, 0x1b, 0xff,
  0xff, 0x49, 0x29, 0xff, 0xf9, 0x47, 0x28, 0xff, 0xf9, 0x47, 0x28, 0xff,
  0xf9, 0x47, 0x28, 0xff, 0xf9, 0x47, 0x28, 0xff, 0xf9, 0x47, 0x28, 0xff,
  0xf9, 0x47, 0x28, 0xff, 0xf9, 0x47, 0x28, 0xff, 0xf9, 0x47, 0x28, 0xff,
  0xf9, 0x47, 0x28, 0xff, 0xf9, 0x47, 0x28, 0xff, 0xf9, 0x47, 0x28, 0xff,
  0xf9, 0x47, 0x28, 0xff, 0xf9, 0x47, 0x28, 0xff, 0xf9, 0x47, 0x28, 0xff,
  0xf9, 0x47, 0x28, 0xff, 0xf9, 0x47, 0x28, 0xff, 0xf9, 0x47, 0x28, 0xff,
  0xf9, 0x47, 0x28, 0xff, 0xf9, 0x47, 0x28, 0xff, 0xf9, 0x47, 0x28, 0xff,
  0xf9, 0x47, 0x28, 0xff, 0xf9, 0x47, 0x28, 0xff, 0xf9, 0x47, 0x28, 0xff,
  0xf9, 0x47, 0x28, 0xff, 0xf9, 0x47, 0x28, 0xff, 0xf9, 0x47, 0x28, 0xff,
  0xf9, 0x47, 0x28, 0xff, 0xf9, 0x47, 0x28, 0xff, 0xf9, 0x47, 0x28, 0xff,
  0xf9, 0x47, 0x28, 0xff, 0xf9, 0x47, 0x28, 0xff, 0xf9, 0x47, 0x28, 0xff,
  0xf9, 0x48, 0x29, 0xff, 0xf8, 0x4c, 0x2c, 0xff, 0xf7, 0x4f, 0x2f, 0xff,
  0xf7, 0x51, 0x31, 0xff, 0xf9, 0x47, 0x28, 0xff, 0xf9, 0x47, 0x28, 0xff,
  0xf9, 0x47, 0x28, 0xff, 0xf9, 0x47, 0x28, 0xff, 0xf7, 0x45, 0x29, 0xff,
  0xf7, 0x45, 0x29, 0xff, 0xac, 0x30, 0x1b, 0xff, 0x18, 0x08, 0x00, 0xff,
  0x00, 0x00, 0x00, 0xff, 0x00, 0x00, 0x00, 0xff, 0x0f, 0x0f, 0x0f, 0xff,
  0xfe, 0xcd, 0x01, 0xff, 0xfe, 0xcd, 0x01, 0xff, 0xfe, 0xcd, 0x01, 0xff,
  0xfe, 0xcd, 0x01, 0xff, 0xfe, 0xcd, 0x01, 0xff, 0xfe, 0xcd, 0x01, 0xfe,
  0xfe, 0xcd, 0x01, 0xfe, 0xfe, 0xcd, 0x01, 0xfe, 0xfe, 0xcd, 0x01, 0xfe,
  0xfe, 0xcd, 0x01, 0xfe, 0xfe, 0xcd, 0x01, 0xfe, 0xfe, 0xcd, 0x01, 0xfe,
  0xfe, 0xcd, 0x01, 0xfe, 0xfe, 0xcd, 0x01, 0xfe, 0xfe, 0xcd, 0x01, 0xfe,
  0xfe, 0xcd, 0x01, 0xfe, 0xfe, 0xcd, 0x01, 0xfe, 0xfe, 0xcd, 0x01, 0xfe,
  0xfe, 0xcd, 0x01, 0xfe, 0xfe, 0xcd, 0x01, 0xfe, 0xfe, 0xcd, 0x01, 0xfe,
  0xfe, 0xcd, 0x01, 0xfe, 0xfe, 0xcd, 0x01, 0xfe, 0xfe, 0xcd, 0x01, 0xfe,
  0xfe, 0xcd, 0x01, 0xfe, 0xfe, 0xcd, 0x01, 0xfe, 0xfe, 0xcd, 0x01, 0xfe,
  0xfe, 0xcd, 0x01, 0xfe, 0xfe, 0xcd, 0x01, 0xfe, 0xfe, 0xcd, 0x01, 0xfe,
  0xfe, 0xcd, 0x01, 0xfe, 0xfe, 0xcd, 0x01, 0xfe, 0xfe, 0xcd, 0x01, 0xfe,
  0xfe, 0xcd, 0x01, 0xfe, 0xfe, 0xcd, 0x01, 0xfe, 0xfe, 0xcd, 0x01, 0xfe,
  0xfe, 0xcd, 0x01, 0xfe, 0xfe, 0xcd, 0x01, 0xfe, 0xfe, 0xcd, 0x01, 0xfe,
  0xfe, 0xcd, 0x01, 0xfe, 0xfe, 0xcd, 0x01, 0xfe, 0xfe, 0xcd, 0x01, 0xfe,
  0xfe, 0xcd, 0x01, 0xfe, 0xfe, 0xcd, 0x01, 0xfe, 0xfe, 0xcd, 0x01, 0xfe,
  0xfe, 0xcd, 0x01, 0xfe, 0xfe, 0xcd, 0x01, 0xfe, 0xfe, 0xcd, 0x01, 0xfe,
  0xfe, 0xcd, 0x01, 0xfe, 0xfe, 0xcd, 0x01, 0xfe, 0xfe, 0xcd, 0x01, 0xfe,
  0xfe, 0xcd, 0x01, 0xfe, 0xfe, 0xcd, 0x01, 0xfe, 0xfe, 0xcd, 0x01, 0xfe,
  0xfe, 0xcd, 0x01, 0xfe, 0xfe, 0xcd, 0x01, 0xfe, 0xfe, 0xcd, 0x01, 0xfe,
  0xfe, 0xcd, 0x01, 0xfe, 0xfe, 0xcd, 0x01, 0xfe, 0xfe, 0xcd, 0x01, 0xfe,
  0xfe, 0xcd, 0x01, 0xfe, 0xfe, 0xcd, 0x01, 0xfe, 0xfe, 0xcd, 0x01, 0xfe,
  0xfe, 0xcd, 0x01, 0xfe, 0xfe, 0xcd, 0x01, 0xfe, 0xfe, 0xcd, 0x01, 0xfe,
  0xfe, 0xcd, 0x01, 0xfe, 0xfe, 0xcd, 0x01, 0xfe, 0xfe, 0xcd, 0x01, 0xfe,
  0xfe, 0xcd, 0x01, 0xfe, 0xfe, 0xcd, 0x01, 0xfe, 0xfe, 0xcd, 0x01, 0xfe,
  0xfe, 0xcd, 0x01, 0xfe, 0xfe, 0xcd, 0x01, 0xfe, 0xfe, 0xcd, 0x01, 0xfe,
  0xfe, 0xcd, 0x01, 0xfe, 0xfe, 0xcd, 0x01, 0xfe, 0xfe, 0xcd, 0x01, 0xfe,
  0xfe, 0xcd, 0x01, 0xfe, 0xfe, 0xcd, 0x01, 0xfe, 0xfe, 0xcd, 0x01, 0xfe,
  0xfe, 0xcd, 0x01, 0xfe, 0xfe, 0xcd, 0x01, 0xfe, 0xfe, 0xcd, 0x01, 0xfe,
  0xfe, 0xcd, 0x01, 0xfe, 0xfe, 0xcd, 0x01, 0xfe, 0xfe, 0xcd, 0x01, 0xfe,
  0xfe, 0xcd, 0x01, 0xfe, 0xfe, 0xcd, 0x01, 0xfe, 0xfe, 0xcd, 0x01, 0xfe,
  0xfe, 0xcd, 0x01, 0xfe, 0xfe, 0xcd, 0x01, 0xfe, 0xfe, 0xcd, 0x01, 0xfe,
  0xfe, 0xcd, 0x01, 0xfe, 0xfe, 0xcd, 0x01, 0xfe, 0xfe, 0xcd, 0x01, 0xfe,
  0xfe, 0xcd, 0x01, 0xfe, 0xfe, 0xcd, 0x01, 0xfe, 0xfe, 0xcd, 0x01, 0xfe,
  0xfe, 0xcd, 0x01, 0xfe, 0xfe, 0xcd, 0x01, 0xfe, 0xfe, 0xcd, 0x01, 0xfe,
  0xfe, 0xcd, 0x01, 0xfe, 0xfe, 0xcd, 0x01, 0xfe, 0xfe, 0xcd, 0x01, 0xfe,
  0xfe, 0xcd, 0x01, 0xfe, 0xfe, 0xcd, 0x01, 0xfe, 0xfe, 0xcd, 0x01, 0xfe,
  0xfe, 0xcd, 0x01, 0xfe, 0xfe, 0xcd, 0x01, 0xfe, 0xfe, 0xcd, 0x01, 0xfe,
  0xfe, 0xcd, 0x01, 0xfe, 0xfe, 0xcd, 0x01, 0xfe, 0xfe, 0xcd, 0x01, 0xfe,
  0xfe, 0xcd, 0x01, 0xfe, 0xfe, 0xcd, 0x01, 0xfe, 0xfe, 0xcd, 0x01, 0xfe,
  0xfe, 0xcd, 0x01, 0xfe, 0xfe, 0xcd, 0x01, 0xfe, 0xfe, 0xcd, 0x01, 0xfe,
  0xfe, 0xcd, 0x01, 0xfe, 0xfe, 0xcd, 0x01, 0xfe, 0xfe, 0xcd, 0x01, 0xfe,
  0xfe, 0xcd, 0x01, 0xfe, 0xfe, 0xcd, 0x01, 0xfe, 0xfe, 0xcd, 0x01, 0xfe,
  0xfe, 0xcd, 0x01, 0xfe, 0xfe, 0xcd, 0x01, 0xfe, 0xfe, 0xcd, 0x01, 0xfe,
  0xfe, 0xcd, 0x01, 0xfe, 0xfe, 0xcd, 0x01, 0xfe, 0xfe, 0xcd, 0x01, 0xfe,
  0xfe, 0xcd, 0x01, 0xfe, 0xfe, 0xcd, 0x01, 0xfe, 0xfe, 0xcd, 0x01, 0xfe,
  0xfe, 0xcd, 0x01, 0xfe, 0xfe, 0xcd, 0x01, 0xfe, 0xfe, 0xcd, 0x01, 0xfe,
  0xfe, 0xcd, 0x01, 0xfe, 0xfe, 0xcd, 0x01, 0xfe, 0xfe, 0xcd, 0x01, 0xfe,
  0xfe, 0xcd, 0x01, 0xfe, 0xfe, 0xcd, 0x01, 0xfe, 0xfe, 0xcd, 0x01, 0xfe,
  0xfe, 0xcd, 0x01, 0xfe, 0xfe, 0xcd, 0x01, 0xfe, 0xfe, 0xcd, 0x01, 0xfe,
  0xfe, 0xcd, 0x01, 0xfe, 0xfe, 0xcd, 0x01, 0xfe, 0xfe, 0xcd, 0x01, 0xfe,
  0xfe, 0xcd, 0x01, 0xfe, 0xfe, 0xcd, 0x01, 0xfe, 0xfe, 0xcd, 0x01, 0xff,
  0xfe, 0xcd, 0x01, 0xff, 0xfe, 0xcd, 0x01, 0xff, 0xfe, 0xcd, 0x01, 0xff,
  0xfe, 0xcd, 0x01, 0xff, 0xfe, 0xcd, 0x01, 0xff, 0xfe, 0xcd, 0x01, 0xff,
  0xfe, 0xcd, 0x01, 0xff, 0xfe, 0xcd, 0x01, 0xff, 0xfe, 0xcd, 0x01, 0xff,
  0xfe, 0xcd, 0x01, 0xff, 0xfe, 0xcd, 0x01, 0xff, 0xfe, 0xcd, 0x01, 0xff,
  0xfe, 0xcd, 0x01, 0xff, 0xfe, 0xcd, 0x01, 0xff, 0xfe, 0xcd, 0x01, 0xff,
  0xfe, 0xcd, 0x01, 0xff, 0xfe, 0xcd, 0x01, 0xff, 0xfe, 0xcd, 0x01, 0xff,
  0xfe, 0xcd, 0x01, 0xff, 0xfe, 0xcd, 0x01, 0xff, 0xfe, 0xcd, 0x01, 0xff,
  0xfe, 0xcd, 0x01, 0xff, 0xfe, 0xcd, 0x01, 0xff, 0xfe, 0xcd, 0x01, 0xff,
  0xfe, 0xcd, 0x01, 0xff, 0xfe, 0xcd, 0x01, 0xff, 0xfe, 0xcd, 0x01, 0xff,
  0xfe, 0xcd, 0x01, 0xff, 0xfe, 0xcd, 0x01, 0xff, 0xfe, 0xcd, 0x01, 0xff,
  0xfe, 0xcd, 0x01, 0xff, 0xfe, 0xcd, 0x01, 0xff, 0xfe, 0xcd, 0x01, 0xff,
  0xfe, 0xcd, 0x01, 0xff, 0xfe, 0xcd, 0x01, 0xff, 0xfe, 0xcd, 0x01, 0xff,
  0xfe, 0xcd, 0x01, 0xff, 0xfe, 0xcd, 0x01, 0xff, 0xfe, 0xcd, 0x01, 0xff,
  0xfe, 0xcd, 0x01, 0xff, 0xfe, 0xcd, 0x01, 0xff, 0xfe, 0xcd, 0x01, 0xff,
  0xfe, 0xcd, 0x01, 0xff, 0xfe, 0xcd, 0x01, 0xff, 0xfe, 0xcd, 0x01, 0xff,
  0xfe, 0xcd, 0x01, 0xff, 0xfe, 0xcd, 0x01, 0xff, 0xfe, 0xcd, 0x01, 0xff,
  0xfe, 0xcd, 0x01, 0xff, 0x00, 0x00, 0x00, 0xff, 0x00, 0x00, 0x00, 0xff,
  0x00, 0x00, 0x00, 0xff, 0x00, 0x00, 0x00, 0xff, 0x00, 0x00, 0x00, 0x96,
  0x00, 0x00, 0x00, 0x00, 0x00, 0x00, 0x00, 0x00, 0x00, 0x00, 0x00, 0x00,
  0x00, 0x00, 0x00, 0x00, 0x00, 0x00, 0x00, 0x00, 0x00, 0x00, 0x00, 0x00,
  0x00, 0x00, 0x00, 0x00, 0x00, 0x00, 0x00, 0x00, 0x00, 0x00, 0x00, 0x00,
  0x00, 0x00, 0x00, 0x00, 0x00, 0x00, 0x00, 0x9c, 0x00, 0x00, 0x00, 0xff,
  0x00, 0x00, 0x00, 0xff, 0x00, 0x00, 0x00, 0xff, 0x10, 0x04, 0x00, 0xff,
  0x5f, 0x1b, 0x0d, 0xff, 0xff, 0x49, 0x29, 0xff, 0xff, 0x49, 0x29, 0xff,
  0xf9, 0x47, 0x28, 0xff, 0xf9, 0x47, 0x28, 0xff, 0xf9, 0x47, 0x28, 0xff,
  0xf9, 0x47, 0x28, 0xff, 0xf9, 0x47, 0x28, 0xff, 0xf9, 0x47, 0x28, 0xff,
  0xf9, 0x47, 0x28, 0xff, 0xf9, 0x47, 0x28, 0xff, 0xf9, 0x47, 0x28, 0xff,
  0xf9, 0x47, 0x28, 0xff, 0xf9, 0x47, 0x28, 0xff, 0xf9, 0x47, 0x28, 0xff,
  0xf9, 0x47, 0x28, 0xff, 0xf9, 0x47, 0x28, 0xff, 0xf9, 0x47, 0x28, 0xff,
  0xf9, 0x47, 0x28, 0xff, 0xf9, 0x47, 0x28, 0xff, 0xf9, 0x47, 0x28, 0xff,
  0xf9, 0x47, 0x28, 0xff, 0xf9, 0x47, 0x28, 0xff, 0xf9, 0x47, 0x28, 0xff,
  0xf9, 0x47, 0x28, 0xff, 0xf9, 0x47, 0x28, 0xff, 0xf9, 0x47, 0x28, 0xff,
  0xf9, 0x47, 0x28, 0xff, 0xf9, 0x47, 0x28, 0xff, 0xf9, 0x47, 0x28, 0xff,
  0xf9, 0x47, 0x28, 0xff, 0xf9, 0x47, 0x28, 0xff, 0xf9, 0x47, 0x28, 0xff,
  0xf9, 0x47, 0x28, 0xff, 0xf9, 0x47, 0x28, 0xff, 0xf9, 0x47, 0x28, 0xff,
  0xf9, 0x47, 0x28, 0xff, 0xf9, 0x49, 0x2a, 0xff, 0xf8, 0x4e, 0x2e, 0xff,
  0xf9, 0x47, 0x28, 0xff, 0xf9, 0x47, 0x28, 0xff, 0xf9, 0x47, 0x28, 0xff,
  0xf9, 0x47, 0x28, 0xff, 0xf7, 0x45, 0x29, 0xff, 0xf7, 0x45, 0x29, 0xff,
  0xf7, 0x45, 0x29, 0xff, 0x62, 0x1c, 0x0d, 0xff, 0x00, 0x00, 0x00, 0xff,
  0x00, 0x00, 0x00, 0xff, 0x00, 0x00, 0x00, 0xff, 0xbc, 0xa1, 0x2d, 0xff,
  0xfe, 0xcd, 0x01, 0xff, 0xfe, 0xcd, 0x01, 0xff, 0xfe, 0xcd, 0x01, 0xff,
  0xfe, 0xcd, 0x01, 0xff, 0xfe, 0xcd, 0x01, 0xfe, 0xfe, 0xcd, 0x01, 0xfe,
  0xfe, 0xcd, 0x01, 0xfe, 0xfe, 0xcd, 0x01, 0xfe, 0xfe, 0xcd, 0x01, 0xfe,
  0xfe, 0xcd, 0x01, 0xfe, 0xfe, 0xcd, 0x01, 0xfe, 0xfe, 0xcd, 0x01, 0xfe,
  0xfe, 0xcd, 0x01, 0xfe, 0xfe, 0xcd, 0x01, 0xfe, 0xfe, 0xcd, 0x01, 0xfe,
  0xfe, 0xcd, 0x01, 0xfe, 0xfe, 0xcd, 0x01, 0xfe, 0xfe, 0xcd, 0x01, 0xfe,
  0xfe, 0xcd, 0x01, 0xfe, 0xfe, 0xcd, 0x01, 0xfe, 0xfe, 0xcd, 0x01, 0xfe,
  0xfe, 0xcd, 0x01, 0xfe, 0xfe, 0xcd, 0x01, 0xfe, 0xfe, 0xcd, 0x01, 0xfe,
  0xfe, 0xcd, 0x01, 0xfe, 0xfe, 0xcd, 0x01, 0xfe, 0xfe, 0xcd, 0x01, 0xfe,
  0xfe, 0xcd, 0x01, 0xfe, 0xfe, 0xcd, 0x01, 0xfe, 0xfe, 0xcd, 0x01, 0xfe,
  0xfe, 0xcd, 0x01, 0xfe, 0xfe, 0xcd, 0x01, 0xfe, 0xfe, 0xcd, 0x01, 0xfe,
  0xfe, 0xcd, 0x01, 0xfe, 0xfe, 0xcd, 0x01, 0xfe, 0xfe, 0xcd, 0x01, 0xfe,
  0xfe, 0xcd, 0x01, 0xfe, 0xfe, 0xcd, 0x01, 0xfe, 0xfe, 0xcd, 0x01, 0xfe,
  0xfe, 0xcd, 0x01, 0xfe, 0xfe, 0xcd, 0x01, 0xfe, 0xfe, 0xcd, 0x01, 0xfe,
  0xfe, 0xcd, 0x01, 0xfe, 0xfe, 0xcd, 0x01, 0xfe, 0xfe, 0xcd, 0x01, 0xfe,
  0xfe, 0xcd, 0x01, 0xfe, 0xfe, 0xcd, 0x01, 0xfe, 0xfe, 0xcd, 0x01, 0xfe,
  0xfe, 0xcd, 0x01, 0xfe, 0xfe, 0xcd, 0x01, 0xfe, 0xfe, 0xcd, 0x01, 0xfe,
  0xfe, 0xcd, 0x01, 0xfe, 0xfe, 0xcd, 0x01, 0xfe, 0xfe, 0xcd, 0x01, 0xfe,
  0xfe, 0xcd, 0x01, 0xfe, 0xfe, 0xcd, 0x01, 0xfe, 0xfe, 0xcd, 0x01, 0xfe,
  0xfe, 0xcd, 0x01, 0xfe, 0xfe, 0xcd, 0x01, 0xfe, 0xfe, 0xcd, 0x01, 0xfe,
  0xfe, 0xcd, 0x01, 0xfe, 0xfe, 0xcd, 0x01, 0xfe, 0xfe, 0xcd, 0x01, 0xfe,
  0xfe, 0xcd, 0x01, 0xfe, 0xfe, 0xcd, 0x01, 0xfe, 0xfe, 0xcd, 0x01, 0xfe,
  0xfe, 0xcd, 0x01, 0xfe, 0xfe, 0xcd, 0x01, 0xfe, 0xfe, 0xcd, 0x01, 0xfe,
  0xfe, 0xcd, 0x01, 0xfe, 0xfe, 0xcd, 0x01, 0xfe, 0xfe, 0xcd, 0x01, 0xfe,
  0xfe, 0xcd, 0x01, 0xfe, 0xfe, 0xcd, 0x01, 0xfe, 0xfe, 0xcd, 0x01, 0xfe,
  0xfe, 0xcd, 0x01, 0xfe, 0xfe, 0xcd, 0x01, 0xfe, 0xfe, 0xcd, 0x01, 0xfe,
  0xfe, 0xcd, 0x01, 0xfe, 0xfe, 0xcd, 0x01, 0xfe, 0xfe, 0xcd, 0x01, 0xfe,
  0xfe, 0xcd, 0x01, 0xfe, 0xfe, 0xcd, 0x01, 0xfe, 0xfe, 0xcd, 0x01, 0xfe,
  0xfe, 0xcd, 0x01, 0xfe, 0xfe, 0xcd, 0x01, 0xfe, 0xfe, 0xcd, 0x01, 0xfe,
  0xfe, 0xcd, 0x01, 0xfe, 0xfe, 0xcd, 0x01, 0xfe, 0xfe, 0xcd, 0x01, 0xfe,
  0xfe, 0xcd, 0x01, 0xfe, 0xfe, 0xcd, 0x01, 0xfe, 0xfe, 0xcd, 0x01, 0xfe,
  0xfe, 0xcd, 0x01, 0xfe, 0xfe, 0xcd, 0x01, 0xfe, 0xfe, 0xcd, 0x01, 0xfe,
  0xfe, 0xcd, 0x01, 0xfe, 0xfe, 0xcd, 0x01, 0xfe, 0xfe, 0xcd, 0x01, 0xfe,
  0xfe, 0xcd, 0x01, 0xfe, 0xfe, 0xcd, 0x01, 0xfe, 0xfe, 0xcd, 0x01, 0xfe,
  0xfe, 0xcd, 0x01, 0xfe, 0xfe, 0xcd, 0x01, 0xfe, 0xfe, 0xcd, 0x01, 0xfe,
  0xfe, 0xcd, 0x01, 0xfe, 0xfe, 0xcd, 0x01, 0xfe, 0xfe, 0xcd, 0x01, 0xfe,
  0xfe, 0xcd, 0x01, 0xfe, 0xfe, 0xcd, 0x01, 0xfe, 0xfe, 0xcd, 0x01, 0xfe,
  0xfe, 0xcd, 0x01, 0xfe, 0xfe, 0xcd, 0x01, 0xfe, 0xfe, 0xcd, 0x01, 0xfe,
  0xfe, 0xcd, 0x01, 0xfe, 0xfe, 0xcd, 0x01, 0xfe, 0xfe, 0xcd, 0x01, 0xfe,
  0xfe, 0xcd, 0x01, 0xfe, 0xfe, 0xcd, 0x01, 0xfe, 0xfe, 0xcd, 0x01, 0xfe,
  0xfe, 0xcd, 0x01, 0xfe, 0xfe, 0xcd, 0x01, 0xfe, 0xfe, 0xcd, 0x01, 0xfe,
  0xfe, 0xcd, 0x01, 0xfe, 0xfe, 0xcd, 0x01, 0xfe, 0xfe, 0xcd, 0x01, 0xfe,
  0xfe, 0xcd, 0x01, 0xfe, 0xfe, 0xcd, 0x01, 0xfe, 0xfe, 0xcd, 0x01, 0xfe,
  0xfe, 0xcd, 0x01, 0xfe, 0xfe, 0xcd, 0x01, 0xfe, 0xfe, 0xcd, 0x01, 0xfe,
  0xfe, 0xcd, 0x01, 0xfe, 0xfe, 0xcd, 0x01, 0xfe, 0xfe, 0xcd, 0x01, 0xfe,
  0xfe, 0xcd, 0x01, 0xfe, 0xfe, 0xcd, 0x01, 0xfe, 0xfe, 0xcd, 0x01, 0xfe,
  0xfe, 0xcd, 0x01, 0xfe, 0xfe, 0xcd, 0x01, 0xfe, 0xfe, 0xcd, 0x01, 0xfe,
  0xfe, 0xcd, 0x01, 0xfe, 0xfe, 0xcd, 0x01, 0xfe, 0xfe, 0xcd, 0x01, 0xfe,
  0xfe, 0xcd, 0x01, 0xfe, 0xfe, 0xcd, 0x01, 0xfe, 0xfe, 0xcd, 0x01, 0xfe,
  0xfe, 0xcd, 0x01, 0xfe, 0xfe, 0xcd, 0x01, 0xfe, 0xfe, 0xcd, 0x01, 0xfe,
  0xfe, 0xcd, 0x01, 0xfe, 0xfe, 0xcd, 0x01, 0xff, 0xfe, 0xcd, 0x01, 0xff,
  0xfe, 0xcd, 0x01, 0xff, 0xfe, 0xcd, 0x01, 0xff, 0xfe, 0xcd, 0x01, 0xff,
  0xfe, 0xcd, 0x01, 0xff, 0xfe, 0xcd, 0x01, 0xff, 0xfe, 0xcd, 0x01, 0xff,
  0xfe, 0xcd, 0x01, 0xff, 0xfe, 0xcd, 0x01, 0xff, 0xfe, 0xcd, 0x01, 0xff,
  0xfe, 0xcd, 0x01, 0xff, 0xfe, 0xcd, 0x01, 0xff, 0xfe, 0xcd, 0x01, 0xff,
  0xfe, 0xcd, 0x01, 0xff, 0xfe, 0xcd, 0x01, 0xff, 0xfe, 0xcd, 0x01, 0xff,
  0xfe, 0xcd, 0x01, 0xff, 0xfe, 0xcd, 0x01, 0xff, 0xfe, 0xcd, 0x01, 0xff,
  0xfe, 0xcd, 0x01, 0xff, 0xfe, 0xcd, 0x01, 0xff, 0xfe, 0xcd, 0x01, 0xff,
  0xfe, 0xcd, 0x01, 0xff, 0xfe, 0xcd, 0x01, 0xff, 0xfe, 0xcd, 0x01, 0xff,
  0xfe, 0xcd, 0x01, 0xff, 0xfe, 0xcd, 0x01, 0xff, 0xfe, 0xcd, 0x01, 0xff,
  0xfe, 0xcd, 0x01, 0xff, 0xfe, 0xcd, 0x01, 0xff, 0xfe, 0xcd, 0x01, 0xff,
  0xfe, 0xcd, 0x01, 0xff, 0xfe, 0xcd, 0x01, 0xff, 0xfe, 0xcd, 0x01, 0xff,
  0xfe, 0xcd, 0x01, 0xff, 0xfe, 0xcd, 0x01, 0xff, 0xfe, 0xcd, 0x01, 0xff,
  0xfe, 0xcd, 0x01, 0xff, 0xfe, 0xcd, 0x01, 0xff, 0xfe, 0xcd, 0x01, 0xff,
  0xfe, 0xcd, 0x01, 0xff, 0xfe, 0xcd, 0x01, 0xff, 0xfe, 0xcd, 0x01, 0xff,
  0xfe, 0xcd, 0x01, 0xff, 0xfe, 0xcd, 0x01, 0xff, 0xfe, 0xcd, 0x01, 0xff,
  0xfe, 0xcd, 0x01, 0xff, 0xfe, 0xcd, 0x01, 0xff, 0xfe, 0xcd, 0x01, 0xff,
  0x69, 0x54, 0x00, 0xff, 0x00, 0x00, 0x00, 0xff, 0x00, 0x00, 0x00, 0xff,
  0x00, 0x00, 0x00, 0xff, 0x00, 0x00, 0x00, 0xff, 0x00, 0x00, 0x00, 0x10,
  0x00, 0x00, 0x00, 0x00, 0x00, 0x00, 0x00, 0x00, 0x00, 0x00, 0x00, 0x00,
  0x00, 0x00, 0x00, 0x00, 0x00, 0x00, 0x00, 0x00, 0x00, 0x00, 0x00, 0x00,
  0x00, 0x00, 0x00, 0x00, 0x00, 0x00, 0x00, 0x00, 0x00, 0x00, 0x00, 0x10,
  0x00, 0x00, 0x00, 0xf1, 0x00, 0x00, 0x00, 0xff, 0x00, 0x00, 0x00, 0xff,
  0x00, 0x00, 0x00, 0xff, 0x10, 0x04, 0x00, 0xff, 0xff, 0x49, 0x29, 0xff,
  0xff, 0x49, 0x29, 0xff, 0xff, 0x49, 0x29, 0xff, 0xf9, 0x47, 0x28, 0xff,
  0xf9, 0x47, 0x28, 0xff, 0xf9, 0x47, 0x28, 0xff, 0xf9, 0x47, 0x28, 0xff,
  0xf9, 0x47, 0x28, 0xff, 0xf9, 0x47, 0x28, 0xff, 0xf9, 0x47, 0x28, 0xff,
  0xf9, 0x47, 0x28, 0xff, 0xf9, 0x47, 0x28, 0xff, 0xf9, 0x47, 0x28, 0xff,
  0xf9, 0x47, 0x28, 0xff, 0xf9, 0x47, 0x28, 0xff, 0xf9, 0x47, 0x28, 0xff,
  0xf9, 0x47, 0x28, 0xff, 0xf9, 0x47, 0x28, 0xff, 0xf9, 0x47, 0x28, 0xff,
  0xf9, 0x47, 0x28, 0xff, 0xf9, 0x47, 0x28, 0xff, 0xf9, 0x47, 0x28, 0xff,
  0xf9, 0x47, 0x28, 0xff, 0xf9, 0x47, 0x28, 0xff, 0xf9, 0x47, 0x28, 0xff,
  0xf9, 0x47, 0x28, 0xff, 0xf9, 0x47, 0x28, 0xff, 0xf9, 0x47, 0x28, 0xff,
  0xf9, 0x47, 0x28, 0xff, 0xf9, 0x47, 0x28, 0xff, 0xf9, 0x47, 0x28, 0xff,
  0xf9, 0x47, 0x28, 0xff, 0xf9, 0x47, 0x28, 0xff, 0xf9, 0x47, 0x28, 0xff,
  0xf9, 0x47, 0x28, 0xff, 0xf9, 0x47, 0x28, 0xff, 0xf9, 0x47, 0x28, 0xff,
  0xf9, 0x47, 0x28, 0xff, 0xf9, 0x48, 0x29, 0xff, 0xf9, 0x47, 0x28, 0xff,
  0xf9, 0x47, 0x28, 0xff, 0xf9, 0x47, 0x28, 0xff, 0xf9, 0x47, 0x28, 0xff,
  0xf7, 0x45, 0x29, 0xff, 0xf7, 0x45, 0x29, 0xff, 0xf7, 0x45, 0x29, 0xff,
  0xf7, 0x45, 0x29, 0xff, 0x0d, 0x04, 0x02, 0xff, 0x00, 0x00, 0x00, 0xff,
  0x00, 0x00, 0x00, 0xff, 0x0f, 0x0f, 0x0f, 0xff, 0xfe, 0xcd, 0x01, 0xff,
  0xfe, 0xcd, 0x01, 0xff, 0xfe, 0xcd, 0x01, 0xff, 0xfe, 0xcd, 0x01, 0xff,
  0xfe, 0xcd, 0x01, 0xfe, 0xfe, 0xcd, 0x01, 0xfe, 0xfe, 0xcd, 0x01, 0xfe,
  0xfe, 0xcd, 0x01, 0xfe, 0xfe, 0xcd, 0x01, 0xfe, 0xfe, 0xcd, 0x01, 0xfe,
  0xfe, 0xcd, 0x01, 0xfe, 0xfe, 0xcd, 0x01, 0xfe, 0xfe, 0xcd, 0x01, 0xfe,
  0xfe, 0xcd, 0x01, 0xfe, 0xfe, 0xcd, 0x01, 0xfe, 0xfe, 0xcd, 0x01, 0xfe,
  0xfe, 0xcd, 0x01, 0xfe, 0xfe, 0xcd, 0x01, 0xfe, 0xfe, 0xcd, 0x01, 0xfe,
  0xfe, 0xcd, 0x01, 0xfe, 0xfe, 0xcd, 0x01, 0xfe, 0xfe, 0xcd, 0x01, 0xfe,
  0xfe, 0xcd, 0x01, 0xfe, 0xfe, 0xcd, 0x01, 0xfe, 0xfe, 0xcd, 0x01, 0xfe,
  0xfe, 0xcd, 0x01, 0xfe, 0xfe, 0xcd, 0x01, 0xfe, 0xfe, 0xcd, 0x01, 0xfe,
  0xfe, 0xcd, 0x01, 0xfe, 0xfe, 0xcd, 0x01, 0xfe, 0xfe, 0xcd, 0x01, 0xfe,
  0xfe, 0xcd, 0x01, 0xfe, 0xfe, 0xcd, 0x01, 0xfe, 0xfe, 0xcd, 0x01, 0xfe,
  0xfe, 0xcd, 0x01, 0xfe, 0xfe, 0xcd, 0x01, 0xfe, 0xfe, 0xcd, 0x01, 0xfe,
  0xfe, 0xcd, 0x01, 0xfe, 0xfe, 0xcd, 0x01, 0xfe, 0xfe, 0xcd, 0x01, 0xfe,
  0xfe, 0xcd, 0x01, 0xfe, 0xfe, 0xcd, 0x01, 0xfe, 0xfe, 0xcd, 0x01, 0xfe,
  0xfe, 0xcd, 0x01, 0xfe, 0xfe, 0xcd, 0x01, 0xfe, 0xfe, 0xcd, 0x01, 0xfe,
  0xfe, 0xcd, 0x01, 0xfe, 0xfe, 0xcd, 0x01, 0xfe, 0xfe, 0xcd, 0x01, 0xfe,
  0xfe, 0xcd, 0x01, 0xfe, 0xfe, 0xcd, 0x01, 0xfe, 0xfe, 0xcd, 0x01, 0xfe,
  0xfe, 0xcd, 0x01, 0xfe, 0xfe, 0xcd, 0x01, 0xfe, 0xfe, 0xcd, 0x01, 0xfe,
  0xfe, 0xcd, 0x01, 0xfe, 0xfe, 0xcd, 0x01, 0xfe, 0xfe, 0xcd, 0x01, 0xfe,
  0xfe, 0xcd, 0x01, 0xfe, 0xfe, 0xcd, 0x01, 0xfe, 0xfe, 0xcd, 0x01, 0xfe,
  0xfe, 0xcd, 0x01, 0xfe, 0xfe, 0xcd, 0x01, 0xfe, 0xfe, 0xcd, 0x01, 0xfe,
  0xfe, 0xcd, 0x01, 0xfe, 0xfe, 0xcd, 0x01, 0xfe, 0xfe, 0xcd, 0x01, 0xfe,
  0xfe, 0xcd, 0x01, 0xfe, 0xfe, 0xcd, 0x01, 0xfe, 0xfe, 0xcd, 0x01, 0xfe,
  0xfe, 0xcd, 0x01, 0xfe, 0xfe, 0xcd, 0x01, 0xfe, 0xfe, 0xcd, 0x01, 0xfe,
  0xfe, 0xcd, 0x01, 0xfe, 0xfe, 0xcd, 0x01, 0xfe, 0xfe, 0xcd, 0x01, 0xfe,
  0xfe, 0xcd, 0x01, 0xfe, 0xfe, 0xcd, 0x01, 0xfe, 0xfe, 0xcd, 0x01, 0xfe,
  0xfe, 0xcd, 0x01, 0xfe, 0xfe, 0xcd, 0x01, 0xfe, 0xfe, 0xcd, 0x01, 0xfe,
  0xfe, 0xcd, 0x01, 0xfe, 0xfe, 0xcd, 0x01, 0xfe, 0xfe, 0xcd, 0x01, 0xfe,
  0xfe, 0xcd, 0x01, 0xfe, 0xfe, 0xcd, 0x01, 0xfe, 0xfe, 0xcd, 0x01, 0xfe,
  0xfe, 0xcd, 0x01, 0xfe, 0xfe, 0xcd, 0x01, 0xfe, 0xfe, 0xcd, 0x01, 0xfe,
  0xfe, 0xcd, 0x01, 0xfe, 0xfe, 0xcd, 0x01, 0xfe, 0xfe, 0xcd, 0x01, 0xfe,
  0xfe, 0xcd, 0x01, 0xfe, 0xfe, 0xcd, 0x01, 0xfe, 0xfe, 0xcd, 0x01, 0xfe,
  0xfe, 0xcd, 0x01, 0xfe, 0xfe, 0xcd, 0x01, 0xfe, 0xfe, 0xcd, 0x01, 0xfe,
  0xfe, 0xcd, 0x01, 0xfe, 0xfe, 0xcd, 0x01, 0xfe, 0xfe, 0xcd, 0x01, 0xfe,
  0xfe, 0xcd, 0x01, 0xfe, 0xfe, 0xcd, 0x01, 0xfe, 0xfe, 0xcd, 0x01, 0xfe,
  0xfe, 0xcd, 0x01, 0xfe, 0xfe, 0xcd, 0x01, 0xfe, 0xfe, 0xcd, 0x01, 0xfe,
  0xfe, 0xcd, 0x01, 0xfe, 0xfe, 0xcd, 0x01, 0xfe, 0xfe, 0xcd, 0x01, 0xfe,
  0xfe, 0xcd, 0x01, 0xfe, 0xfe, 0xcd, 0x01, 0xfe, 0xfe, 0xcd, 0x01, 0xfe,
  0xfe, 0xcd, 0x01, 0xfe, 0xfe, 0xcd, 0x01, 0xfe, 0xfe, 0xcd, 0x01, 0xfe,
  0xfe, 0xcd, 0x01, 0xfe, 0xfe, 0xcd, 0x01, 0xfe, 0xfe, 0xcd, 0x01, 0xfe,
  0xfe, 0xcd, 0x01, 0xfe, 0xfe, 0xcd, 0x01, 0xfe, 0xfe, 0xcd, 0x01, 0xfe,
  0xfe, 0xcd, 0x01, 0xfe, 0xfe, 0xcd, 0x01, 0xfe, 0xfe, 0xcd, 0x01, 0xfe,
  0xfe, 0xcd, 0x01, 0xfe, 0xfe, 0xcd, 0x01, 0xfe, 0xfe, 0xcd, 0x01, 0xfe,
  0xfe, 0xcd, 0x01, 0xfe, 0xfe, 0xcd, 0x01, 0xfe, 0xfe, 0xcd, 0x01, 0xfe,
  0xfe, 0xcd, 0x01, 0xfe, 0xfe, 0xcd, 0x01, 0xfe, 0xfe, 0xcd, 0x01, 0xfe,
  0xfe, 0xcd, 0x01, 0xfe, 0xfe, 0xcd, 0x01, 0xfe, 0xfe, 0xcd, 0x01, 0xfe,
  0xfe, 0xcd, 0x01, 0xfe, 0xfe, 0xcd, 0x01, 0xfe, 0xfe, 0xcd, 0x01, 0xfe,
  0xfe, 0xcd, 0x01, 0xfe, 0xfe, 0xcd, 0x01, 0xfe, 0xfe, 0xcd, 0x01, 0xfe,
  0xfe, 0xcd, 0x01, 0xfe, 0xfe, 0xcd, 0x01, 0xfe, 0xfe, 0xcd, 0x01, 0xfe,
  0xfe, 0xcd, 0x01, 0xfe, 0xfe, 0xcd, 0x01, 0xfe, 0xfe, 0xcd, 0x01, 0xfe,
  0xfe, 0xcd, 0x01, 0xff, 0xfe, 0xcd, 0x01, 0xff, 0xfe, 0xcd, 0x01, 0xff,
  0xfe, 0xcd, 0x01, 0xff, 0xfe, 0xcd, 0x01, 0xff, 0xfe, 0xcd, 0x01, 0xff,
  0xfe, 0xcd, 0x01, 0xff, 0xfe, 0xcd, 0x01, 0xff, 0xfe, 0xcd, 0x01, 0xff,
  0xfe, 0xcd, 0x01, 0xff, 0xfe, 0xcd, 0x01, 0xff, 0xfe, 0xcd, 0x01, 0xff,
  0xfe, 0xcd, 0x01, 0xff, 0xfe, 0xcd, 0x01, 0xff, 0xfe, 0xcd, 0x01, 0xff,
  0xfe, 0xcd, 0x01, 0xff, 0xfe, 0xcd, 0x01, 0xff, 0xfe, 0xcd, 0x01, 0xff,
  0xfe, 0xcd, 0x01, 0xff, 0xfe, 0xcd, 0x01, 0xff, 0xfe, 0xcd, 0x01, 0xff,
  0xfe, 0xcd, 0x01, 0xff, 0xfe, 0xcd, 0x01, 0xff, 0xfe, 0xcd, 0x01, 0xff,
  0xfe, 0xcd, 0x01, 0xff, 0xfe, 0xcd, 0x01, 0xff, 0xfe, 0xcd, 0x01, 0xff,
  0xfe, 0xcd, 0x01, 0xff, 0xfe, 0xcd, 0x01, 0xff, 0xfe, 0xcd, 0x01, 0xff,
  0xfe, 0xcd, 0x01, 0xff, 0xfe, 0xcd, 0x01, 0xff, 0xfe, 0xcd, 0x01, 0xff,
  0xfe, 0xcd, 0x01, 0xff, 0xfe, 0xcd, 0x01, 0xff, 0xfe, 0xcd, 0x01, 0xff,
  0xfe, 0xcd, 0x01, 0xff, 0xfe, 0xcd, 0x01, 0xff, 0xfe, 0xcd, 0x01, 0xff,
  0xfe, 0xcd, 0x01, 0xff, 0xfe, 0xcd, 0x01, 0xff, 0xfe, 0xcd, 0x01, 0xff,
  0xfe, 0xcd, 0x01, 0xff, 0xfe, 0xcd, 0x01, 0xff, 0xfe, 0xcd, 0x01, 0xff,
  0xfe, 0xcd, 0x01, 0xff, 0xfe, 0xcd, 0x01, 0xff, 0xfe, 0xcd, 0x01, 0xff,
  0xfe, 0xcd, 0x01, 0xff, 0xfe, 0xcd, 0x01, 0xff, 0xfe, 0xcd, 0x01, 0xff,
  0x0f, 0x0c, 0x00, 0xff, 0x00, 0x00, 0x00, 0xff, 0x00, 0x00, 0x00, 0xff,
  0x00, 0x00, 0x00, 0xff, 0x00, 0x00, 0x00, 0x96, 0x00, 0x00, 0x00, 0x00,
  0x00, 0x00, 0x00, 0x00, 0x00, 0x00, 0x00, 0x00, 0x00, 0x00, 0x00, 0x00,
  0x00, 0x00, 0x00, 0x00, 0x00, 0x00, 0x00, 0x00, 0x00, 0x00, 0x00, 0x00,
  0x00, 0x00, 0x00, 0x00, 0x00, 0x00, 0x00, 0x6d, 0x04, 0x00, 0x00, 0xff,
  0x08, 0x00, 0x00, 0xff, 0x08, 0x00, 0x00, 0xff, 0x08, 0x00, 0x00, 0xff,
  0x7b, 0x24, 0x10, 0xff, 0xf7, 0x45, 0x29, 0xff, 0xf7, 0x45, 0x29, 0xff,
  0xf7, 0x45, 0x29, 0xff, 0xf7, 0x45, 0x22, 0xff, 0xf9, 0x47, 0x26, 0xff,
  0xf9, 0x47, 0x28, 0xff, 0xf9, 0x47, 0x28, 0xff, 0xf9, 0x47, 0x28, 0xff,
  0xf9, 0x47, 0x28, 0xff, 0xf9, 0x47, 0x28, 0xff, 0xf9, 0x47, 0x28, 0xff,
  0xf9, 0x47, 0x28, 0xff, 0xf9, 0x47, 0x28, 0xff, 0xf9, 0x47, 0x28, 0xff,
  0xf9, 0x47, 0x28, 0xff, 0xf9, 0x47, 0x28, 0xff, 0xf9, 0x47, 0x28, 0xff,
  0xf9, 0x47, 0x28, 0xff, 0xf9, 0x47, 0x28, 0xff, 0xf9, 0x47, 0x28, 0xff,
  0xf9, 0x47, 0x28, 0xff, 0xf9, 0x47, 0x28, 0xff, 0xf9, 0x47, 0x28, 0xff,
  0xf9, 0x47, 0x28, 0xff, 0xf9, 0x47, 0x28, 0xff, 0xf9, 0x47, 0x28, 0xff,
  0xf9, 0x47, 0x28, 0xff, 0xf9, 0x47, 0x28, 0xff, 0xf9, 0x47, 0x28, 0xff,
  0xf9, 0x47, 0x28, 0xff, 0xf9, 0x47, 0x28, 0xff, 0xf9, 0x47, 0x28, 0xff,
  0xf9, 0x47, 0x28, 0xff, 0xf9, 0x47, 0x28, 0xff, 0xf9, 0x47, 0x28, 0xff,
  0xf9, 0x47, 0x28, 0xff, 0xf9, 0x47, 0x28, 0xff, 0xf9, 0x47, 0x28, 0xff,
  0xf9, 0x47, 0x28, 0xff, 0xf9, 0x4c, 0x2e, 0xff, 0xf8, 0x48, 0x29, 0xff,
  0xf7, 0x49, 0x29, 0xff, 0xf7, 0x49, 0x29, 0xff, 0xf9, 0x47, 0x28, 0xff,
  0xf9, 0x47, 0x28, 0xff, 0xf9, 0x47, 0x28, 0xff, 0xf9, 0x47, 0x28, 0xff,
  0x57, 0x19, 0x0d, 0xff, 0x08, 0x04, 0x00, 0xff, 0x08, 0x04, 0x00, 0xff,
  0x08, 0x04, 0x00, 0xff, 0xce, 0xb3, 0x3f, 0xff, 0xfe, 0xcd, 0x01, 0xff,
  0xfe, 0xcd, 0x01, 0xff, 0xfe, 0xcd, 0x01, 0xff, 0xfe, 0xcd, 0x01, 0xff,
  0xfe, 0xcd, 0x01, 0xfe, 0xfe, 0xcd, 0x01, 0xfe, 0xfe, 0xcd, 0x01, 0xfe,
  0xfe, 0xcd, 0x01, 0xfe, 0xfe, 0xcd, 0x01, 0xfe, 0xfe, 0xcd, 0x01, 0xfe,
  0xfe, 0xcd, 0x01, 0xfe, 0xfe, 0xcd, 0x01, 0xfe, 0xfe, 0xcd, 0x01, 0xfe,
  0xfe, 0xcd, 0x01, 0xfe, 0xfe, 0xcd, 0x01, 0xfe, 0xfe, 0xcd, 0x01, 0xfe,
  0xfe, 0xcd, 0x01, 0xfe, 0xfe, 0xcd, 0x01, 0xfe, 0xfe, 0xcd, 0x01, 0xfe,
  0xfe, 0xcd, 0x01, 0xfe, 0xfe, 0xcd, 0x01, 0xfe, 0xfe, 0xcd, 0x01, 0xfe,
  0xfe, 0xcd, 0x01, 0xfe, 0xfe, 0xcd, 0x01, 0xfe, 0xfe, 0xcd, 0x01, 0xfe,
  0xfe, 0xcd, 0x01, 0xfe, 0xfe, 0xcd, 0x01, 0xfe, 0xfe, 0xcd, 0x01, 0xfe,
  0xfe, 0xcd, 0x01, 0xfe, 0xfe, 0xcd, 0x01, 0xfe, 0xfe, 0xcd, 0x01, 0xfe,
  0xfe, 0xcd, 0x01, 0xfe, 0xfe, 0xcd, 0x01, 0xfe, 0xfe, 0xcd, 0x01, 0xfe,
  0xfe, 0xcd, 0x01, 0xfe, 0xfe, 0xcd, 0x01, 0xfe, 0xfe, 0xcd, 0x01, 0xfe,
  0xfe, 0xcd, 0x01, 0xfe, 0xfe, 0xcd, 0x01, 0xfe, 0xfe, 0xcd, 0x01, 0xfe,
  0xfe, 0xcd, 0x01, 0xfe, 0xfe, 0xcd, 0x01, 0xfe, 0xfe, 0xcd, 0x01, 0xfe,
  0xfe, 0xcd, 0x01, 0xfe, 0xfe, 0xcd, 0x01, 0xfe, 0xfe, 0xcd, 0x01, 0xfe,
  0xfe, 0xcd, 0x01, 0xfe, 0xfe, 0xcd, 0x01, 0xfe, 0xfe, 0xcd, 0x01, 0xfe,
  0xfe, 0xcd, 0x01, 0xfe, 0xfe, 0xcd, 0x01, 0xfe, 0xfe, 0xcd, 0x01, 0xfe,
  0xfe, 0xcd, 0x01, 0xfe, 0xfe, 0xcd, 0x01, 0xfe, 0xfe, 0xcd, 0x01, 0xfe,
  0xfe, 0xcd, 0x01, 0xfe, 0xfe, 0xcd, 0x01, 0xfe, 0xfe, 0xcd, 0x01, 0xfe,
  0xfe, 0xcd, 0x01, 0xfe, 0xfe, 0xcd, 0x01, 0xfe, 0xfe, 0xcd, 0x01, 0xfe,
  0xfe, 0xcd, 0x01, 0xfe, 0xfe, 0xcd, 0x01, 0xfe, 0xfe, 0xcd, 0x01, 0xfe,
  0xfe, 0xcd, 0x01, 0xfe, 0xfe, 0xcd, 0x01, 0xfe, 0xfe, 0xcd, 0x01, 0xfe,
  0xfe, 0xcd, 0x01, 0xfe, 0xfe, 0xcd, 0x01, 0xfe, 0xfe, 0xcd, 0x01, 0xfe,
  0xfe, 0xcd, 0x01, 0xfe, 0xfe, 0xcd, 0x01, 0xfe, 0xfe, 0xcd, 0x01, 0xfe,
  0xfe, 0xcd, 0x01, 0xfe, 0xfe, 0xcd, 0x01, 0xfe, 0xfe, 0xcd, 0x01, 0xfe,
  0xfe, 0xcd, 0x01, 0xfe, 0xfe, 0xcd, 0x01, 0xfe, 0xfe, 0xcd, 0x01, 0xfe,
  0xfe, 0xcd, 0x01, 0xfe, 0xfe, 0xcd, 0x01, 0xfe, 0xfe, 0xcd, 0x01, 0xfe,
  0xfe, 0xcd, 0x01, 0xfe, 0xfe, 0xcd, 0x01, 0xfe, 0xfe, 0xcd, 0x01, 0xfe,
  0xfe, 0xcd, 0x01, 0xfe, 0xfe, 0xcd, 0x01, 0xfe, 0xfe, 0xcd, 0x01, 0xfe,
  0xfe, 0xcd, 0x01, 0xfe, 0xfe, 0xcd, 0x01, 0xfe, 0xfe, 0xcd, 0x01, 0xfe,
  0xfe, 0xcd, 0x01, 0xfe, 0xfe, 0xcd, 0x01, 0xfe, 0xfe, 0xcd, 0x01, 0xfe,
  0xfe, 0xcd, 0x01, 0xfe, 0xfe, 0xcd, 0x01, 0xfe, 0xfe, 0xcd, 0x01, 0xfe,
  0xfe, 0xcd, 0x01, 0xfe, 0xfe, 0xcd, 0x01, 0xfe, 0xfe, 0xcd, 0x01, 0xfe,
  0xfe, 0xcd, 0x01, 0xfe, 0xfe, 0xcd, 0x01, 0xfe, 0xfe, 0xcd, 0x01, 0xfe,
  0xfe, 0xcd, 0x01, 0xfe, 0xfe, 0xcd, 0x01, 0xfe, 0xfe, 0xcd, 0x01, 0xfe,
  0xfe, 0xcd, 0x01, 0xfe, 0xfe, 0xcd, 0x01, 0xfe, 0xfe, 0xcd, 0x01, 0xfe,
  0xfe, 0xcd, 0x01, 0xfe, 0xfe, 0xcd, 0x01, 0xfe, 0xfe, 0xcd, 0x01, 0xfe,
  0xfe, 0xcd, 0x01, 0xfe, 0xfe, 0xcd, 0x01, 0xfe, 0xfe, 0xcd, 0x01, 0xfe,
  0xfe, 0xcd, 0x01, 0xfe, 0xfe, 0xcd, 0x01, 0xfe, 0xfe, 0xcd, 0x01, 0xfe,
  0xfe, 0xcd, 0x01, 0xfe, 0xfe, 0xcd, 0x01, 0xfe, 0xfe, 0xcd, 0x01, 0xfe,
  0xfe, 0xcd, 0x01, 0xfe, 0xfe, 0xcd, 0x01, 0xfe, 0xfe, 0xcd, 0x01, 0xfe,
  0xfe, 0xcd, 0x01, 0xfe, 0xfe, 0xcd, 0x01, 0xfe, 0xfe, 0xcd, 0x01, 0xfe,
  0xfe, 0xcd, 0x01, 0xfe, 0xfe, 0xcd, 0x01, 0xfe, 0xfe, 0xcd, 0x01, 0xfe,
  0xfe, 0xcd, 0x01, 0xfe, 0xfe, 0xcd, 0x01, 0xfe, 0xfe, 0xcd, 0x01, 0xfe,
  0xfe, 0xcd, 0x01, 0xfe, 0xfe, 0xcd, 0x01, 0xfe, 0xfe, 0xcd, 0x01, 0xfe,
  0xfe, 0xcd, 0x01, 0xfe, 0xfe, 0xcd, 0x01, 0xfe, 0xfe, 0xcd, 0x01, 0xfe,
  0xfe, 0xcd, 0x01, 0xfe, 0xfe, 0xcd, 0x01, 0xfe, 0xfe, 0xcd, 0x01, 0xfe,
  0xfe, 0xcd, 0x01, 0xfe, 0xfe, 0xcd, 0x01, 0xfe, 0xfe, 0xcd, 0x01, 0xfe,
  0xfe, 0xcd, 0x01, 0xfe, 0xfe, 0xcd, 0x01, 0xfe, 0xfe, 0xcd, 0x01, 0xfe,
  0xfe, 0xcd, 0x01, 0xfe, 0xfe, 0xcd, 0x01, 0xfe, 0xfe, 0xcd, 0x01, 0xff,
  0xfe, 0xcd, 0x01, 0xff, 0xfe, 0xcd, 0x01, 0xff, 0xfe, 0xcd, 0x01, 0xff,
  0xfe, 0xcd, 0x01, 0xff, 0xfe, 0xcd, 0x01, 0xff, 0xfe, 0xcd, 0x01, 0xff,
  0xfe, 0xcd, 0x01, 0xff, 0xfe, 0xcd, 0x01, 0xff, 0xfe, 0xcd, 0x01, 0xff,
  0xfe, 0xcd, 0x01, 0xff, 0xfe, 0xcd, 0x01, 0xff, 0xfe, 0xcd, 0x01, 0xff,
  0xfe, 0xcd, 0x01, 0xff, 0xfe, 0xcd, 0x01, 0xff, 0xfe, 0xcd, 0x01, 0xff,
  0xfe, 0xcd, 0x01, 0xff, 0xfe, 0xcd, 0x01, 0xff, 0xfe, 0xcd, 0x01, 0xff,
  0xfe, 0xcd, 0x01, 0xff, 0xfe, 0xcd, 0x01, 0xff, 0xfe, 0xcd, 0x01, 0xff,
  0xfe, 0xcd, 0x01, 0xff, 0xfe, 0xcd, 0x01, 0xff, 0xfe, 0xcd, 0x01, 0xff,
  0xfe, 0xcd, 0x01, 0xff, 0xfe, 0xcd, 0x01, 0xff, 0xfe, 0xcd, 0x01, 0xff,
  0xfe, 0xcd, 0x01, 0xff, 0xfe, 0xcd, 0x01, 0xff, 0xfe, 0xcd, 0x01, 0xff,
  0xfe, 0xcd, 0x01, 0xff, 0xfe, 0xcd, 0x01, 0xff, 0xfe, 0xcd, 0x01, 0xff,
  0xfe, 0xcd, 0x01, 0xff, 0xfe, 0xcd, 0x01, 0xff, 0xfe, 0xcd, 0x01, 0xff,
  0xfe, 0xcd, 0x01, 0xff, 0xfe, 0xcd, 0x01, 0xff, 0xfe, 0xcd, 0x01, 0xff,
  0xfe, 0xcd, 0x01, 0xff, 0xfe, 0xcd, 0x01, 0xff, 0xfe, 0xcd, 0x01, 0xff,
  0xfe, 0xcd, 0x01, 0xff, 0xfe, 0xcd, 0x01, 0xff, 0xfe, 0xcd, 0x01, 0xff,
  0xfe, 0xcd, 0x01, 0xff, 0xfe, 0xcd, 0x01, 0xff, 0xfe, 0xcd, 0x01, 0xff,
  0xfe, 0xcd, 0x01, 0xff, 0xfe, 0xcd, 0x01, 0xff, 0x7c, 0x63, 0x00, 0xff,
  0x00, 0x00, 0x00, 0xff, 0x00, 0x00, 0x00, 0xff, 0x00, 0x00, 0x00, 0xff,
  0x00, 0x00, 0x00, 0xf0, 0x00, 0x00, 0x00, 0x00, 0x00, 0x00, 0x00, 0x00,
  0x00, 0x00, 0x00, 0x00, 0x00, 0x00, 0x00, 0x00, 0x00, 0x00, 0x00, 0x00,
  0x00, 0x00, 0x00, 0x00, 0x00, 0x00, 0x00, 0x00, 0x00, 0x00, 0x00, 0x00,
  0x00, 0x00, 0x00, 0xda, 0x07, 0x00, 0x00, 0xff, 0x08, 0x00, 0x00, 0xff,
  0x08, 0x00, 0x00, 0xff, 0x08, 0x00, 0x00, 0xff, 0xf7, 0x45, 0x29, 0xff,
  0xf7, 0x45, 0x29, 0xff, 0xf7, 0x45, 0x29, 0xff, 0xf7, 0x45, 0x29, 0xff,
  0xf8, 0x46, 0x25, 0xff, 0xf9, 0x47, 0x28, 0xff, 0xf9, 0x47, 0x28, 0xff,
  0xf9, 0x47, 0x28, 0xff, 0xf9, 0x47, 0x28, 0xff, 0xf9, 0x47, 0x28, 0xff,
  0xf9, 0x47, 0x28, 0xff, 0xf9, 0x47, 0x28, 0xff, 0xf9, 0x47, 0x28, 0xff,
  0xf9, 0x47, 0x28, 0xff, 0xf9, 0x47, 0x28, 0xff, 0xf9, 0x47, 0x28, 0xff,
  0xf9, 0x47, 0x28, 0xff, 0xf9, 0x47, 0x28, 0xff, 0xf9, 0x47, 0x28, 0xff,
  0xf9, 0x47, 0x28, 0xff, 0xf9, 0x47, 0x28, 0xff, 0xf9, 0x47, 0x28, 0xff,
  0xf9, 0x47, 0x28, 0xff, 0xf9, 0x47, 0x28, 0xff, 0xf9, 0x47, 0x28, 0xff,
  0xf9, 0x47, 0x28, 0xff, 0xf9, 0x47, 0x28, 0xff, 0xf9, 0x47, 0x28, 0xff,
  0xf9, 0x47, 0x28, 0xff, 0xf9, 0x47, 0x28, 0xff, 0xf9, 0x47, 0x28, 0xff,
  0xf9, 0x47, 0x28, 0xff, 0xf9, 0x47, 0x28, 0xff, 0xf9, 0x47, 0x28, 0xff,
  0xf9, 0x47, 0x28, 0xff, 0xf9, 0x47, 0x28, 0xff, 0xf9, 0x47, 0x28, 0xff,
  0xf9, 0x47, 0x28, 0xff, 0xf9, 0x47, 0x28, 0xff, 0xf9, 0x47, 0x28, 0xff,
  0xf9, 0x47, 0x28, 0xff, 0xf9, 0x4d, 0x2f, 0xff, 0xf8, 0x48, 0x29, 0xff,
  0xf7, 0x49, 0x29, 0xff, 0xf9, 0x47, 0x28, 0xff, 0xf9, 0x47, 0x28, 0xff,
  0xf9, 0x47, 0x28, 0xff, 0xf9, 0x47, 0x28, 0xff, 0xf7, 0x45, 0x29, 0xff,
  0x08, 0x04, 0x00, 0xff, 0x08, 0x04, 0x00, 0xff, 0x08, 0x04, 0x00, 0xff,
  0x24, 0x24, 0x24, 0xff, 0xfe, 0xcd, 0x01, 0xff, 0xfe, 0xcd, 0x01, 0xff,
  0xfe, 0xcd, 0x01, 0xff, 0xfe, 0xcd, 0x01, 0xff, 0xfe, 0xcd, 0x01, 0xfe,
  0xfe, 0xcd, 0x01, 0xfe, 0xfe, 0xcd, 0x01, 0xfe, 0xfe, 0xcd, 0x01, 0xfe,
  0xfe, 0xcd, 0x01, 0xfe, 0xfe, 0xcd, 0x01, 0xfe, 0xfe, 0xcd, 0x01, 0xfe,
  0xfe, 0xcd, 0x01, 0xfe, 0xfe, 0xcd, 0x01, 0xfe, 0xfe, 0xcd, 0x01, 0xfe,
  0xfe, 0xcd, 0x01, 0xfe, 0xfe, 0xcd, 0x01, 0xfe, 0xfe, 0xcd, 0x01, 0xfe,
  0xfe, 0xcd, 0x01, 0xfe, 0xfe, 0xcd, 0x01, 0xfe, 0xfe, 0xcd, 0x01, 0xfe,
  0xfe, 0xcd, 0x01, 0xfe, 0xfe, 0xcd, 0x01, 0xfe, 0xfe, 0xcd, 0x01, 0xfe,
  0xfe, 0xcd, 0x01, 0xfe, 0xfe, 0xcd, 0x01, 0xfe, 0xfe, 0xcd, 0x01, 0xfe,
  0xfe, 0xcd, 0x01, 0xfe, 0xfe, 0xcd, 0x01, 0xfe, 0xfe, 0xcd, 0x01, 0xfe,
  0xfe, 0xcd, 0x01, 0xfe, 0xfe, 0xcd, 0x01, 0xfe, 0xfe, 0xcd, 0x01, 0xfe,
  0xfe, 0xcd, 0x01, 0xfe, 0xfe, 0xcd, 0x01, 0xfe, 0xfe, 0xcd, 0x01, 0xfe,
  0xfe, 0xcd, 0x01, 0xfe, 0xfe, 0xcd, 0x01, 0xfe, 0xfe, 0xcd, 0x01, 0xfe,
  0xfe, 0xcd, 0x01, 0xfe, 0xfe, 0xcd, 0x01, 0xfe, 0xfe, 0xcd, 0x01, 0xfe,
  0xfe, 0xcd, 0x01, 0xfe, 0xfe, 0xcd, 0x01, 0xfe, 0xfe, 0xcd, 0x01, 0xfe,
  0xfe, 0xcd, 0x01, 0xfe, 0xfe, 0xcd, 0x01, 0xfe, 0xfe, 0xcd, 0x01, 0xfe,
  0xfe, 0xcd, 0x01, 0xfe, 0xfe, 0xcd, 0x01, 0xfe, 0xfe, 0xcd, 0x01, 0xfe,
  0xfe, 0xcd, 0x01, 0xfe, 0xfe, 0xcd, 0x01, 0xfe, 0xfe, 0xcd, 0x01, 0xfe,
  0xfe, 0xcd, 0x01, 0xfe, 0xfe, 0xcd, 0x01, 0xfe, 0xfe, 0xcd, 0x01, 0xfe,
  0xfe, 0xcd, 0x01, 0xfe, 0xfe, 0xcd, 0x01, 0xfe, 0xfe, 0xcd, 0x01, 0xfe,
  0xfe, 0xcd, 0x01, 0xfe, 0xfe, 0xcd, 0x01, 0xfe, 0xfe, 0xcd, 0x01, 0xfe,
  0xfe, 0xcd, 0x01, 0xfe, 0xfe, 0xcd, 0x01, 0xfe, 0xfe, 0xcd, 0x01, 0xfe,
  0xfe, 0xcd, 0x01, 0xfe, 0xfe, 0xcd, 0x01, 0xfe, 0xfe, 0xcd, 0x01, 0xfe,
  0xfe, 0xcd, 0x01, 0xfe, 0xfe, 0xcd, 0x01, 0xfe, 0xfe, 0xcd, 0x01, 0xfe,
  0xfe, 0xcd, 0x01, 0xfe, 0xfe, 0xcd, 0x01, 0xfe, 0xfe, 0xcd, 0x01, 0xfe,
  0xfe, 0xcd, 0x01, 0xfe, 0xfe, 0xcd, 0x01, 0xfe, 0xfe, 0xcd, 0x01, 0xfe,
  0xfe, 0xcd, 0x01, 0xfe, 0xfe, 0xcd, 0x01, 0xfe, 0xfe, 0xcd, 0x01, 0xfe,
  0xfe, 0xcd, 0x01, 0xfe, 0xfe, 0xcd, 0x01, 0xfe, 0xfe, 0xcd, 0x01, 0xfe,
  0xfe, 0xcd, 0x01, 0xfe, 0xfe, 0xcd, 0x01, 0xfe, 0xfe, 0xcd, 0x01, 0xfe,
  0xfe, 0xcd, 0x01, 0xfe, 0xfe, 0xcd, 0x01, 0xfe, 0xfe, 0xcd, 0x01, 0xfe,
  0xfe, 0xcd, 0x01, 0xfe, 0xfe, 0xcd, 0x01, 0xfe, 0xfe, 0xcd, 0x01, 0xfe,
  0xfe, 0xcd, 0x01, 0xfe, 0xfe, 0xcd, 0x01, 0xfe, 0xfe, 0xcd, 0x01, 0xfe,
  0xfe, 0xcd, 0x01, 0xfe, 0xfe, 0xcd, 0x01, 0xfe, 0xfe, 0xcd, 0x01, 0xfe,
  0xfe, 0xcd, 0x01, 0xfe, 0xfe, 0xcd, 0x01, 0xfe, 0xfe, 0xcd, 0x01, 0xfe,
  0xfe, 0xcd, 0x01, 0xfe, 0xfe, 0xcd, 0x01, 0xfe, 0xfe, 0xcd, 0x01, 0xfe,
  0xfe, 0xcd, 0x01, 0xfe, 0xfe, 0xcd, 0x01, 0xfe, 0xfe, 0xcd, 0x01, 0xfe,
  0xfe, 0xcd, 0x01, 0xfe, 0xfe, 0xcd, 0x01, 0xfe, 0xfe, 0xcd, 0x01, 0xfe,
  0xfe, 0xcd, 0x01, 0xfe, 0xfe, 0xcd, 0x01, 0xfe, 0xfe, 0xcd, 0x01, 0xfe,
  0xfe, 0xcd, 0x01, 0xfe, 0xfe, 0xcd, 0x01, 0xfe, 0xfe, 0xcd, 0x01, 0xfe,
  0xfe, 0xcd, 0x01, 0xfe, 0xfe, 0xcd, 0x01, 0xfe, 0xfe, 0xcd, 0x01, 0xfe,
  0xfe, 0xcd, 0x01, 0xfe, 0xfe, 0xcd, 0x01, 0xfe, 0xfe, 0xcd, 0x01, 0xfe,
  0xfe, 0xcd, 0x01, 0xfe, 0xfe, 0xcd, 0x01, 0xfe, 0xfe, 0xcd, 0x01, 0xfe,
  0xfe, 0xcd, 0x01, 0xfe, 0xfe, 0xcd, 0x01, 0xfe, 0xfe, 0xcd, 0x01, 0xfe,
  0xfe, 0xcd, 0x01, 0xfe, 0xfe, 0xcd, 0x01, 0xfe, 0xfe, 0xcd, 0x01, 0xfe,
  0xfe, 0xcd, 0x01, 0xfe, 0xfe, 0xcd, 0x01, 0xfe, 0xfe, 0xcd, 0x01, 0xfe,
  0xfe, 0xcd, 0x01, 0xfe, 0xfe, 0xcd, 0x01, 0xfe, 0xfe, 0xcd, 0x01, 0xfe,
  0xfe, 0xcd, 0x01, 0xfe, 0xfe, 0xcd, 0x01, 0xfe, 0xfe, 0xcd, 0x01, 0xfe,
  0xfe, 0xcd, 0x01, 0xfe, 0xfe, 0xcd, 0x01, 0xfe, 0xfe, 0xcd, 0x01, 0xfe,
  0xfe, 0xcd, 0x01, 0xfe, 0xfe, 0xcd, 0x01, 0xfe, 0xfe, 0xcd, 0x01, 0xfe,
  0xfe, 0xcd, 0x01, 0xfe, 0xfe, 0xcd, 0x01, 0xfe, 0xfe, 0xcd, 0x01, 0xfe,
  0xfe, 0xcd, 0x01, 0xfe, 0xfe, 0xcd, 0x01, 0xff, 0xfe, 0xcd, 0x01, 0xff,
  0xfe, 0xcd, 0x01, 0xff, 0xfe, 0xcd, 0x01, 0xff, 0xfe, 0xcd, 0x01, 0xff,
  0xfe, 0xcd, 0x01, 0xff, 0xfe, 0xcd, 0x01, 0xff, 0xfe, 0xcd, 0x01, 0xff,
  0xfe, 0xcd, 0x01, 0xff, 0xfe, 0xcd, 0x01, 0xff, 0xfe, 0xcd, 0x01, 0xff,
  0xfe, 0xcd, 0x01, 0xff, 0xfe, 0xcd, 0x01, 0xff, 0xfe, 0xcd, 0x01, 0xff,
  0xfe, 0xcd, 0x01, 0xff, 0xfe, 0xcd, 0x01, 0xff, 0xfe, 0xcd, 0x01, 0xff,
  0xfe, 0xcd, 0x01, 0xff, 0xfe, 0xcd, 0x01, 0xff, 0xfe, 0xcd, 0x01, 0xff,
  0xfe, 0xcd, 0x01, 0xff, 0xfe, 0xcd, 0x01, 0xff, 0xfe, 0xcd, 0x01, 0xff,
  0xfe, 0xcd, 0x01, 0xff, 0xfe, 0xcd, 0x01, 0xff, 0xfe, 0xcd, 0x01, 0xff,
  0xfe, 0xcd, 0x01, 0xff, 0xfe, 0xcd, 0x01, 0xff, 0xfe, 0xcd, 0x01, 0xff,
  0xfe, 0xcd, 0x01, 0xff, 0xfe, 0xcd, 0x01, 0xff, 0xfe, 0xcd, 0x01, 0xff,
  0xfe, 0xcd, 0x01, 0xff, 0xfe, 0xcd, 0x01, 0xff, 0xfe, 0xcd, 0x01, 0xff,
  0xfe, 0xcd, 0x01, 0xff, 0xfe, 0xcd, 0x01, 0xff, 0xfe, 0xcd, 0x01, 0xff,
  0xfe, 0xcd, 0x01, 0xff, 0xfe, 0xcd, 0x01, 0xff, 0xfe, 0xcd, 0x01, 0xff,
  0xfe, 0xcd, 0x01, 0xff, 0xfe, 0xcd, 0x01, 0xff, 0xfe, 0xcd, 0x01, 0xff,
  0xfe, 0xcd, 0x01, 0xff, 0xfe, 0xcd, 0x01, 0xff, 0xfe, 0xcd, 0x01, 0xff,
  0xfe, 0xcd, 0x01, 0xff, 0xfe, 0xcd, 0x01, 0xff, 0xfe, 0xcd, 0x01, 0xff,
  0xfe, 0xcd, 0x01, 0xff, 0xfe, 0xcd, 0x01, 0xff, 0x00, 0x00, 0x00, 0xff,
  0x00, 0x00, 0x00, 0xff, 0x00, 0x00, 0x00, 0xff, 0x00, 0x00, 0x00, 0xff,
  0x00, 0x00, 0x00, 0x60, 0x00, 0x00, 0x00, 0x00, 0x00, 0x00, 0x00, 0x00,
  0x00, 0x00, 0x00, 0x00, 0x00, 0x00, 0x00, 0x00, 0x00, 0x00, 0x00, 0x00,
  0x00, 0x00, 0x00, 0x00, 0x00, 0x00, 0x00, 0x24, 0x00, 0x00, 0x00, 0xff,
  0x08, 0x00, 0x00, 0xff, 0x08, 0x00, 0x00, 0xff, 0x08, 0x00, 0x00, 0xff,
  0x4a, 0x14, 0x0b, 0xff, 0xf7, 0x45, 0x29, 0xff, 0xf7, 0x45, 0x29, 0xff,
  0xf7, 0x45, 0x29, 0xff, 0xf8, 0x46, 0x29, 0xff, 0xf9, 0x47, 0x28, 0xff,
  0xf9, 0x47, 0x28, 0xff, 0xf9, 0x47, 0x28, 0xff, 0xf9, 0x47, 0x28, 0xff,
  0xf9, 0x47, 0x28, 0xff, 0xf9, 0x47, 0x28, 0xff, 0xf9, 0x47, 0x28, 0xff,
  0xf9, 0x47, 0x28, 0xff, 0xf9, 0x47, 0x28, 0xff, 0xf9, 0x47, 0x28, 0xff,
  0xf9, 0x47, 0x28, 0xff, 0xf9, 0x47, 0x28, 0xff, 0xf9, 0x47, 0x28, 0xff,
  0xf9, 0x47, 0x28, 0xff, 0xf9, 0x47, 0x28, 0xff, 0xf9, 0x47, 0x28, 0xff,
  0xf9, 0x47, 0x28, 0xff, 0xf9, 0x47, 0x28, 0xff, 0xf9, 0x47, 0x28, 0xff,
  0xf9, 0x47, 0x28, 0xff, 0xf9, 0x47, 0x28, 0xff, 0xf9, 0x47, 0x28, 0xff,
  0xf9, 0x47, 0x28, 0xff, 0xf9, 0x47, 0x28, 0xff, 0xf9, 0x47, 0x28, 0xff,
  0xf9, 0x47, 0x28, 0xff, 0xf9, 0x47, 0x28, 0xff, 0xf9, 0x47, 0x28, 0xff,
  0xf9, 0x47, 0x28, 0xff, 0xf9, 0x47, 0x28, 0xff, 0xf9, 0x47, 0x28, 0xff,
  0xf9, 0x47, 0x28, 0xff, 0xf9, 0x47, 0x28, 0xff, 0xf9, 0x47, 0x28, 0xff,
  0xf9, 0x47, 0x28, 0xff, 0xf9, 0x47, 0x28, 0xff, 0xf9, 0x47, 0x28, 0xff,
  0xf9, 0x48, 0x29, 0xff, 0xf9, 0x53, 0x36, 0xff, 0xf8, 0x48, 0x29, 0xff,
  0xf9, 0x47, 0x28, 0xff, 0xf9, 0x47, 0x28, 0xff, 0xf9, 0x47, 0x28, 0xff,
  0xf9, 0x47, 0x28, 0xff, 0xf7, 0x45, 0x29, 0xff, 0x57, 0x19, 0x0d, 0xff,
  0x08, 0x04, 0x00, 0xff, 0x08, 0x04, 0x00, 0xff, 0x00, 0x00, 0x00, 0xff,
  0xfe, 0xcd, 0x01, 0xff, 0xfe, 0xcd, 0x01, 0xff, 0xfe, 0xcd, 0x01, 0xff,
  0xfe, 0xcd, 0x01, 0xff, 0xfe, 0xcd, 0x01, 0xfe, 0xfe, 0xcd, 0x01, 0xfe,
  0xfe, 0xcd, 0x01, 0xfe, 0xfe, 0xcd, 0x01, 0xfe, 0xfe, 0xcd, 0x01, 0xfe,
  0xfe, 0xcd, 0x01, 0xfe, 0xfe, 0xcd, 0x01, 0xfe, 0xfe, 0xcd, 0x01, 0xfe,
  0xfe, 0xcd, 0x01, 0xfe, 0xfe, 0xcd, 0x01, 0xfe, 0xfe, 0xcd, 0x01, 0xfe,
  0xfe, 0xcd, 0x01, 0xfe, 0xfe, 0xcd, 0x01, 0xfe, 0xfe, 0xcd, 0x01, 0xfe,
  0xfe, 0xcd, 0x01, 0xfe, 0xfe, 0xcd, 0x01, 0xfe, 0xfe, 0xcd, 0x01, 0xfe,
  0xfe, 0xcd, 0x01, 0xfe, 0xfe, 0xcd, 0x01, 0xfe, 0xfe, 0xcd, 0x01, 0xfe,
  0xfe, 0xcd, 0x01, 0xfe, 0xfe, 0xcd, 0x01, 0xfe, 0xfe, 0xcd, 0x01, 0xfe,
  0xfe, 0xcd, 0x01, 0xfe, 0xfe, 0xcd, 0x01, 0xfe, 0xfe, 0xcd, 0x01, 0xfe,
  0xfe, 0xcd, 0x01, 0xfe, 0xfe, 0xcd, 0x01, 0xfe, 0xfe, 0xcd, 0x01, 0xfe,
  0xfe, 0xcd, 0x01, 0xfe, 0xfe, 0xcd, 0x01, 0xfe, 0xfe, 0xcd, 0x01, 0xfe,
  0xfe, 0xcd, 0x01, 0xfe, 0xfe, 0xcd, 0x01, 0xfe, 0xfe, 0xcd, 0x01, 0xfe,
  0xfe, 0xcd, 0x01, 0xfe, 0xfe, 0xcd, 0x01, 0xfe, 0xfe, 0xcd, 0x01, 0xfe,
  0xfe, 0xcd, 0x01, 0xfe, 0xfe, 0xcd, 0x01, 0xfe, 0xfe, 0xcd, 0x01, 0xfe,
  0xfe, 0xcd, 0x01, 0xfe, 0xfe, 0xcd, 0x01, 0xfe, 0xfe, 0xcd, 0x01, 0xfe,
  0xfe, 0xcd, 0x01, 0xfe, 0xfe, 0xcd, 0x01, 0xfe, 0xfe, 0xcd, 0x01, 0xfe,
  0xfe, 0xcd, 0x01, 0xfe, 0xfe, 0xcd, 0x01, 0xfe, 0xfe, 0xcd, 0x01, 0xfe,
  0xfe, 0xcd, 0x01, 0xfe, 0xfe, 0xcd, 0x01, 0xfe, 0xfe, 0xcd, 0x01, 0xfe,
  0xfe, 0xcd, 0x01, 0xfe, 0xfe, 0xcd, 0x01, 0xfe, 0xfe, 0xcd, 0x01, 0xfe,
  0xfe, 0xcd, 0x01, 0xfe, 0xfe, 0xcd, 0x01, 0xfe, 0xfe, 0xcd, 0x01, 0xfe,
  0xfe, 0xcd, 0x01, 0xfe, 0xfe, 0xcd, 0x01, 0xfe, 0xfe, 0xcd, 0x01, 0xfe,
  0xfe, 0xcd, 0x01, 0xfe, 0xfe, 0xcd, 0x01, 0xfe, 0xfe, 0xcd, 0x01, 0xfe,
  0xfe, 0xcd, 0x01, 0xfe, 0xfe, 0xcd, 0x01, 0xfe, 0xfe, 0xcd, 0x01, 0xfe,
  0xfe, 0xcd, 0x01, 0xfe, 0xfe, 0xcd, 0x01, 0xfe, 0xfe, 0xcd, 0x01, 0xfe,
  0xfe, 0xcd, 0x01, 0xfe, 0xfe, 0xcd, 0x01, 0xfe, 0xfe, 0xcd, 0x01, 0xfe,
  0xfe, 0xcd, 0x01, 0xfe, 0xfe, 0xcd, 0x01, 0xfe, 0xfe, 0xcd, 0x01, 0xfe,
  0xfe, 0xcd, 0x01, 0xfe, 0xfe, 0xcd, 0x01, 0xfe, 0xfe, 0xcd, 0x01, 0xfe,
  0xfe, 0xcd, 0x01, 0xfe, 0xfe, 0xcd, 0x01, 0xfe, 0xfe, 0xcd, 0x01, 0xfe,
  0xfe, 0xcd, 0x01, 0xfe, 0xfe, 0xcd, 0x01, 0xfe, 0xfe, 0xcd, 0x01, 0xfe,
  0xfe, 0xcd, 0x01, 0xfe, 0xfe, 0xcd, 0x01, 0xfe, 0xfe, 0xcd, 0x01, 0xfe,
  0xfe, 0xcd, 0x01, 0xfe, 0xfe, 0xcd, 0x01, 0xfe, 0xfe, 0xcd, 0x01, 0xfe,
  0xfe, 0xcd, 0x01, 0xfe, 0xfe, 0xcd, 0x01, 0xfe, 0xfe, 0xcd, 0x01, 0xfe,
  0xfe, 0xcd, 0x01, 0xfe, 0xfe, 0xcd, 0x01, 0xfe, 0xfe, 0xcd, 0x01, 0xfe,
  0xfe, 0xcd, 0x01, 0xfe, 0xfe, 0xcd, 0x01, 0xfe, 0xfe, 0xcd, 0x01, 0xfe,
  0xfe, 0xcd, 0x01, 0xfe, 0xfe, 0xcd, 0x01, 0xfe, 0xfe, 0xcd, 0x01, 0xfe,
  0xfe, 0xcd, 0x01, 0xfe, 0xfe, 0xcd, 0x01, 0xfe, 0xfe, 0xcd, 0x01, 0xfe,
  0xfe, 0xcd, 0x01, 0xfe, 0xfe, 0xcd, 0x01, 0xfe, 0xfe, 0xcd, 0x01, 0xfe,
  0xfe, 0xcd, 0x01, 0xfe, 0xfe, 0xcd, 0x01, 0xfe, 0xfe, 0xcd, 0x01, 0xfe,
  0xfe, 0xcd, 0x01, 0xfe, 0xfe, 0xcd, 0x01, 0xfe, 0xfe, 0xcd, 0x01, 0xfe,
  0xfe, 0xcd, 0x01, 0xfe, 0xfe, 0xcd, 0x01, 0xfe, 0xfe, 0xcd, 0x01, 0xfe,
  0xfe, 0xcd, 0x01, 0xfe, 0xfe, 0xcd, 0x01, 0xfe, 0xfe, 0xcd, 0x01, 0xfe,
  0xfe, 0xcd, 0x01, 0xfe, 0xfe, 0xcd, 0x01, 0xfe, 0xfe, 0xcd, 0x01, 0xfe,
  0xfe, 0xcd, 0x01, 0xfe, 0xfe, 0xcd, 0x01, 0xfe, 0xfe, 0xcd, 0x01, 0xfe,
  0xfe, 0xcd, 0x01, 0xfe, 0xfe, 0xcd, 0x01, 0xfe, 0xfe, 0xcd, 0x01, 0xfe,
  0xfe, 0xcd, 0x01, 0xfe, 0xfe, 0xcd, 0x01, 0xfe, 0xfe, 0xcd, 0x01, 0xfe,
  0xfe, 0xcd, 0x01, 0xfe, 0xfe, 0xcd, 0x01, 0xfe, 0xfe, 0xcd, 0x01, 0xfe,
  0xfe, 0xcd, 0x01, 0xfe, 0xfe, 0xcd, 0x01, 0xfe, 0xfe, 0xcd, 0x01, 0xfe,
  0xfe, 0xcd, 0x01, 0xfe, 0xfe, 0xcd, 0x01, 0xfe, 0xfe, 0xcd, 0x01, 0xfe,
  0xfe, 0xcd, 0x01, 0xfe, 0xfe, 0xcd, 0x01, 0xfe, 0xfe, 0xcd, 0x01, 0xfe,
  0xfe, 0xcd, 0x01, 0xff, 0xfe, 0xcd, 0x01, 0xff, 0xfe, 0xcd, 0x01, 0xff,
  0xfe, 0xcd, 0x01, 0xff, 0xfe, 0xcd, 0x01, 0xff, 0xfe, 0xcd, 0x01, 0xff,
  0xfe, 0xcd, 0x01, 0xff, 0xfe, 0xcd, 0x01, 0xff, 0xfe, 0xcd, 0x01, 0xff,
  0xfe, 0xcd, 0x01, 0xff, 0xfe, 0xcd, 0x01, 0xff, 0xfe, 0xcd, 0x01, 0xff,
  0xfe, 0xcd, 0x01, 0xff, 0xfe, 0xcd, 0x01, 0xff, 0xfe, 0xcd, 0x01, 0xff,
  0xfe, 0xcd, 0x01, 0xff, 0xfe, 0xcd, 0x01, 0xff, 0xfe, 0xcd, 0x01, 0xff,
  0xfe, 0xcd, 0x01, 0xff, 0xfe, 0xcd, 0x01, 0xff, 0xfe, 0xcd, 0x01, 0xff,
  0xfe, 0xcd, 0x01, 0xff, 0xfe, 0xcd, 0x01, 0xff, 0xfe, 0xcd, 0x01, 0xff,
  0xfe, 0xcd, 0x01, 0xff, 0xfe, 0xcd, 0x01, 0xff, 0xfe, 0xcd, 0x01, 0xff,
  0xfe, 0xcd, 0x01, 0xff, 0xfe, 0xcd, 0x01, 0xff, 0xfe, 0xcd, 0x01, 0xff,
  0xfe, 0xcd, 0x01, 0xff, 0xfe, 0xcd, 0x01, 0xff, 0xfe, 0xcd, 0x01, 0xff,
  0xfe, 0xcd, 0x01, 0xff, 0xfe, 0xcd, 0x01, 0xff, 0xfe, 0xcd, 0x01, 0xff,
  0xfe, 0xcd, 0x01, 0xff, 0xfe, 0xcd, 0x01, 0xff, 0xfe, 0xcd, 0x01, 0xff,
  0xfe, 0xcd, 0x01, 0xff, 0xfe, 0xcd, 0x01, 0xff, 0xfe, 0xcd, 0x01, 0xff,
  0xfe, 0xcd, 0x01, 0xff, 0xfe, 0xcd, 0x01, 0xff, 0xfe, 0xcd, 0x01, 0xff,
  0xfe, 0xcd, 0x01, 0xff, 0xfe, 0xcd, 0x01, 0xff, 0xfe, 0xcd, 0x01, 0xff,
  0xfe, 0xcd, 0x01, 0xff, 0xfe, 0xcd, 0x01, 0xff, 0xfe, 0xcd, 0x01, 0xff,
  0xfe, 0xcd, 0x01, 0xff, 0x5d, 0x4b, 0x00, 0xfc, 0x00, 0x00, 0x00, 0xff,
  0x00, 0x00, 0x00, 0xff, 0x00, 0x00, 0x00, 0xff, 0x00, 0x00, 0x00, 0xb6,
  0x00, 0x00, 0x00, 0x00, 0x00, 0x00, 0x00, 0x00, 0x00, 0x00, 0x00, 0x00,
  0x00, 0x00, 0x00, 0x00, 0x00, 0x00, 0x00, 0x00, 0x00, 0x00, 0x00, 0x00,
  0x00, 0x00, 0x00, 0x6d, 0x00, 0x00, 0x00, 0xff, 0x08, 0x00, 0x00, 0xff,
  0x08, 0x00, 0x00, 0xff, 0x08, 0x00, 0x00, 0xff, 0xce, 0x3c, 0x21, 0xff,
  0xf7, 0x45, 0x29, 0xff, 0xf7, 0x45, 0x29, 0xff, 0xf7, 0x45, 0x29, 0xff,
  0xf8, 0x46, 0x28, 0xff, 0xf9, 0x47, 0x28, 0xff, 0xf9, 0x47, 0x28, 0xff,
  0xf9, 0x47, 0x28, 0xff, 0xf9, 0x47, 0x28, 0xff, 0xf9, 0x47, 0x28, 0xff,
  0xf9, 0x47, 0x28, 0xff, 0xf9, 0x47, 0x28, 0xff, 0xf9, 0x47, 0x28, 0xff,
  0xf9, 0x47, 0x28, 0xff, 0xf9, 0x47, 0x28, 0xff, 0xf9, 0x47, 0x28, 0xff,
  0xf9, 0x47, 0x28, 0xff, 0xf9, 0x47, 0x28, 0xff, 0xf9, 0x47, 0x28, 0xff,
  0xf9, 0x47, 0x28, 0xff, 0xf9, 0x47, 0x28, 0xff, 0xf9, 0x47, 0x28, 0xff,
  0xf9, 0x47, 0x28, 0xff, 0xf9, 0x47, 0x28, 0xff, 0xf9, 0x47, 0x28, 0xff,
  0xf9, 0x47, 0x28, 0xff, 0xf9, 0x47, 0x28, 0xff, 0xf9, 0x47, 0x28, 0xff,
  0xf9, 0x47, 0x28, 0xff, 0xf9, 0x47, 0x28, 0xff, 0xf9, 0x47, 0x28, 0xff,
  0xf9, 0x47, 0x28, 0xff, 0xf9, 0x47, 0x28, 0xff, 0xf9, 0x47, 0x28, 0xff,
  0xf9, 0x47, 0x28, 0xff, 0xf9, 0x47, 0x28, 0xff, 0xf9, 0x47, 0x28, 0xff,
  0xf9, 0x47, 0x28, 0xff, 0xf9, 0x47, 0x28, 0xff, 0xf9, 0x47, 0x28, 0xff,
  0xf9, 0x47, 0x28, 0xff, 0xf9, 0x47, 0x28, 0xff, 0xf9, 0x47, 0x28, 0xff,
  0xf9, 0x47, 0x28, 0xff, 0xf8, 0x48, 0x28, 0xff, 0xf9, 0x47, 0x28, 0xff,
  0xf9, 0x47, 0x28, 0xff, 0xf9, 0x47, 0x28, 0xff, 0xf9, 0x47, 0x28, 0xff,
  0xf7, 0x45, 0x29, 0xff, 0xa7, 0x2f, 0x1b, 0xff, 0x08, 0x04, 0x00, 0xff,
  0x08, 0x04, 0x00, 0xff, 0x00, 0x00, 0x00, 0xff, 0xce, 0xb3, 0x3f, 0xff,
  0xfe, 0xcd, 0x01, 0xff, 0xfe, 0xcd, 0x01, 0xff, 0xfe, 0xcd, 0x01, 0xff,
  0xfe, 0xcd, 0x01, 0xfe, 0xfe, 0xcd, 0x01, 0xfe, 0xfe, 0xcd, 0x01, 0xfe,
  0xfe, 0xcd, 0x01, 0xfe, 0xfe, 0xcd, 0x01, 0xfe, 0xfe, 0xcd, 0x01, 0xfe,
  0xfe, 0xcd, 0x01, 0xfe, 0xfe, 0xcd, 0x01, 0xfe, 0xfe, 0xcd, 0x01, 0xfe,
  0xfe, 0xcd, 0x01, 0xfe, 0xfe, 0xcd, 0x01, 0xfe, 0xfe, 0xcd, 0x01, 0xfe,
  0xfe, 0xcd, 0x01, 0xfe, 0xfe, 0xcd, 0x01, 0xfe, 0xfe, 0xcd, 0x01, 0xfe,
  0xfe, 0xcd, 0x01, 0xfe, 0xfe, 0xcd, 0x01, 0xfe, 0xfe, 0xcd, 0x01, 0xfe,
  0xfe, 0xcd, 0x01, 0xfe, 0xfe, 0xcd, 0x01, 0xfe, 0xfe, 0xcd, 0x01, 0xfe,
  0xfe, 0xcd, 0x01, 0xfe, 0xfe, 0xcd, 0x01, 0xfe, 0xfe, 0xcd, 0x01, 0xfe,
  0xfe, 0xcd, 0x01, 0xfe, 0xfe, 0xcd, 0x01, 0xfe, 0xfe, 0xcd, 0x01, 0xfe,
  0xfe, 0xcd, 0x01, 0xfe, 0xfe, 0xcd, 0x01, 0xfe, 0xfe, 0xcd, 0x01, 0xfe,
  0xfe, 0xcd, 0x01, 0xfe, 0xfe, 0xcd, 0x01, 0xfe, 0xfe, 0xcd, 0x01, 0xfe,
  0xfe, 0xcd, 0x01, 0xfe, 0xfe, 0xcd, 0x01, 0xfe, 0xfe, 0xcd, 0x01, 0xfe,
  0xfe, 0xcd, 0x01, 0xfe, 0xfe, 0xcd, 0x01, 0xfe, 0xfe, 0xcd, 0x01, 0xfe,
  0xfe, 0xcd, 0x01, 0xfe, 0xfe, 0xcd, 0x01, 0xfe, 0xfe, 0xcd, 0x01, 0xfe,
  0xfe, 0xcd, 0x01, 0xfe, 0xfe, 0xcd, 0x01, 0xfe, 0xfe, 0xcd, 0x01, 0xfe,
  0xfe, 0xcd, 0x01, 0xfe, 0xfe, 0xcd, 0x01, 0xfe, 0xfe, 0xcd, 0x01, 0xfe,
  0xfe, 0xcd, 0x01, 0xfe, 0xfe, 0xcd, 0x01, 0xfe, 0xfe, 0xcd, 0x01, 0xfe,
  0xfe, 0xcd, 0x01, 0xfe, 0xfe, 0xcd, 0x01, 0xfe, 0xfe, 0xcd, 0x01, 0xfe,
  0xfe, 0xcd, 0x01, 0xfe, 0xfe, 0xcd, 0x01, 0xfe, 0xfe, 0xcd, 0x01, 0xfe,
  0xfe, 0xcd, 0x01, 0xfe, 0xfe, 0xcd, 0x01, 0xfe, 0xfe, 0xcd, 0x01, 0xfe,
  0xfe, 0xcd, 0x01, 0xfe, 0xfe, 0xcd, 0x01, 0xfe, 0xfe, 0xcd, 0x01, 0xfe,
  0xfe, 0xcd, 0x01, 0xfe, 0xfe, 0xcd, 0x01, 0xfe, 0xfe, 0xcd, 0x01, 0xfe,
  0xfe, 0xcd, 0x01, 0xfe, 0xfe, 0xcd, 0x01, 0xfe, 0xfe, 0xcd, 0x01, 0xfe,
  0xfe, 0xcd, 0x01, 0xfe, 0xfe, 0xcd, 0x01, 0xfe, 0xfe, 0xcd, 0x01, 0xfe,
  0xfe, 0xcd, 0x01, 0xfe, 0xfe, 0xcd, 0x01, 0xfe, 0xfe, 0xcd, 0x01, 0xfe,
  0xfe, 0xcd, 0x01, 0xfe, 0xfe, 0xcd, 0x01, 0xfe, 0xfe, 0xcd, 0x01, 0xfe,
  0xfe, 0xcd, 0x01, 0xfe, 0xfe, 0xcd, 0x01, 0xfe, 0xfe, 0xcd, 0x01, 0xfe,
  0xfe, 0xcd, 0x01, 0xfe, 0xfe, 0xcd, 0x01, 0xfe, 0xfe, 0xcd, 0x01, 0xfe,
  0xfe, 0xcd, 0x01, 0xfe, 0xfe, 0xcd, 0x01, 0xfe, 0xfe, 0xcd, 0x01, 0xfe,
  0xfe, 0xcd, 0x01, 0xfe, 0xfe, 0xcd, 0x01, 0xfe, 0xfe, 0xcd, 0x01, 0xfe,
  0xfe, 0xcd, 0x01, 0xfe, 0xfe, 0xcd, 0x01, 0xfe, 0xfe, 0xcd, 0x01, 0xfe,
  0xfe, 0xcd, 0x01, 0xfe, 0xfe, 0xcd, 0x01, 0xfe, 0xfe, 0xcd, 0x01, 0xfe,
  0xfe, 0xcd, 0x01, 0xfe, 0xfe, 0xcd, 0x01, 0xfe, 0xfe, 0xcd, 0x01, 0xfe,
  0xfe, 0xcd, 0x01, 0xfe, 0xfe, 0xcd, 0x01, 0xfe, 0xfe, 0xcd, 0x01, 0xfe,
  0xfe, 0xcd, 0x01, 0xfe, 0xfe, 0xcd, 0x01, 0xfe, 0xfe, 0xcd, 0x01, 0xfe,
  0xfe, 0xcd, 0x01, 0xfe, 0xfe, 0xcd, 0x01, 0xfe, 0xfe, 0xcd, 0x01, 0xfe,
  0xfe, 0xcd, 0x01, 0xfe, 0xfe, 0xcd, 0x01, 0xfe, 0xfe, 0xcd, 0x01, 0xfe,
  0xfe, 0xcd, 0x01, 0xfe, 0xfe, 0xcd, 0x01, 0xfe, 0xfe, 0xcd, 0x01, 0xfe,
  0xfe, 0xcd, 0x01, 0xfe, 0xfe, 0xcd, 0x01, 0xfe, 0xfe, 0xcd, 0x01, 0xfe,
  0xfe, 0xcd, 0x01, 0xfe, 0xfe, 0xcd, 0x01, 0xfe, 0xfe, 0xcd, 0x01, 0xfe,
  0xfe, 0xcd, 0x01, 0xfe, 0xfe, 0xcd, 0x01, 0xfe, 0xfe, 0xcd, 0x01, 0xfe,
  0xfe, 0xcd, 0x01, 0xfe, 0xfe, 0xcd, 0x01, 0xfe, 0xfe, 0xcd, 0x01, 0xfe,
  0xfe, 0xcd, 0x01, 0xfe, 0xfe, 0xcd, 0x01, 0xfe, 0xfe, 0xcd, 0x01, 0xfe,
  0xfe, 0xcd, 0x01, 0xfe, 0xfe, 0xcd, 0x01, 0xfe, 0xfe, 0xcd, 0x01, 0xfe,
  0xfe, 0xcd, 0x01, 0xfe, 0xfe, 0xcd, 0x01, 0xfe, 0xfe, 0xcd, 0x01, 0xfe,
  0xfe, 0xcd, 0x01, 0xfe, 0xfe, 0xcd, 0x01, 0xfe, 0xfe, 0xcd, 0x01, 0xfe,
  0xfe, 0xcd, 0x01, 0xfe, 0xfe, 0xcd, 0x01, 0xfe, 0xfe, 0xcd, 0x01, 0xfe,
  0xfe, 0xcd, 0x01, 0xfe, 0xfe, 0xcd, 0x01, 0xfe, 0xfe, 0xcd, 0x01, 0xfe,
  0xfe, 0xcd, 0x01, 0xfe, 0xfe, 0xcd, 0x01, 0xfe, 0xfe, 0xcd, 0x01, 0xff,
  0xfe, 0xcd, 0x01, 0xff, 0xfe, 0xcd, 0x01, 0xff, 0xfe, 0xcd, 0x01, 0xff,
  0xfe, 0xcd, 0x01, 0xff, 0xfe, 0xcd, 0x01, 0xff, 0xfe, 0xcd, 0x01, 0xff,
  0xfe, 0xcd, 0x01, 0xff, 0xfe, 0xcd, 0x01, 0xff, 0xfe, 0xcd, 0x01, 0xff,
  0xfe, 0xcd, 0x01, 0xff, 0xfe, 0xcd, 0x01, 0xff, 0xfe, 0xcd, 0x01, 0xff,
  0xfe, 0xcd, 0x01, 0xff, 0xfe, 0xcd, 0x01, 0xff, 0xfe, 0xcd, 0x01, 0xff,
  0xfe, 0xcd, 0x01, 0xff, 0xfe, 0xcd, 0x01, 0xff, 0xfe, 0xcd, 0x01, 0xff,
  0xfe, 0xcd, 0x01, 0xff, 0xfe, 0xcd, 0x01, 0xff, 0xfe, 0xcd, 0x01, 0xff,
  0xfe, 0xcd, 0x01, 0xff, 0xfe, 0xcd, 0x01, 0xff, 0xfe, 0xcd, 0x01, 0xff,
  0xfe, 0xcd, 0x01, 0xff, 0xfe, 0xcd, 0x01, 0xff, 0xfe, 0xcd, 0x01, 0xff,
  0xfe, 0xcd, 0x01, 0xff, 0xfe, 0xcd, 0x01, 0xff, 0xfe, 0xcd, 0x01, 0xff,
  0xfe, 0xcd, 0x01, 0xff, 0xfe, 0xcd, 0x01, 0xff, 0xfe, 0xcd, 0x01, 0xff,
  0xfe, 0xcd, 0x01, 0xff, 0xfe, 0xcd, 0x01, 0xff, 0xfe, 0xcd, 0x01, 0xff,
  0xfe, 0xcd, 0x01, 0xff, 0xfe, 0xcd, 0x01, 0xff, 0xfe, 0xcd, 0x01, 0xff,
  0xfe, 0xcd, 0x01, 0xff, 0xfe, 0xcd, 0x01, 0xff, 0xfe, 0xcd, 0x01, 0xff,
  0xfe, 0xcd, 0x01, 0xff, 0xfe, 0xcd, 0x01, 0xff, 0xfe, 0xcd, 0x01, 0xff,
  0xfe, 0xcd, 0x01, 0xff, 0xfe, 0xcd, 0x01, 0xff, 0xfe, 0xcd, 0x01, 0xff,
  0xfe, 0xcd, 0x01, 0xff, 0xfe, 0xcd, 0x01, 0xff, 0xfe, 0xcd, 0x01, 0xff,
  0xfe, 0xcd, 0x01, 0xff, 0x00, 0x00, 0x00, 0xff, 0x00, 0x00, 0x00, 0xff,
  0x00, 0x00, 0x00, 0xff, 0x00, 0x00, 0x00, 0xff, 0x00, 0x00, 0x00, 0x00,
  0x00, 0x00, 0x00, 0x00, 0x00, 0x00, 0x00, 0x00, 0x00, 0x00, 0x00, 0x00,
  0x00, 0x00, 0x00, 0x00, 0x00, 0x00, 0x00, 0x00, 0x00, 0x00, 0x00, 0xc6,
  0x00, 0x00, 0x00, 0xff, 0x08, 0x04, 0x00, 0xff, 0x08, 0x04, 0x00, 0xff,
  0x08, 0x04, 0x00, 0xff, 0xf7, 0x49, 0x29, 0xff, 0xf9, 0x47, 0x28, 0xff,
  0xf9, 0x47, 0x28, 0xff, 0xf9, 0x47, 0x28, 0xff, 0xf9, 0x47, 0x28, 0xff,
  0xf9, 0x47, 0x28, 0xff, 0xf9, 0x47, 0x28, 0xff, 0xf9, 0x47, 0x28, 0xff,
  0xf9, 0x47, 0x28, 0xff, 0xf9, 0x47, 0x28, 0xff, 0xf9, 0x47, 0x28, 0xff,
  0xf9, 0x47, 0x28, 0xff, 0xf9, 0x47, 0x28, 0xff, 0xf9, 0x47, 0x28, 0xff,
  0xf9, 0x47, 0x28, 0xff, 0xf9, 0x47, 0x28, 0xff, 0xf9, 0x47, 0x28, 0xff,
  0xf9, 0x47, 0x28, 0xff, 0xf9, 0x47, 0x28, 0xff, 0xf9, 0x47, 0x28, 0xff,
  0xf9, 0x47, 0x28, 0xff, 0xf9, 0x47, 0x28, 0xff, 0xf9, 0x47, 0x28, 0xff,
  0xf9, 0x47, 0x28, 0xff, 0xf9, 0x47, 0x28, 0xff, 0xf9, 0x47, 0x28, 0xff,
  0xf9, 0x47, 0x28, 0xff, 0xf9, 0x47, 0x28, 0xff, 0xf9, 0x47, 0x28, 0xff,
  0xf9, 0x47, 0x28, 0xff, 0xf9, 0x47, 0x28, 0xff, 0xf9, 0x47, 0x28, 0xff,
  0xf9, 0x47, 0x28, 0xff, 0xf9, 0x47, 0x28, 0xff, 0xf9, 0x47, 0x28, 0xff,
  0xf9, 0x47, 0x28, 0xff, 0xf9, 0x47, 0x28, 0xff, 0xf9, 0x47, 0x28, 0xff,
  0xf9, 0x47, 0x28, 0xff, 0xf9, 0x47, 0x28, 0xff, 0xf9, 0x47, 0x28, 0xff,
  0xf9, 0x47, 0x28, 0xff, 0xf9, 0x47, 0x28, 0xff, 0xf9, 0x47, 0x28, 0xff,
  0xf3, 0x50, 0x34, 0xff, 0xf9, 0x47, 0x28, 0xff, 0xf9, 0x47, 0x28, 0xff,
  0xf9, 0x47, 0x28, 0xff, 0xf9, 0x47, 0x28, 0xff, 0xf7, 0x45, 0x29, 0xff,
  0xf7, 0x45, 0x29, 0xff, 0x00, 0x00, 0x00, 0xff, 0x00, 0x00, 0x00, 0xff,
  0x27, 0x1f, 0x00, 0xff, 0x7f, 0x6f, 0x29, 0xff, 0xfe, 0xcd, 0x01, 0xff,
  0xfe, 0xcd, 0x01, 0xff, 0xfe, 0xcd, 0x01, 0xff, 0xfe, 0xcd, 0x01, 0xff,
  0xfe, 0xcd, 0x01, 0xfe, 0xfe, 0xcd, 0x01, 0xfe, 0xfe, 0xcd, 0x01, 0xfe,
  0xfe, 0xcd, 0x01, 0xfe, 0xfe, 0xcd, 0x01, 0xfe, 0xfe, 0xcd, 0x01, 0xfe,
  0xfe, 0xcd, 0x01, 0xfe, 0xfe, 0xcd, 0x01, 0xfe, 0xfe, 0xcd, 0x01, 0xfe,
  0xfe, 0xcd, 0x01, 0xfe, 0xfe, 0xcd, 0x01, 0xfe, 0xfe, 0xcd, 0x01, 0xfe,
  0xfe, 0xcd, 0x01, 0xfe, 0xfe, 0xcd, 0x01, 0xfe, 0xfe, 0xcd, 0x01, 0xfe,
  0xfe, 0xcd, 0x01, 0xfe, 0xfe, 0xcd, 0x01, 0xfe, 0xfe, 0xcd, 0x01, 0xfe,
  0xfe, 0xcd, 0x01, 0xfe, 0xfe, 0xcd, 0x01, 0xfe, 0xfe, 0xcd, 0x01, 0xfe,
  0xfe, 0xcd, 0x01, 0xfe, 0xfe, 0xcd, 0x01, 0xfe, 0xfe, 0xcd, 0x01, 0xfe,
  0xfe, 0xcd, 0x01, 0xfe, 0xfe, 0xcd, 0x01, 0xfe, 0xfe, 0xcd, 0x01, 0xfe,
  0xfe, 0xcd, 0x01, 0xfe, 0xfe, 0xcd, 0x01, 0xfe, 0xfe, 0xcd, 0x01, 0xfe,
  0xfe, 0xcd, 0x01, 0xfe, 0xfe, 0xcd, 0x01, 0xfe, 0xfe, 0xcd, 0x01, 0xfe,
  0xfe, 0xcd, 0x01, 0xfe, 0xfe, 0xcd, 0x01, 0xfe, 0xfe, 0xcd, 0x01, 0xfe,
  0xfe, 0xcd, 0x01, 0xfe, 0xfe, 0xcd, 0x01, 0xfe, 0xfe, 0xcd, 0x01, 0xfe,
  0xfe, 0xcd, 0x01, 0xfe, 0xfe, 0xcd, 0x01, 0xfe, 0xfe, 0xcd, 0x01, 0xfe,
  0xfe, 0xcd, 0x01, 0xfe, 0xfe, 0xcd, 0x01, 0xfe, 0xfe, 0xcd, 0x01, 0xfe,
  0xfe, 0xcd, 0x01, 0xfe, 0xfe, 0xcd, 0x01, 0xfe, 0xfe, 0xcd, 0x01, 0xfe,
  0xfe, 0xcd, 0x01, 0xfe, 0xfe, 0xcd, 0x01, 0xfe, 0xfe, 0xcd, 0x01, 0xfe,
  0xfe, 0xcd, 0x01, 0xfe, 0xfe, 0xcd, 0x01, 0xfe, 0xfe, 0xcd, 0x01, 0xfe,
  0xfe, 0xcd, 0x01, 0xfe, 0xfe, 0xcd, 0x01, 0xfe, 0xfe, 0xcd, 0x01, 0xfe,
  0xfe, 0xcd, 0x01, 0xfe, 0xfe, 0xcd, 0x01, 0xfe, 0xfe, 0xcd, 0x01, 0xfe,
  0xfe, 0xcd, 0x01, 0xfe, 0xfe, 0xcd, 0x01, 0xfe, 0xfe, 0xcd, 0x01, 0xfe,
  0xfe, 0xcd, 0x01, 0xfe, 0xfe, 0xcd, 0x01, 0xfe, 0xfe, 0xcd, 0x01, 0xfe,
  0xfe, 0xcd, 0x01, 0xfe, 0xfe, 0xcd, 0x01, 0xfe, 0xfe, 0xcd, 0x01, 0xfe,
  0xfe, 0xcd, 0x01, 0xfe, 0xfe, 0xcd, 0x01, 0xfe, 0xfe, 0xcd, 0x01, 0xfe,
  0xfe, 0xcd, 0x01, 0xfe, 0xfe, 0xcd, 0x01, 0xfe, 0xfe, 0xcd, 0x01, 0xfe,
  0xfe, 0xcd, 0x01, 0xfe, 0xfe, 0xcd, 0x01, 0xfe, 0xfe, 0xcd, 0x01, 0xfe,
  0xfe, 0xcd, 0x01, 0xfe, 0xfe, 0xcd, 0x01, 0xfe, 0xfe, 0xcd, 0x01, 0xfe,
  0xfe, 0xcd, 0x01, 0xfe, 0xfe, 0xcd, 0x01, 0xfe, 0xfe, 0xcd, 0x01, 0xfe,
  0xfe, 0xcd, 0x01, 0xfe, 0xfe, 0xcd, 0x01, 0xfe, 0xfe, 0xcd, 0x01, 0xfe,
  0xfe, 0xcd, 0x01, 0xfe, 0xfe, 0xcd, 0x01, 0xfe, 0xfe, 0xcd, 0x01, 0xfe,
  0xfe, 0xcd, 0x01, 0xfe, 0xfe, 0xcd, 0x01, 0xfe, 0xfe, 0xcd, 0x01, 0xfe,
  0xfe, 0xcd, 0x01, 0xfe, 0xfe, 0xcd, 0x01, 0xfe, 0xfe, 0xcd, 0x01, 0xfe,
  0xfe, 0xcd, 0x01, 0xfe, 0xfe, 0xcd, 0x01, 0xfe, 0xfe, 0xcd, 0x01, 0xfe,
  0xfe, 0xcd, 0x01, 0xfe, 0xfe, 0xcd, 0x01, 0xfe, 0xfe, 0xcd, 0x01, 0xfe,
  0xfe, 0xcd, 0x01, 0xfe, 0xfe, 0xcd, 0x01, 0xfe, 0xfe, 0xcd, 0x01, 0xfe,
  0xfe, 0xcd, 0x01, 0xfe, 0xfe, 0xcd, 0x01, 0xfe, 0xfe, 0xcd, 0x01, 0xfe,
  0xfe, 0xcd, 0x01, 0xfe, 0xfe, 0xcd, 0x01, 0xfe, 0xfe, 0xcd, 0x01, 0xfe,
  0xfe, 0xcd, 0x01, 0xfe, 0xfe, 0xcd, 0x01, 0xfe, 0xfe, 0xcd, 0x01, 0xfe,
  0xfe, 0xcd, 0x01, 0xfe, 0xfe, 0xcd, 0x01, 0xfe, 0xfe, 0xcd, 0x01, 0xfe,
  0xfe, 0xcd, 0x01, 0xfe, 0xfe, 0xcd, 0x01, 0xfe, 0xfe, 0xcd, 0x01, 0xfe,
  0xfe, 0xcd, 0x01, 0xfe, 0xfe, 0xcd, 0x01, 0xfe, 0xfe, 0xcd, 0x01, 0xfe,
  0xfe, 0xcd, 0x01, 0xfe, 0xfe, 0xcd, 0x01, 0xfe, 0xfe, 0xcd, 0x01, 0xfe,
  0xfe, 0xcd, 0x01, 0xfe, 0xfe, 0xcd, 0x01, 0xfe, 0xfe, 0xcd, 0x01, 0xfe,
  0xfe, 0xcd, 0x01, 0xfe, 0xfe, 0xcd, 0x01, 0xfe, 0xfe, 0xcd, 0x01, 0xfe,
  0xfe, 0xcd, 0x01, 0xfe, 0xfe, 0xcd, 0x01, 0xfe, 0xfe, 0xcd, 0x01, 0xfe,
  0xfe, 0xcd, 0x01, 0xfe, 0xfe, 0xcd, 0x01, 0xfe, 0xfe, 0xcd, 0x01, 0xfe,
  0xfe, 0xcd, 0x01, 0xfe, 0xfe, 0xcd, 0x01, 0xfe, 0xfe, 0xcd, 0x01, 0xfe,
  0xfe, 0xcd, 0x01, 0xfe, 0xfe, 0xcd, 0x01, 0xfe, 0xfe, 0xcd, 0x01, 0xfe,
  0xfe, 0xcd, 0x01, 0xfe, 0xfe, 0xcd, 0x01, 0xfe, 0xfe, 0xcd, 0x01, 0xff,
  0xfe, 0xcd, 0x01, 0xff, 0xfe, 0xcd, 0x01, 0xff, 0xfe, 0xcd, 0x01, 0xff,
  0xfe, 0xcd, 0x01, 0xff, 0xfe, 0xcd, 0x01, 0xff, 0xfe, 0xcd, 0x01, 0xff,
  0xfe, 0xcd, 0x01, 0xff, 0xfe, 0xcd, 0x01, 0xff, 0xfe, 0xcd, 0x01, 0xff,
  0xfe, 0xcd, 0x01, 0xff, 0xfe, 0xcd, 0x01, 0xff, 0xfe, 0xcd, 0x01, 0xff,
  0xfe, 0xcd, 0x01, 0xff, 0xfe, 0xcd, 0x01, 0xff, 0xfe, 0xcd, 0x01, 0xff,
  0xfe, 0xcd, 0x01, 0xff, 0xfe, 0xcd, 0x01, 0xff, 0xfe, 0xcd, 0x01, 0xff,
  0xfe, 0xcd, 0x01, 0xff, 0xfe, 0xcd, 0x01, 0xff, 0xfe, 0xcd, 0x01, 0xff,
  0xfe, 0xcd, 0x01, 0xff, 0xfe, 0xcd, 0x01, 0xff, 0xfe, 0xcd, 0x01, 0xff,
  0xfe, 0xcd, 0x01, 0xff, 0xfe, 0xcd, 0x01, 0xff, 0xfe, 0xcd, 0x01, 0xff,
  0xfe, 0xcd, 0x01, 0xff, 0xfe, 0xcd, 0x01, 0xff, 0xfe, 0xcd, 0x01, 0xff,
  0xfe, 0xcd, 0x01, 0xff, 0xfe, 0xcd, 0x01, 0xff, 0xfe, 0xcd, 0x01, 0xff,
  0xfe, 0xcd, 0x01, 0xff, 0xfe, 0xcd, 0x01, 0xff, 0xfe, 0xcd, 0x01, 0xff,
  0xfe, 0xcd, 0x01, 0xff, 0xfe, 0xcd, 0x01, 0xff, 0xfe, 0xcd, 0x01, 0xff,
  0xfe, 0xcd, 0x01, 0xff, 0xfe, 0xcd, 0x01, 0xff, 0xfe, 0xcd, 0x01, 0xff,
  0xfe, 0xcd, 0x01, 0xff, 0xfe, 0xcd, 0x01, 0xff, 0xfe, 0xcd, 0x01, 0xff,
  0xfe, 0xcd, 0x01, 0xff, 0xfe, 0xcd, 0x01, 0xff, 0xfe, 0xcd, 0x01, 0xff,
  0xfe, 0xcd, 0x01, 0xff, 0xfe, 0xcd, 0x01, 0xff, 0xfe, 0xcd, 0x01, 0xff,
  0x00, 0x00, 0x00, 0xf0, 0x00, 0x00, 0x00, 0xff, 0x00, 0x00, 0x00, 0xff,
  0x00, 0x00, 0x00, 0xff, 0x00, 0x00, 0x00, 0x40, 0x00, 0x00, 0x00, 0x00,
  0x00, 0x00, 0x00, 0x00, 0x00, 0x00, 0x00, 0x00, 0x00, 0x00, 0x00, 0x00,
  0x00, 0x00, 0x00, 0x00, 0x00, 0x00, 0x00, 0xf0, 0x00, 0x00, 0x00, 0xff,
  0x08, 0x04, 0x00, 0xff, 0x08, 0x04, 0x00, 0xff, 0x57, 0x1b, 0x0d, 0xff,
  0xf7, 0x49, 0x29, 0xff, 0xf9, 0x47, 0x28, 0xff, 0xf9, 0x47, 0x28, 0xff,
  0xf9, 0x47, 0x28, 0xff, 0xf9, 0x47, 0x28, 0xff, 0xf9, 0x47, 0x28, 0xff,
  0xf9, 0x47, 0x28, 0xff, 0xf9, 0x47, 0x28, 0xff, 0xf9, 0x47, 0x28, 0xff,
  0xf9, 0x47, 0x28, 0xff, 0xf9, 0x47, 0x28, 0xff, 0xf9, 0x47, 0x28, 0xff,
  0xf9, 0x47, 0x28, 0xff, 0xf9, 0x47, 0x28, 0xff, 0xf9, 0x47, 0x28, 0xff,
  0xf9, 0x47, 0x28, 0xff, 0xf9, 0x47, 0x28, 0xff, 0xf9, 0x47, 0x28, 0xff,
  0xf9, 0x47, 0x28, 0xff, 0xf9, 0x47, 0x28, 0xff, 0xf9, 0x47, 0x28, 0xff,
  0xf9, 0x47, 0x28, 0xff, 0xf9, 0x47, 0x28, 0xff, 0xf9, 0x47, 0x28, 0xff,
  0xf9, 0x47, 0x28, 0xff, 0xf9, 0x47, 0x28, 0xff, 0xf9, 0x47, 0x28, 0xff,
  0xf9, 0x47, 0x28, 0xff, 0xf9, 0x47, 0x28, 0xff, 0xf9, 0x47, 0x28, 0xff,
  0xf9, 0x47, 0x28, 0xff, 0xf9, 0x47, 0x28, 0xff, 0xf9, 0x47, 0x28, 0xff,
  0xf9, 0x47, 0x28, 0xff, 0xf9, 0x47, 0x28, 0xff, 0xf9, 0x47, 0x28, 0xff,
  0xf9, 0x47, 0x28, 0xff, 0xf9, 0x47, 0x28, 0xff, 0xf9, 0x47, 0x28, 0xff,
  0xf9, 0x47, 0x28, 0xff, 0xf9, 0x47, 0x28, 0xff, 0xf9, 0x47, 0x28, 0xff,
  0xf9, 0x47, 0x28, 0xff, 0xf9, 0x47, 0x28, 0xff, 0xf8, 0x48, 0x29, 0xff,
  0xf9, 0x47, 0x28, 0xff, 0xf9, 0x47, 0x28, 0xff, 0xf9, 0x47, 0x28, 0xff,
  0xf9, 0x47, 0x28, 0xff, 0xf7, 0x45, 0x29, 0xff, 0xf7, 0x45, 0x29, 0xff,
  0x52, 0x17, 0x0d, 0xff, 0x00, 0x00, 0x00, 0xff, 0x00, 0x00, 0x00, 0xff,
  0x27, 0x1f, 0x00, 0xff, 0xfe, 0xcd, 0x01, 0xff, 0xfe, 0xcd, 0x01, 0xff,
  0xfe, 0xcd, 0x01, 0xff, 0xfe, 0xcd, 0x01, 0xff, 0xfe, 0xcd, 0x01, 0xfe,
  0xfe, 0xcd, 0x01, 0xfe, 0xfe, 0xcd, 0x01, 0xfe, 0xfe, 0xcd, 0x01, 0xfe,
  0xfe, 0xcd, 0x01, 0xfe, 0xfe, 0xcd, 0x01, 0xfe, 0xfe, 0xcd, 0x01, 0xfe,
  0xfe, 0xcd, 0x01, 0xfe, 0xfe, 0xcd, 0x01, 0xfe, 0xfe, 0xcd, 0x01, 0xfe,
  0xfe, 0xcd, 0x01, 0xfe, 0xfe, 0xcd, 0x01, 0xfe, 0xfe, 0xcd, 0x01, 0xfe,
  0xfe, 0xcd, 0x01, 0xfe, 0xfe, 0xcd, 0x01, 0xfe, 0xfe, 0xcd, 0x01, 0xfe,
  0xfe, 0xcd, 0x01, 0xfe, 0xfe, 0xcd, 0x01, 0xfe, 0xfe, 0xcd, 0x01, 0xfe,
  0xfe, 0xcd, 0x01, 0xfe, 0xfe, 0xcd, 0x01, 0xfe, 0xfe, 0xcd, 0x01, 0xfe,
  0xfe, 0xcd, 0x01, 0xfe, 0xfe, 0xcd, 0x01, 0xfe, 0xfe, 0xcd, 0x01, 0xfe,
  0xfe, 0xcd, 0x01, 0xfe, 0xfe, 0xcd, 0x01, 0xfe, 0xfe, 0xcd, 0x01, 0xfe,
  0xfe, 0xcd, 0x01, 0xfe, 0xfe, 0xcd, 0x01, 0xfe, 0xfe, 0xcd, 0x01, 0xfe,
  0xfe, 0xcd, 0x01, 0xfe, 0xfe, 0xcd, 0x01, 0xfe, 0xfe, 0xcd, 0x01, 0xfe,
  0xfe, 0xcd, 0x01, 0xfe, 0xfe, 0xcd, 0x01, 0xfe, 0xfe, 0xcd, 0x01, 0xfe,
  0xfe, 0xcd, 0x01, 0xfe, 0xfe, 0xcd, 0x01, 0xfe, 0xfe, 0xcd, 0x01, 0xfe,
  0xfe, 0xcd, 0x01, 0xfe, 0xfe, 0xcd, 0x01, 0xfe, 0xfe, 0xcd, 0x01, 0xfe,
  0xfe, 0xcd, 0x01, 0xfe, 0xfe, 0xcd, 0x01, 0xfe, 0xfe, 0xcd, 0x01, 0xfe,
  0xfe, 0xcd, 0x01, 0xfe, 0xfe, 0xcd, 0x01, 0xfe, 0xfe, 0xcd, 0x01, 0xfe,
  0xfe, 0xcd, 0x01, 0xfe, 0xfe, 0xcd, 0x01, 0xfe, 0xfe, 0xcd, 0x01, 0xfe,
  0xfe, 0xcd, 0x01, 0xfe, 0xfe, 0xcd, 0x01, 0xfe, 0xfe, 0xcd, 0x01, 0xfe,
  0xfe, 0xcd, 0x01, 0xfe, 0xfe, 0xcd, 0x01, 0xfe, 0xfe, 0xcd, 0x01, 0xfe,
  0xfe, 0xcd, 0x01, 0xfe, 0xfe, 0xcd, 0x01, 0xfe, 0xfe, 0xcd, 0x01, 0xfe,
  0xfe, 0xcd, 0x01, 0xfe, 0xfe, 0xcd, 0x01, 0xfe, 0xfe, 0xcd, 0x01, 0xfe,
  0xfe, 0xcd, 0x01, 0xfe, 0xfe, 0xcd, 0x01, 0xfe, 0xfe, 0xcd, 0x01, 0xfe,
  0xfe, 0xcd, 0x01, 0xfe, 0xfe, 0xcd, 0x01, 0xfe, 0xfe, 0xcd, 0x01, 0xfe,
  0xfe, 0xcd, 0x01, 0xfe, 0xfe, 0xcd, 0x01, 0xfe, 0xfe, 0xcd, 0x01, 0xfe,
  0xfe, 0xcd, 0x01, 0xfe, 0xfe, 0xcd, 0x01, 0xfe, 0xfe, 0xcd, 0x01, 0xfe,
  0xfe, 0xcd, 0x01, 0xfe, 0xfe, 0xcd, 0x01, 0xfe, 0xfe, 0xcd, 0x01, 0xfe,
  0xfe, 0xcd, 0x01, 0xfe, 0xfe, 0xcd, 0x01, 0xfe, 0xfe, 0xcd, 0x01, 0xfe,
  0xfe, 0xcd, 0x01, 0xfe, 0xfe, 0xcd, 0x01, 0xfe, 0xfe, 0xcd, 0x01, 0xfe,
  0xfe, 0xcd, 0x01, 0xfe, 0xfe, 0xcd, 0x01, 0xfe, 0xfe, 0xcd, 0x01, 0xfe,
  0xfe, 0xcd, 0x01, 0xfe, 0xfe, 0xcd, 0x01, 0xfe, 0xfe, 0xcd, 0x01, 0xfe,
  0xfe, 0xcd, 0x01, 0xfe, 0xfe, 0xcd, 0x01, 0xfe, 0xfe, 0xcd, 0x01, 0xfe,
  0xfe, 0xcd, 0x01, 0xfe, 0xfe, 0xcd, 0x01, 0xfe, 0xfe, 0xcd, 0x01, 0xfe,
  0xfe, 0xcd, 0x01, 0xfe, 0xfe, 0xcd, 0x01, 0xfe, 0xfe, 0xcd, 0x01, 0xfe,
  0xfe, 0xcd, 0x01, 0xfe, 0xfe, 0xcd, 0x01, 0xfe, 0xfe, 0xcd, 0x01, 0xfe,
  0xfe, 0xcd, 0x01, 0xfe, 0xfe, 0xcd, 0x01, 0xfe, 0xfe, 0xcd, 0x01, 0xfe,
  0xfe, 0xcd, 0x01, 0xfe, 0xfe, 0xcd, 0x01, 0xfe, 0xfe, 0xcd, 0x01, 0xfe,
  0xfe, 0xcd, 0x01, 0xfe, 0xfe, 0xcd, 0x01, 0xfe, 0xfe, 0xcd, 0x01, 0xfe,
  0xfe, 0xcd, 0x01, 0xfe, 0xfe, 0xcd, 0x01, 0xfe, 0xfe, 0xcd, 0x01, 0xfe,
  0xfe, 0xcd, 0x01, 0xfe, 0xfe, 0xcd, 0x01, 0xfe, 0xfe, 0xcd, 0x01, 0xfe,
  0xfe, 0xcd, 0x01, 0xfe, 0xfe, 0xcd, 0x01, 0xfe, 0xfe, 0xcd, 0x01, 0xfe,
  0xfe, 0xcd, 0x01, 0xfe, 0xfe, 0xcd, 0x01, 0xfe, 0xfe, 0xcd, 0x01, 0xfe,
  0xfe, 0xcd, 0x01, 0xfe, 0xfe, 0xcd, 0x01, 0xfe, 0xfe, 0xcd, 0x01, 0xfe,
  0xfe, 0xcd, 0x01, 0xfe, 0xfe, 0xcd, 0x01, 0xfe, 0xfe, 0xcd, 0x01, 0xfe,
  0xfe, 0xcd, 0x01, 0xfe, 0xfe, 0xcd, 0x01, 0xfe, 0xfe, 0xcd, 0x01, 0xfe,
  0xfe, 0xcd, 0x01, 0xfe, 0xfe, 0xcd, 0x01, 0xfe, 0xfe, 0xcd, 0x01, 0xfe,
  0xfe, 0xcd, 0x01, 0xfe, 0xfe, 0xcd, 0x01, 0xfe, 0xfe, 0xcd, 0x01, 0xfe,
  0xfe, 0xcd, 0x01, 0xfe, 0xfe, 0xcd, 0x01, 0xfe, 0xfe, 0xcd, 0x01, 0xfe,
  0xfe, 0xcd, 0x01, 0xfe, 0xfe, 0xcd, 0x01, 0xfe, 0xfe, 0xcd, 0x01, 0xfe,
  0xfe, 0xcd, 0x01, 0xfe, 0xfe, 0xcd, 0x01, 0xff, 0xfe, 0xcd, 0x01, 0xff,
  0xfe, 0xcd, 0x01, 0xff, 0xfe, 0xcd, 0x01, 0xff, 0xfe, 0xcd, 0x01, 0xff,
  0xfe, 0xcd, 0x01, 0xff, 0xfe, 0xcd, 0x01, 0xff, 0xfe, 0xcd, 0x01, 0xff,
  0xfe, 0xcd, 0x01, 0xff, 0xfe, 0xcd, 0x01, 0xff, 0xfe, 0xcd, 0x01, 0xff,
  0xfe, 0xcd, 0x01, 0xff, 0xfe, 0xcd, 0x01, 0xff, 0xfe, 0xcd, 0x01, 0xff,
  0xfe, 0xcd, 0x01, 0xff, 0xfe, 0xcd, 0x01, 0xff, 0xfe, 0xcd, 0x01, 0xff,
  0xfe, 0xcd, 0x01, 0xff, 0xfe, 0xcd, 0x01, 0xff, 0xfe, 0xcd, 0x01, 0xff,
  0xfe, 0xcd, 0x01, 0xff, 0xfe, 0xcd, 0x01, 0xff, 0xfe, 0xcd, 0x01, 0xff,
  0xfe, 0xcd, 0x01, 0xff, 0xfe, 0xcd, 0x01, 0xff, 0xfe, 0xcd, 0x01, 0xff,
  0xfe, 0xcd, 0x01, 0xff, 0xfe, 0xcd, 0x01, 0xff, 0xfe, 0xcd, 0x01, 0xff,
  0xfe, 0xcd, 0x01, 0xff, 0xfe, 0xcd, 0x01, 0xff, 0xfe, 0xcd, 0x01, 0xff,
  0xfe, 0xcd, 0x01, 0xff, 0xfe, 0xcd, 0x01, 0xff, 0xfe, 0xcd, 0x01, 0xff,
  0xfe, 0xcd, 0x01, 0xff, 0xfe, 0xcd, 0x01, 0xff, 0xfe, 0xcd, 0x01, 0xff,
  0xfe, 0xcd, 0x01, 0xff, 0xfe, 0xcd, 0x01, 0xff, 0xfe, 0xcd, 0x01, 0xff,
  0xfe, 0xcd, 0x01, 0xff, 0xfe, 0xcd, 0x01, 0xff, 0xfe, 0xcd, 0x01, 0xff,
  0xfe, 0xcd, 0x01, 0xff, 0xfe, 0xcd, 0x01, 0xff, 0xfe, 0xcd, 0x01, 0xff,
  0xfe, 0xcd, 0x01, 0xff, 0xfe, 0xcd, 0x01, 0xff, 0xfe, 0xcd, 0x01, 0xff,
  0xfe, 0xcd, 0x01, 0xff, 0xfe, 0xcd, 0x01, 0xff, 0x00, 0x00, 0x00, 0xa9,
  0x00, 0x00, 0x00, 0xff, 0x00, 0x00, 0x00, 0xff, 0x00, 0x00, 0x00, 0xff,
  0x00, 0x00, 0x00, 0x8c, 0x00, 0x00, 0x00, 0x00, 0x00, 0x00, 0x00, 0x00,
  0x00, 0x00, 0x00, 0x00, 0x00, 0x00, 0x00, 0x00, 0x00, 0x00, 0x00, 0x20,
  0x00, 0x00, 0x00, 0xff, 0x00, 0x00, 0x00, 0xff, 0x08, 0x04, 0x00, 0xff,
  0x08, 0x04, 0x00, 0xff, 0xa7, 0x32, 0x1b, 0xff, 0xf7, 0x49, 0x29, 0xff,
  0xf9, 0x47, 0x28, 0xff, 0xf9, 0x47, 0x28, 0xff, 0xf9, 0x47, 0x28, 0xff,
  0xf9, 0x47, 0x28, 0xff, 0xf9, 0x47, 0x28, 0xff, 0xf9, 0x47, 0x28, 0xff,
  0xf9, 0x47, 0x28, 0xff, 0xf9, 0x47, 0x28, 0xff, 0xf9, 0x47, 0x28, 0xff,
  0xf9, 0x47, 0x28, 0xff, 0xf9, 0x47, 0x28, 0xff, 0xf9, 0x47, 0x28, 0xff,
  0xf9, 0x47, 0x28, 0xff, 0xf9, 0x47, 0x28, 0xff, 0xf9, 0x47, 0x28, 0xff,
  0xf9, 0x47, 0x28, 0xff, 0xf9, 0x47, 0x28, 0xff, 0xf9, 0x47, 0x28, 0xff,
  0xf9, 0x47, 0x28, 0xff, 0xf9, 0x47, 0x28, 0xff, 0xf9, 0x47, 0x28, 0xff,
  0xf9, 0x47, 0x28, 0xff, 0xf9, 0x47, 0x28, 0xff, 0xf9, 0x47, 0x28, 0xff,
  0xf9, 0x47, 0x28, 0xff, 0xf9, 0x47, 0x28, 0xff, 0xf9, 0x47, 0x28, 0xff,
  0xf9, 0x47, 0x28, 0xff, 0xf9, 0x47, 0x28, 0xff, 0xf9, 0x47, 0x28, 0xff,
  0xf9, 0x47, 0x28, 0xff, 0xf9, 0x47, 0x28, 0xff, 0xf9, 0x47, 0x28, 0xff,
  0xf9, 0x47, 0x28, 0xff, 0xf9, 0x47, 0x28, 0xff, 0xf9, 0x47, 0x28, 0xff,
  0xf9, 0x47, 0x28, 0xff, 0xf9, 0x47, 0x28, 0xff, 0xf9, 0x47, 0x28, 0xff,
  0xf9, 0x47, 0x28, 0xff, 0xf9, 0x47, 0x28, 0xff, 0xf9, 0x47, 0x28, 0xff,
  0xf9, 0x47, 0x28, 0xff, 0xf9, 0x47, 0x28, 0xff, 0xf9, 0x47, 0x28, 0xff,
  0xf9, 0x47, 0x28, 0xff, 0xf9, 0x47, 0x28, 0xff, 0xf9, 0x47, 0x28, 0xff,
  0xf7, 0x45, 0x29, 0xff, 0xf7, 0x45, 0x29, 0xff, 0xa4, 0x2e, 0x1b, 0xff,
  0x00, 0x00, 0x00, 0xff, 0x00, 0x00, 0x00, 0xff, 0x00, 0x00, 0x00, 0xff,
  0xfe, 0xcc, 0x01, 0xff, 0xfe, 0xcd, 0x01, 0xff, 0xfe, 0xcd, 0x01, 0xff,
  0xfe, 0xcd, 0x01, 0xff, 0xfe, 0xcd, 0x01, 0xfe, 0xfe, 0xcd, 0x01, 0xfe,
  0xfe, 0xcd, 0x01, 0xfe, 0xfe, 0xcd, 0x01, 0xfe, 0xfe, 0xcd, 0x01, 0xfe,
  0xfe, 0xcd, 0x01, 0xfe, 0xfe, 0xcd, 0x01, 0xfe, 0xfe, 0xcd, 0x01, 0xfe,
  0xfe, 0xcd, 0x01, 0xfe, 0xfe, 0xcd, 0x01, 0xfe, 0xfe, 0xcd, 0x01, 0xfe,
  0xfe, 0xcd, 0x01, 0xfe, 0xfe, 0xcd, 0x01, 0xfe, 0xfe, 0xcd, 0x01, 0xfe,
  0xfe, 0xcd, 0x01, 0xfe, 0xfe, 0xcd, 0x01, 0xfe, 0xfe, 0xcd, 0x01, 0xfe,
  0xfe, 0xcd, 0x01, 0xfe, 0xfe, 0xcd, 0x01, 0xfe, 0xfe, 0xcd, 0x01, 0xfe,
  0xfe, 0xcd, 0x01, 0xfe, 0xfe, 0xcd, 0x01, 0xfe, 0xfe, 0xcd, 0x01, 0xfe,
  0xfe, 0xcd, 0x01, 0xfe, 0xfe, 0xcd, 0x01, 0xfe, 0xfe, 0xcd, 0x01, 0xfe,
  0xfe, 0xcd, 0x01, 0xfe, 0xfe, 0xcd, 0x01, 0xfe, 0xfe, 0xcd, 0x01, 0xfe,
  0xfe, 0xcd, 0x01, 0xfe, 0xfe, 0xcd, 0x01, 0xfe, 0xfe, 0xcd, 0x01, 0xfe,
  0xfe, 0xcd, 0x01, 0xfe, 0xfe, 0xcd, 0x01, 0xfe, 0xfe, 0xcd, 0x01, 0xfe,
  0xfe, 0xcd, 0x01, 0xfe, 0xfe, 0xcd, 0x01, 0xfe, 0xfe, 0xcd, 0x01, 0xfe,
  0xfe, 0xcd, 0x01, 0xfe, 0xfe, 0xcd, 0x01, 0xfe, 0xfe, 0xcd, 0x01, 0xfe,
  0xfe, 0xcd, 0x01, 0xfe, 0xfe, 0xcd, 0x01, 0xfe, 0xfe, 0xcd, 0x01, 0xfe,
  0xfe, 0xcd, 0x01, 0xfe, 0xfe, 0xcd, 0x01, 0xfe, 0xfe, 0xcd, 0x01, 0xfe,
  0xfe, 0xcd, 0x01, 0xfe, 0xfe, 0xcd, 0x01, 0xfe, 0xfe, 0xcd, 0x01, 0xfe,
  0xfe, 0xcd, 0x01, 0xfe, 0xfe, 0xcd, 0x01, 0xfe, 0xfe, 0xcd, 0x01, 0xfe,
  0xfe, 0xcd, 0x01, 0xfe, 0xfe, 0xcd, 0x01, 0xfe, 0xfe, 0xcd, 0x01, 0xfe,
  0xfe, 0xcd, 0x01, 0xfe, 0xfe, 0xcd, 0x01, 0xfe, 0xfe, 0xcd, 0x01, 0xfe,
  0xfe, 0xcd, 0x01, 0xfe, 0xfe, 0xcd, 0x01, 0xfe, 0xfe, 0xcd, 0x01, 0xfe,
  0xfe, 0xcd, 0x01, 0xfe, 0xfe, 0xcd, 0x01, 0xfe, 0xfe, 0xcd, 0x01, 0xfe,
  0xfe, 0xcd, 0x01, 0xfe, 0xfe, 0xcd, 0x01, 0xfe, 0xfe, 0xcd, 0x01, 0xfe,
  0xfe, 0xcd, 0x01, 0xfe, 0xfe, 0xcd, 0x01, 0xfe, 0xfe, 0xcd, 0x01, 0xfe,
  0xfe, 0xcd, 0x01, 0xfe, 0xfe, 0xcd, 0x01, 0xfe, 0xfe, 0xcd, 0x01, 0xfe,
  0xfe, 0xcd, 0x01, 0xfe, 0xfe, 0xcd, 0x01, 0xfe, 0xfe, 0xcd, 0x01, 0xfe,
  0xfe, 0xcd, 0x01, 0xfe, 0xfe, 0xcd, 0x01, 0xfe, 0xfe, 0xcd, 0x01, 0xfe,
  0xfe, 0xcd, 0x01, 0xfe, 0xfe, 0xcd, 0x01, 0xfe, 0xfe, 0xcd, 0x01, 0xfe,
  0xfe, 0xcd, 0x01, 0xfe, 0xfe, 0xcd, 0x01, 0xfe, 0xfe, 0xcd, 0x01, 0xfe,
  0xfe, 0xcd, 0x01, 0xfe, 0xfe, 0xcd, 0x01, 0xfe, 0xfe, 0xcd, 0x01, 0xfe,
  0xfe, 0xcd, 0x01, 0xfe, 0xfe, 0xcd, 0x01, 0xfe, 0xfe, 0xcd, 0x01, 0xfe,
  0xfe, 0xcd, 0x01, 0xfe, 0xfe, 0xcd, 0x01, 0xfe, 0xfe, 0xcd, 0x01, 0xfe,
  0xfe, 0xcd, 0x01, 0xfe, 0xfe, 0xcd, 0x01, 0xfe, 0xfe, 0xcd, 0x01, 0xfe,
  0xfe, 0xcd, 0x01, 0xfe, 0xfe, 0xcd, 0x01, 0xfe, 0xfe, 0xcd, 0x01, 0xfe,
  0xfe, 0xcd, 0x01, 0xfe, 0xfe, 0xcd, 0x01, 0xfe, 0xfe, 0xcd, 0x01, 0xfe,
  0xfe, 0xcd, 0x01, 0xfe, 0xfe, 0xcd, 0x01, 0xfe, 0xfe, 0xcd, 0x01, 0xfe,
  0xfe, 0xcd, 0x01, 0xfe, 0xfe, 0xcd, 0x01, 0xfe, 0xfe, 0xcd, 0x01, 0xfe,
  0xfe, 0xcd, 0x01, 0xfe, 0xfe, 0xcd, 0x01, 0xfe, 0xfe, 0xcd, 0x01, 0xfe,
  0xfe, 0xcd, 0x01, 0xfe, 0xfe, 0xcd, 0x01, 0xfe, 0xfe, 0xcd, 0x01, 0xfe,
  0xfe, 0xcd, 0x01, 0xfe, 0xfe, 0xcd, 0x01, 0xfe, 0xfe, 0xcd, 0x01, 0xfe,
  0xfe, 0xcd, 0x01, 0xfe, 0xfe, 0xcd, 0x01, 0xfe, 0xfe, 0xcd, 0x01, 0xfe,
  0xfe, 0xcd, 0x01, 0xfe, 0xfe, 0xcd, 0x01, 0xfe, 0xfe, 0xcd, 0x01, 0xfe,
  0xfe, 0xcd, 0x01, 0xfe, 0xfe, 0xcd, 0x01, 0xfe, 0xfe, 0xcd, 0x01, 0xfe,
  0xfe, 0xcd, 0x01, 0xfe, 0xfe, 0xcd, 0x01, 0xfe, 0xfe, 0xcd, 0x01, 0xfe,
  0xfe, 0xcd, 0x01, 0xfe, 0xfe, 0xcd, 0x01, 0xfe, 0xfe, 0xcd, 0x01, 0xfe,
  0xfe, 0xcd, 0x01, 0xfe, 0xfe, 0xcd, 0x01, 0xfe, 0xfe, 0xcd, 0x01, 0xfe,
  0xfe, 0xcd, 0x01, 0xfe, 0xfe, 0xcd, 0x01, 0xfe, 0xfe, 0xcd, 0x01, 0xfe,
  0xfe, 0xcd, 0x01, 0xfe, 0xfe, 0xcd, 0x01, 0xfe, 0xfe, 0xcd, 0x01, 0xfe,
  0xfe, 0xcd, 0x01, 0xfe, 0xfe, 0xcd, 0x01, 0xfe, 0xfe, 0xcd, 0x01, 0xfe,
  0xfe, 0xcd, 0x01, 0xff, 0xfe, 0xcd, 0x01, 0xff, 0xfe, 0xcd, 0x01, 0xff,
  0xfe, 0xcd, 0x01, 0xff, 0xfe, 0xcd, 0x01, 0xff, 0xfe, 0xcd, 0x01, 0xff,
  0xfe, 0xcd, 0x01, 0xff, 0xfe, 0xcd, 0x01, 0xff, 0xfe, 0xcd, 0x01, 0xff,
  0xfe, 0xcd, 0x01, 0xff, 0xfe, 0xcd, 0x01, 0xff, 0xfe, 0xcd, 0x01, 0xff,
  0xfe, 0xcd, 0x01, 0xff, 0xfe, 0xcd, 0x01, 0xff, 0xfe, 0xcd, 0x01, 0xff,
  0xfe, 0xcd, 0x01, 0xff, 0xfe, 0xcd, 0x01, 0xff, 0xfe, 0xcd, 0x01, 0xff,
  0xfe, 0xcd, 0x01, 0xff, 0xfe, 0xcd, 0x01, 0xff, 0xfe, 0xcd, 0x01, 0xff,
  0xfe, 0xcd, 0x01, 0xff, 0xfe, 0xcd, 0x01, 0xff, 0xfe, 0xcd, 0x01, 0xff,
  0xfe, 0xcd, 0x01, 0xff, 0xfe, 0xcd, 0x01, 0xff, 0xfe, 0xcd, 0x01, 0xff,
  0xfe, 0xcd, 0x01, 0xff, 0xfe, 0xcd, 0x01, 0xff, 0xfe, 0xcd, 0x01, 0xff,
  0xfe, 0xcd, 0x01, 0xff, 0xfe, 0xcd, 0x01, 0xff, 0xfe, 0xcd, 0x01, 0xff,
  0xfe, 0xcd, 0x01, 0xff, 0xfe, 0xcd, 0x01, 0xff, 0xfe, 0xcd, 0x01, 0xff,
  0xfe, 0xcd, 0x01, 0xff, 0xfe, 0xcd, 0x01, 0xff, 0xfe, 0xcd, 0x01, 0xff,
  0xfe, 0xcd, 0x01, 0xff, 0xfe, 0xcd, 0x01, 0xff, 0xfe, 0xcd, 0x01, 0xff,
  0xfe, 0xcd, 0x01, 0xff, 0xfe, 0xcd, 0x01, 0xff, 0xfe, 0xcd, 0x01, 0xff,
  0xfe, 0xcd, 0x01, 0xff, 0xfe, 0xcd, 0x01, 0xff, 0xfe, 0xcd, 0x01, 0xff,
  0xfe, 0xcd, 0x01, 0xff, 0xfe, 0xcd, 0x01, 0xff, 0xfe, 0xcd, 0x01, 0xff,
  0xfe, 0xcd, 0x01, 0xff, 0x00, 0x00, 0x00, 0x86, 0x00, 0x00, 0x00, 0xff,
  0x00, 0x00, 0x00, 0xff, 0x00, 0x00, 0x00, 0xff, 0x00, 0x00, 0x00, 0xa6,
  0x00, 0x00, 0x00, 0x00, 0x00, 0x00, 0x00, 0x00, 0x00, 0x00, 0x00, 0x00,
  0x00, 0x00, 0x00, 0x00, 0x00, 0x00, 0x00, 0x49, 0x00, 0x00, 0x00, 0xff,
  0x00, 0x00, 0x00, 0xff, 0x08, 0x04, 0x00, 0xff, 0x08, 0x04, 0x00, 0xff,
  0xa7, 0x32, 0x1b, 0xff, 0xf7, 0x49, 0x29, 0xff, 0xf9, 0x47, 0x28, 0xff,
  0xf9, 0x47, 0x28, 0xff, 0xf9, 0x47, 0x28, 0xff, 0xf9, 0x47, 0x28, 0xff,
  0xf9, 0x47, 0x28, 0xff, 0xf9, 0x47, 0x28, 0xff, 0xf9, 0x47, 0x28, 0xff,
  0xf9, 0x47, 0x28, 0xff, 0xf9, 0x47, 0x28, 0xff, 0xf9, 0x47, 0x28, 0xff,
  0xf9, 0x47, 0x28, 0xff, 0xf9, 0x47, 0x28, 0xff, 0xf9, 0x47, 0x28, 0xff,
  0xf9, 0x47, 0x28, 0xff, 0xf9, 0x47, 0x28, 0xff, 0xf9, 0x47, 0x28, 0xff,
  0xf9, 0x47, 0x28, 0xff, 0xf9, 0x47, 0x28, 0xff, 0xf9, 0x47, 0x28, 0xff,
  0xf9, 0x47, 0x28, 0xff, 0xf9, 0x47, 0x28, 0xff, 0xf9, 0x47, 0x28, 0xff,
  0xf9, 0x47, 0x28, 0xff, 0xf9, 0x47, 0x28, 0xff, 0xf9, 0x47, 0x28, 0xff,
  0xf9, 0x47, 0x28, 0xff, 0xf9, 0x47, 0x28, 0xff, 0xf9, 0x47, 0x28, 0xff,
  0xf9, 0x47, 0x28, 0xff, 0xf9, 0x47, 0x28, 0xff, 0xf9, 0x47, 0x28, 0xff,
  0xf9, 0x47, 0x28, 0xff, 0xf9, 0x47, 0x28, 0xff, 0xf9, 0x47, 0x28, 0xff,
  0xf9, 0x47, 0x28, 0xff, 0xf9, 0x47, 0x28, 0xff, 0xf9, 0x47, 0x28, 0xff,
  0xf9, 0x47, 0x28, 0xff, 0xf9, 0x47, 0x28, 0xff, 0xf9, 0x47, 0x28, 0xff,
  0xf9, 0x47, 0x28, 0xff, 0xf9, 0x47, 0x28, 0xff, 0xf9, 0x47, 0x28, 0xff,
  0xf9, 0x47, 0x28, 0xff, 0xf9, 0x47, 0x28, 0xff, 0xf9, 0x47, 0x28, 0xff,
  0xf9, 0x47, 0x28, 0xff, 0xf9, 0x47, 0x28, 0xff, 0xf7, 0x45, 0x29, 0xff,
  0xf7, 0x45, 0x29, 0xff, 0xa4, 0x2e, 0x1b, 0xff, 0x00, 0x00, 0x00, 0xff,
  0x00, 0x00, 0x00, 0xff, 0x00, 0x00, 0x00, 0xff, 0xd7, 0xbf, 0x5a, 0xff,
  0xfe, 0xcd, 0x01, 0xff, 0xfe, 0xcd, 0x01, 0xff, 0xfe, 0xcd, 0x01, 0xff,
  0xfe, 0xcd, 0x01, 0xfe, 0xfe, 0xcd, 0x01, 0xfe, 0xfe, 0xcd, 0x01, 0xfe,
  0xfe, 0xcd, 0x01, 0xfe, 0xfe, 0xcd, 0x01, 0xfe, 0xfe, 0xcd, 0x01, 0xfe,
  0xfe, 0xcd, 0x01, 0xfe, 0xfe, 0xcd, 0x01, 0xfe, 0xfe, 0xcd, 0x01, 0xfe,
  0xfe, 0xcd, 0x01, 0xfe, 0xfe, 0xcd, 0x01, 0xfe, 0xfe, 0xcd, 0x01, 0xfe,
  0xfe, 0xcd, 0x01, 0xfe, 0xfe, 0xcd, 0x01, 0xfe, 0xfe, 0xcd, 0x01, 0xfe,
  0xfe, 0xcd, 0x01, 0xfe, 0xfe, 0xcd, 0x01, 0xfe, 0xfe, 0xcd, 0x01, 0xfe,
  0xfe, 0xcd, 0x01, 0xfe, 0xfe, 0xcd, 0x01, 0xfe, 0xfe, 0xcd, 0x01, 0xfe,
  0xfe, 0xcd, 0x01, 0xfe, 0xfe, 0xcd, 0x01, 0xfe, 0xfe, 0xcd, 0x01, 0xfe,
  0xfe, 0xcd, 0x01, 0xfe, 0xfe, 0xcd, 0x01, 0xfe, 0xfe, 0xcd, 0x01, 0xfe,
  0xfe, 0xcd, 0x01, 0xfe, 0xfe, 0xcd, 0x01, 0xfe, 0xfe, 0xcd, 0x01, 0xfe,
  0xfe, 0xcd, 0x01, 0xfe, 0xfe, 0xcd, 0x01, 0xfe, 0xfe, 0xcd, 0x01, 0xfe,
  0xfe, 0xcd, 0x01, 0xfe, 0xfe, 0xcd, 0x01, 0xfe, 0xfe, 0xcd, 0x01, 0xfe,
  0xfe, 0xcd, 0x01, 0xfe, 0xfe, 0xcd, 0x01, 0xfe, 0xfe, 0xcd, 0x01, 0xfe,
  0xfe, 0xcd, 0x01, 0xfe, 0xfe, 0xcd, 0x01, 0xfe, 0xfe, 0xcd, 0x01, 0xfe,
  0xfe, 0xcd, 0x01, 0xfe, 0xfe, 0xcd, 0x01, 0xfe, 0xfe, 0xcd, 0x01, 0xfe,
  0xfe, 0xcd, 0x01, 0xfe, 0xfe, 0xcd, 0x01, 0xfe, 0xfe, 0xcd, 0x01, 0xfe,
  0xfe, 0xcd, 0x01, 0xfe, 0xfe, 0xcd, 0x01, 0xfe, 0xfe, 0xcd, 0x01, 0xfe,
  0xfe, 0xcd, 0x01, 0xfe, 0xfe, 0xcd, 0x01, 0xfe, 0xfe, 0xcd, 0x01, 0xfe,
  0xfe, 0xcd, 0x01, 0xfe, 0xfe, 0xcd, 0x01, 0xfe, 0xfe, 0xcd, 0x01, 0xfe,
  0xfe, 0xcd, 0x01, 0xfe, 0xfe, 0xcd, 0x01, 0xfe, 0xfe, 0xcd, 0x01, 0xfe,
  0xfe, 0xcd, 0x01, 0xfe, 0xfe, 0xcd, 0x01, 0xfe, 0xfe, 0xcd, 0x01, 0xfe,
  0xfe, 0xcd, 0x01, 0xfe, 0xfe, 0xcd, 0x01, 0xfe, 0xfe, 0xcd, 0x01, 0xfe,
  0xfe, 0xcd, 0x01, 0xfe, 0xfe, 0xcd, 0x01, 0xfe, 0xfe, 0xcd, 0x01, 0xfe,
  0xfe, 0xcd, 0x01, 0xfe, 0xfe, 0xcd, 0x01, 0xfe, 0xfe, 0xcd, 0x01, 0xfe,
  0xfe, 0xcd, 0x01, 0xfe, 0xfe, 0xcd, 0x01, 0xfe, 0xfe, 0xcd, 0x01, 0xfe,
  0xfe, 0xcd, 0x01, 0xfe, 0xfe, 0xcd, 0x01, 0xfe, 0xfe, 0xcd, 0x01, 0xfe,
  0xfe, 0xcd, 0x01, 0xfe, 0xfe, 0xcd, 0x01, 0xfe, 0xfe, 0xcd, 0x01, 0xfe,
  0xfe, 0xcd, 0x01, 0xfe, 0xfe, 0xcd, 0x01, 0xfe, 0xfe, 0xcd, 0x01, 0xfe,
  0xfe, 0xcd, 0x01, 0xfe, 0xfe, 0xcd, 0x01, 0xfe, 0xfe, 0xcd, 0x01, 0xfe,
  0xfe, 0xcd, 0x01, 0xfe, 0xfe, 0xcd, 0x01, 0xfe, 0xfe, 0xcd, 0x01, 0xfe,
  0xfe, 0xcd, 0x01, 0xfe, 0xfe, 0xcd, 0x01, 0xfe, 0xfe, 0xcd, 0x01, 0xfe,
  0xfe, 0xcd, 0x01, 0xfe, 0xfe, 0xcd, 0x01, 0xfe, 0xfe, 0xcd, 0x01, 0xfe,
  0xfe, 0xcd, 0x01, 0xfe, 0xfe, 0xcd, 0x01, 0xfe, 0xfe, 0xcd, 0x01, 0xfe,
  0xfe, 0xcd, 0x01, 0xfe, 0xfe, 0xcd, 0x01, 0xfe, 0xfe, 0xcd, 0x01, 0xfe,
  0xfe, 0xcd, 0x01, 0xfe, 0xfe, 0xcd, 0x01, 0xfe, 0xfe, 0xcd, 0x01, 0xfe,
  0xfe, 0xcd, 0x01, 0xfe, 0xfe, 0xcd, 0x01, 0xfe, 0xfe, 0xcd, 0x01, 0xfe,
  0xfe, 0xcd, 0x01, 0xfe, 0xfe, 0xcd, 0x01, 0xfe, 0xfe, 0xcd, 0x01, 0xfe,
  0xfe, 0xcd, 0x01, 0xfe, 0xfe, 0xcd, 0x01, 0xfe, 0xfe, 0xcd, 0x01, 0xfe,
  0xfe, 0xcd, 0x01, 0xfe, 0xfe, 0xcd, 0x01, 0xfe, 0xfe, 0xcd, 0x01, 0xfe,
  0xfe, 0xcd, 0x01, 0xfe, 0xfe, 0xcd, 0x01, 0xfe, 0xfe, 0xcd, 0x01, 0xfe,
  0xfe, 0xcd, 0x01, 0xfe, 0xfe, 0xcd, 0x01, 0xfe, 0xfe, 0xcd, 0x01, 0xfe,
  0xfe, 0xcd, 0x01, 0xfe, 0xfe, 0xcd, 0x01, 0xfe, 0xfe, 0xcd, 0x01, 0xfe,
  0xfe, 0xcd, 0x01, 0xfe, 0xfe, 0xcd, 0x01, 0xfe, 0xfe, 0xcd, 0x01, 0xfe,
  0xfe, 0xcd, 0x01, 0xfe, 0xfe, 0xcd, 0x01, 0xfe, 0xfe, 0xcd, 0x01, 0xfe,
  0xfe, 0xcd, 0x01, 0xfe, 0xfe, 0xcd, 0x01, 0xfe, 0xfe, 0xcd, 0x01, 0xfe,
  0xfe, 0xcd, 0x01, 0xfe, 0xfe, 0xcd, 0x01, 0xfe, 0xfe, 0xcd, 0x01, 0xfe,
  0xfe, 0xcd, 0x01, 0xfe, 0xfe, 0xcd, 0x01, 0xfe, 0xfe, 0xcd, 0x01, 0xfe,
  0xfe, 0xcd, 0x01, 0xfe, 0xfe, 0xcd, 0x01, 0xfe, 0xfe, 0xcd, 0x01, 0xfe,
  0xfe, 0xcd, 0x01, 0xfe, 0xfe, 0xcd, 0x01, 0xfe, 0xfe, 0xcd, 0x01, 0xff,
  0xfe, 0xcd, 0x01, 0xff, 0xfe, 0xcd, 0x01, 0xff, 0xfe, 0xcd, 0x01, 0xff,
  0xfe, 0xcd, 0x01, 0xff, 0xfe, 0xcd, 0x01, 0xff, 0xfe, 0xcd, 0x01, 0xff,
  0xfe, 0xcd, 0x01, 0xff, 0xfe, 0xcd, 0x01, 0xff, 0xfe, 0xcd, 0x01, 0xff,
  0xfe, 0xcd, 0x01, 0xff, 0xfe, 0xcd, 0x01, 0xff, 0xfe, 0xcd, 0x01, 0xff,
  0xfe, 0xcd, 0x01, 0xff, 0xfe, 0xcd, 0x01, 0xff, 0xfe, 0xcd, 0x01, 0xff,
  0xfe, 0xcd, 0x01, 0xff, 0xfe, 0xcd, 0x01, 0xff, 0xfe, 0xcd, 0x01, 0xff,
  0xfe, 0xcd, 0x01, 0xff, 0xfe, 0xcd, 0x01, 0xff, 0xfe, 0xcd, 0x01, 0xff,
  0xfe, 0xcd, 0x01, 0xff, 0xfe, 0xcd, 0x01, 0xff, 0xfe, 0xcd, 0x01, 0xff,
  0xfe, 0xcd, 0x01, 0xff, 0xfe, 0xcd, 0x01, 0xff, 0xfe, 0xcd, 0x01, 0xff,
  0xfe, 0xcd, 0x01, 0xff, 0xfe, 0xcd, 0x01, 0xff, 0xfe, 0xcd, 0x01, 0xff,
  0xfe, 0xcd, 0x01, 0xff, 0xfe, 0xcd, 0x01, 0xff, 0xfe, 0xcd, 0x01, 0xff,
  0xfe, 0xcd, 0x01, 0xff, 0xfe, 0xcd, 0x01, 0xff, 0xfe, 0xcd, 0x01, 0xff,
  0xfe, 0xcd, 0x01, 0xff, 0xfe, 0xcd, 0x01, 0xff, 0xfe, 0xcd, 0x01, 0xff,
  0xfe, 0xcd, 0x01, 0xff, 0xfe, 0xcd, 0x01, 0xff, 0xfe, 0xcd, 0x01, 0xff,
  0xfe, 0xcd, 0x01, 0xff, 0xfe, 0xcd, 0x01, 0xff, 0xfe, 0xcd, 0x01, 0xff,
  0xfe, 0xcd, 0x01, 0xff, 0xfe, 0xcd, 0x01, 0xff, 0xfe, 0xcd, 0x01, 0xff,
  0xfe, 0xcd, 0x01, 0xff, 0xfe, 0xcd, 0x01, 0xff, 0xfe, 0xcd, 0x01, 0xff,
  0xfe, 0xcd, 0x01, 0xff, 0x00, 0x00, 0x00, 0xff, 0x00, 0x00, 0x00, 0xff,
  0x00, 0x00, 0x00, 0xff, 0x00, 0x00, 0x00, 0xc0, 0x00, 0x00, 0x00, 0x00,
  0x00, 0x00, 0x00, 0x00, 0x00, 0x00, 0x00, 0x00, 0x00, 0x00, 0x00, 0x00,
  0x00, 0x00, 0x00, 0x70, 0x00, 0x00, 0x00, 0xff, 0x00, 0x00, 0x00, 0xff,
  0x00, 0x00, 0x00, 0xff, 0x00, 0x00, 0x00, 0xff, 0xf7, 0x45, 0x29, 0xff,
  0xf7, 0x45, 0x29, 0xff, 0xf9, 0x47, 0x28, 0xff, 0xf9, 0x47, 0x28, 0xff,
  0xf9, 0x47, 0x28, 0xff, 0xf9, 0x47, 0x28, 0xff, 0xf9, 0x47, 0x28, 0xff,
  0xf9, 0x47, 0x28, 0xff, 0xf9, 0x47, 0x28, 0xff, 0xf9, 0x47, 0x28, 0xff,
  0xf9, 0x47, 0x28, 0xff, 0xf9, 0x47, 0x28, 0xff, 0xf9, 0x47, 0x28, 0xff,
  0xf9, 0x47, 0x28, 0xff, 0xf9, 0x47, 0x28, 0xff, 0xf9, 0x47, 0x28, 0xff,
  0xf9, 0x47, 0x28, 0xff, 0xf9, 0x47, 0x28, 0xff, 0xf9, 0x47, 0x28, 0xff,
  0xf9, 0x47, 0x28, 0xff, 0xf9, 0x47, 0x28, 0xff, 0xf9, 0x47, 0x28, 0xff,
  0xf9, 0x47, 0x28, 0xff, 0xf9, 0x47, 0x28, 0xff, 0xf9, 0x47, 0x28, 0xff,
  0xf9, 0x47, 0x28, 0xff, 0xf9, 0x47, 0x28, 0xff, 0xf9, 0x47, 0x28, 0xff,
  0xf9, 0x47, 0x28, 0xff, 0xf9, 0x47, 0x28, 0xff, 0xf9, 0x47, 0x28, 0xff,
  0xf9, 0x47, 0x28, 0xff, 0xf9, 0x47, 0x28, 0xff, 0xf9, 0x47, 0x28, 0xff,
  0xf9, 0x47, 0x28, 0xff, 0xf9, 0x47, 0x28, 0xff, 0xf9, 0x47, 0x28, 0xff,
  0xf9, 0x47, 0x28, 0xff, 0xf9, 0x47, 0x28, 0xff, 0xf9, 0x47, 0x28, 0xff,
  0xf9, 0x47, 0x28, 0xff, 0xf9, 0x47, 0x28, 0xff, 0xf9, 0x47, 0x28, 0xff,
  0xf9, 0x47, 0x28, 0xff, 0xf9, 0x47, 0x28, 0xff, 0xf9, 0x47, 0x28, 0xff,
  0xf9, 0x47, 0x28, 0xff, 0xf9, 0x47, 0x28, 0xff, 0xf9, 0x47, 0x28, 0xff,
  0xf9, 0x47, 0x28, 0xff, 0xf7, 0x45, 0x29, 0xff, 0xf7, 0x45, 0x29, 0xff,
  0xf7, 0x45, 0x29, 0xff, 0x00, 0x00, 0x00, 0xff, 0x00, 0x00, 0x00, 0xff,
  0x00, 0x00, 0x00, 0xff, 0xb1, 0x9d, 0x4a, 0xff, 0xfe, 0xcd, 0x01, 0xff,
  0xfe, 0xcd, 0x01, 0xff, 0xfe, 0xcd, 0x01, 0xff, 0xfe, 0xcd, 0x01, 0xfe,
  0xfe, 0xcd, 0x01, 0xfe, 0xfe, 0xcd, 0x01, 0xfe, 0xfe, 0xcd, 0x01, 0xfe,
  0xfe, 0xcd, 0x01, 0xfe, 0xfe, 0xcd, 0x01, 0xfe, 0xfe, 0xcd, 0x01, 0xfe,
  0xfe, 0xcd, 0x01, 0xfe, 0xfe, 0xcd, 0x01, 0xfe, 0xfe, 0xcd, 0x01, 0xfe,
  0xfe, 0xcd, 0x01, 0xfe, 0xfe, 0xcd, 0x01, 0xfe, 0xfe, 0xcd, 0x01, 0xfe,
  0xfe, 0xcd, 0x01, 0xfe, 0xfe, 0xcd, 0x01, 0xfe, 0xfe, 0xcd, 0x01, 0xfe,
  0xfe, 0xcd, 0x01, 0xfe, 0xfe, 0xcd, 0x01, 0xfe, 0xfe, 0xcd, 0x01, 0xfe,
  0xfe, 0xcd, 0x01, 0xfe, 0xfe, 0xcd, 0x01, 0xfe, 0xfe, 0xcd, 0x01, 0xfe,
  0xfe, 0xcd, 0x01, 0xfe, 0xfe, 0xcd, 0x01, 0xfe, 0xfe, 0xcd, 0x01, 0xfe,
  0xfe, 0xcd, 0x01, 0xfe, 0xfe, 0xcd, 0x01, 0xfe, 0xfe, 0xcd, 0x01, 0xfe,
  0xfe, 0xcd, 0x01, 0xfe, 0xfe, 0xcd, 0x01, 0xfe, 0xfe, 0xcd, 0x01, 0xfe,
  0xfe, 0xcd, 0x01, 0xfe, 0xfe, 0xcd, 0x01, 0xfe, 0xfe, 0xcd, 0x01, 0xfe,
  0xfe, 0xcd, 0x01, 0xfe, 0xfe, 0xcd, 0x01, 0xfe, 0xfe, 0xcd, 0x01, 0xfe,
  0xfe, 0xcd, 0x01, 0xfe, 0xfe, 0xcd, 0x01, 0xfe, 0xfe, 0xcd, 0x01, 0xfe,
  0xfe, 0xcd, 0x01, 0xfe, 0xfe, 0xcd, 0x01, 0xfe, 0xfe, 0xcd, 0x01, 0xfe,
  0xfe, 0xcd, 0x01, 0xfe, 0xfe, 0xcd, 0x01, 0xfe, 0xfe, 0xcd, 0x01, 0xfe,
  0xfe, 0xcd, 0x01, 0xfe, 0xfe, 0xcd, 0x01, 0xfe, 0xfe, 0xcd, 0x01, 0xfe,
  0xfe, 0xcd, 0x01, 0xfe, 0xfe, 0xcd, 0x01, 0xfe, 0xfe, 0xcd, 0x01, 0xfe,
  0xfe, 0xcd, 0x01, 0xfe, 0xfe, 0xcd, 0x01, 0xfe, 0xfe, 0xcd, 0x01, 0xfe,
  0xfe, 0xcd, 0x01, 0xfe, 0xfe, 0xcd, 0x01, 0xfe, 0xfe, 0xcd, 0x01, 0xfe,
  0xfe, 0xcd, 0x01, 0xfe, 0xfe, 0xcd, 0x01, 0xfe, 0xfe, 0xcd, 0x01, 0xfe,
  0xfe, 0xcd, 0x01, 0xfe, 0xfe, 0xcd, 0x01, 0xfe, 0xfe, 0xcd, 0x01, 0xfe,
  0xfe, 0xcd, 0x01, 0xfe, 0xfe, 0xcd, 0x01, 0xfe, 0xfe, 0xcd, 0x01, 0xfe,
  0xfe, 0xcd, 0x01, 0xfe, 0xfe, 0xcd, 0x01, 0xfe, 0xfe, 0xcd, 0x01, 0xfe,
  0xfe, 0xcd, 0x01, 0xfe, 0xfe, 0xcd, 0x01, 0xfe, 0xfe, 0xcd, 0x01, 0xfe,
  0xfe, 0xcd, 0x01, 0xfe, 0xfe, 0xcd, 0x01, 0xfe, 0xfe, 0xcd, 0x01, 0xfe,
  0xfe, 0xcd, 0x01, 0xfe, 0xfe, 0xcd, 0x01, 0xfe, 0xfe, 0xcd, 0x01, 0xfe,
  0xfe, 0xcd, 0x01, 0xfe, 0xfe, 0xcd, 0x01, 0xfe, 0xfe, 0xcd, 0x01, 0xfe,
  0xfe, 0xcd, 0x01, 0xfe, 0xfe, 0xcd, 0x01, 0xfe, 0xfe, 0xcd, 0x01, 0xfe,
  0xfe, 0xcd, 0x01, 0xfe, 0xfe, 0xcd, 0x01, 0xfe, 0xfe, 0xcd, 0x01, 0xfe,
  0xfe, 0xcd, 0x01, 0xfe, 0xfe, 0xcd, 0x01, 0xfe, 0xfe, 0xcd, 0x01, 0xfe,
  0xfe, 0xcd, 0x01, 0xfe, 0xfe, 0xcd, 0x01, 0xfe, 0xfe, 0xcd, 0x01, 0xfe,
  0xfe, 0xcd, 0x01, 0xfe, 0xfe, 0xcd, 0x01, 0xfe, 0xfe, 0xcd, 0x01, 0xfe,
  0xfe, 0xcd, 0x01, 0xfe, 0xfe, 0xcd, 0x01, 0xfe, 0xfe, 0xcd, 0x01, 0xfe,
  0xfe, 0xcd, 0x01, 0xfe, 0xfe, 0xcd, 0x01, 0xfe, 0xfe, 0xcd, 0x01, 0xfe,
  0xfe, 0xcd, 0x01, 0xfe, 0xfe, 0xcd, 0x01, 0xfe, 0xfe, 0xcd, 0x01, 0xfe,
  0xfe, 0xcd, 0x01, 0xfe, 0xfe, 0xcd, 0x01, 0xfe, 0xfe, 0xcd, 0x01, 0xfe,
  0xfe, 0xcd, 0x01, 0xfe, 0xfe, 0xcd, 0x01, 0xfe, 0xfe, 0xcd, 0x01, 0xfe,
  0xfe, 0xcd, 0x01, 0xfe, 0xfe, 0xcd, 0x01, 0xfe, 0xfe, 0xcd, 0x01, 0xfe,
  0xfe, 0xcd, 0x01, 0xfe, 0xfe, 0xcd, 0x01, 0xfe, 0xfe, 0xcd, 0x01, 0xfe,
  0xfe, 0xcd, 0x01, 0xfe, 0xfe, 0xcd, 0x01, 0xfe, 0xfe, 0xcd, 0x01, 0xfe,
  0xfe, 0xcd, 0x01, 0xfe, 0xfe, 0xcd, 0x01, 0xfe, 0xfe, 0xcd, 0x01, 0xfe,
  0xfe, 0xcd, 0x01, 0xfe, 0xfe, 0xcd, 0x01, 0xfe, 0xfe, 0xcd, 0x01, 0xfe,
  0xfe, 0xcd, 0x01, 0xfe, 0xfe, 0xcd, 0x01, 0xfe, 0xfe, 0xcd, 0x01, 0xfe,
  0xfe, 0xcd, 0x01, 0xfe, 0xfe, 0xcd, 0x01, 0xfe, 0xfe, 0xcd, 0x01, 0xfe,
  0xfe, 0xcd, 0x01, 0xfe, 0xfe, 0xcd, 0x01, 0xfe, 0xfe, 0xcd, 0x01, 0xfe,
  0xfe, 0xcd, 0x01, 0xfe, 0xfe, 0xcd, 0x01, 0xfe, 0xfe, 0xcd, 0x01, 0xfe,
  0xfe, 0xcd, 0x01, 0xfe, 0xfe, 0xcd, 0x01, 0xfe, 0xfe, 0xcd, 0x01, 0xfe,
  0xfe, 0xcd, 0x01, 0xfe, 0xfe, 0xcd, 0x01, 0xfe, 0xfe, 0xcd, 0x01, 0xfe,
  0xfe, 0xcd, 0x01, 0xfe, 0xfe, 0xcd, 0x01, 0xff, 0xfe, 0xcd, 0x01, 0xff,
  0xfe, 0xcd, 0x01, 0xff, 0xfe, 0xcd, 0x01, 0xff, 0xfe, 0xcd, 0x01, 0xff,
  0xfe, 0xcd, 0x01, 0xff, 0xfe, 0xcd, 0x01, 0xff, 0xfe, 0xcd, 0x01, 0xff,
  0xfe, 0xcd, 0x01, 0xff, 0xfe, 0xcd, 0x01, 0xff, 0xfe, 0xcd, 0x01, 0xff,
  0xfe, 0xcd, 0x01, 0xff, 0xfe, 0xcd, 0x01, 0xff, 0xfe, 0xcd, 0x01, 0xff,
  0xfe, 0xcd, 0x01, 0xff, 0xfe, 0xcd, 0x01, 0xff, 0xfe, 0xcd, 0x01, 0xff,
  0xfe, 0xcd, 0x01, 0xff, 0xfe, 0xcd, 0x01, 0xff, 0xfe, 0xcd, 0x01, 0xff,
  0xfe, 0xcd, 0x01, 0xff, 0xfe, 0xcd, 0x01, 0xff, 0xfe, 0xcd, 0x01, 0xff,
  0xfe, 0xcd, 0x01, 0xff, 0xfe, 0xcd, 0x01, 0xff, 0xfe, 0xcd, 0x01, 0xff,
  0xfe, 0xcd, 0x01, 0xff, 0xfe, 0xcd, 0x01, 0xff, 0xfe, 0xcd, 0x01, 0xff,
  0xfe, 0xcd, 0x01, 0xff, 0xfe, 0xcd, 0x01, 0xff, 0xfe, 0xcd, 0x01, 0xff,
  0xfe, 0xcd, 0x01, 0xff, 0xfe, 0xcd, 0x01, 0xff, 0xfe, 0xcd, 0x01, 0xff,
  0xfe, 0xcd, 0x01, 0xff, 0xfe, 0xcd, 0x01, 0xff, 0xfe, 0xcd, 0x01, 0xff,
  0xfe, 0xcd, 0x01, 0xff, 0xfe, 0xcd, 0x01, 0xff, 0xfe, 0xcd, 0x01, 0xff,
  0xfe, 0xcd, 0x01, 0xff, 0xfe, 0xcd, 0x01, 0xff, 0xfe, 0xcd, 0x01, 0xff,
  0xfe, 0xcd, 0x01, 0xff, 0xfe, 0xcd, 0x01, 0xff, 0xfe, 0xcd, 0x01, 0xff,
  0xfe, 0xcd, 0x01, 0xff, 0xfe, 0xcd, 0x01, 0xff, 0xfe, 0xcd, 0x01, 0xff,
  0xfe, 0xcd, 0x01, 0xff, 0xfe, 0xcd, 0x01, 0xff, 0xfe, 0xcd, 0x01, 0xfe,
  0x00, 0x00, 0x00, 0xff, 0x00, 0x00, 0x00, 0xff, 0x00, 0x00, 0x00, 0xff,
  0x00, 0x00, 0x00, 0xff, 0x00, 0x00, 0x00, 0x00, 0x00, 0x00, 0x00, 0x00,
  0x00, 0x00, 0x00, 0x00, 0x00, 0x00, 0x00, 0x00, 0x00, 0x00, 0x00, 0x80,
  0x00, 0x00, 0x00, 0xff, 0x00, 0x00, 0x00, 0xff, 0x00, 0x00, 0x00, 0xff,
  0x00, 0x00, 0x00, 0xff, 0xf7, 0x45, 0x29, 0xff, 0xf7, 0x45, 0x29, 0xff,
  0xf9, 0x47, 0x28, 0xff, 0xf9, 0x47, 0x28, 0xff, 0xf9, 0x47, 0x28, 0xff,
  0xf9, 0x47, 0x28, 0xff, 0xf9, 0x47, 0x28, 0xff, 0xf9, 0x47, 0x28, 0xff,
  0xf9, 0x47, 0x28, 0xff, 0xf9, 0x47, 0x28, 0xff, 0xf9, 0x47, 0x28, 0xff,
  0xf9, 0x47, 0x28, 0xff, 0xf9, 0x47, 0x28, 0xff, 0xf9, 0x47, 0x28, 0xff,
  0xf9, 0x47, 0x28, 0xff, 0xf9, 0x47, 0x28, 0xff, 0xf9, 0x47, 0x28, 0xff,
  0xf9, 0x47, 0x28, 0xff, 0xf9, 0x47, 0x28, 0xff, 0xf9, 0x47, 0x28, 0xff,
  0xf9, 0x47, 0x28, 0xff, 0xf9, 0x47, 0x28, 0xff, 0xf9, 0x47, 0x28, 0xff,
  0xf9, 0x47, 0x28, 0xff, 0xf9, 0x47, 0x28, 0xff, 0xf9, 0x47, 0x28, 0xff,
  0xf9, 0x47, 0x28, 0xff, 0xf9, 0x47, 0x28, 0xff, 0xf9, 0x47, 0x28, 0xff,
  0xf9, 0x47, 0x28, 0xff, 0xf9, 0x47, 0x28, 0xff, 0xf9, 0x47, 0x28, 0xff,
  0xf9, 0x47, 0x28, 0xff, 0xf9, 0x47, 0x28, 0xff, 0xf9, 0x47, 0x28, 0xff,
  0xf9, 0x47, 0x28, 0xff, 0xf9, 0x47, 0x28, 0xff, 0xf9, 0x47, 0x28, 0xff,
  0xf9, 0x47, 0x28, 0xff, 0xf9, 0x47, 0x28, 0xff, 0xf9, 0x47, 0x28, 0xff,
  0xf9, 0x47, 0x28, 0xff, 0xf9, 0x47, 0x28, 0xff, 0xf9, 0x47, 0x28, 0xff,
  0xf9, 0x47, 0x28, 0xff, 0xf9, 0x47, 0x28, 0xff, 0xf9, 0x47, 0x28, 0xff,
  0xf9, 0x47, 0x28, 0xff, 0xf9, 0x47, 0x28, 0xff, 0xf9, 0x47, 0x28, 0xff,
  0xf7, 0x45, 0x29, 0xff, 0xf7, 0x45, 0x29, 0xff, 0xf7, 0x45, 0x29, 0xff,
  0x00, 0x00, 0x00, 0xff, 0x00, 0x00, 0x00, 0xff, 0x00, 0x00, 0x00, 0xff,
  0x17, 0x13, 0x02, 0xff, 0xfe, 0xcd, 0x01, 0xff, 0xfe, 0xcd, 0x01, 0xff,
  0xfe, 0xcd, 0x01, 0xff, 0xfe, 0xcd, 0x01, 0xfe, 0xfe, 0xcd, 0x01, 0xfe,
  0xfe, 0xcd, 0x01, 0xfe, 0xfe, 0xcd, 0x01, 0xfe, 0xfe, 0xcd, 0x01, 0xfe,
  0xfe, 0xcd, 0x01, 0xfe, 0xfe, 0xcd, 0x01, 0xfe, 0xfe, 0xcd, 0x01, 0xfe,
  0xfe, 0xcd, 0x01, 0xfe, 0xfe, 0xcd, 0x01, 0xfe, 0xfe, 0xcd, 0x01, 0xfe,
  0xfe, 0xcd, 0x01, 0xfe, 0xfe, 0xcd, 0x01, 0xfe, 0xfe, 0xcd, 0x01, 0xfe,
  0xfe, 0xcd, 0x01, 0xfe, 0xfe, 0xcd, 0x01, 0xfe, 0xfe, 0xcd, 0x01, 0xfe,
  0xfe, 0xcd, 0x01, 0xfe, 0xfe, 0xcd, 0x01, 0xfe, 0xfe, 0xcd, 0x01, 0xfe,
  0xfe, 0xcd, 0x01, 0xfe, 0xfe, 0xcd, 0x01, 0xfe, 0xfe, 0xcd, 0x01, 0xfe,
  0xfe, 0xcd, 0x01, 0xfe, 0xfe, 0xcd, 0x01, 0xfe, 0xfe, 0xcd, 0x01, 0xfe,
  0xfe, 0xcd, 0x01, 0xfe, 0xfe, 0xcd, 0x01, 0xfe, 0xfe, 0xcd, 0x01, 0xfe,
  0xfe, 0xcd, 0x01, 0xfe, 0xfe, 0xcd, 0x01, 0xfe, 0xfe, 0xcd, 0x01, 0xfe,
  0xfe, 0xcd, 0x01, 0xfe, 0xfe, 0xcd, 0x01, 0xfe, 0xfe, 0xcd, 0x01, 0xfe,
  0xfe, 0xcd, 0x01, 0xfe, 0xfe, 0xcd, 0x01, 0xfe, 0xfe, 0xcd, 0x01, 0xfe,
  0xfe, 0xcd, 0x01, 0xfe, 0xfe, 0xcd, 0x01, 0xfe, 0xfe, 0xcd, 0x01, 0xfe,
  0xfe, 0xcd, 0x01, 0xfe, 0xfe, 0xcd, 0x01, 0xfe, 0xfe, 0xcd, 0x01, 0xfe,
  0xfe, 0xcd, 0x01, 0xfe, 0xfe, 0xcd, 0x01, 0xfe, 0xfe, 0xcd, 0x01, 0xfe,
  0xfe, 0xcd, 0x01, 0xfe, 0xfe, 0xcd, 0x01, 0xfe, 0xfe, 0xcd, 0x01, 0xfe,
  0xfe, 0xcd, 0x01, 0xfe, 0xfe, 0xcd, 0x01, 0xfe, 0xfe, 0xcd, 0x01, 0xfe,
  0xfe, 0xcd, 0x01, 0xfe, 0xfe, 0xcd, 0x01, 0xfe, 0xfe, 0xcd, 0x01, 0xfe,
  0xfe, 0xcd, 0x01, 0xfe, 0xfe, 0xcd, 0x01, 0xfe, 0xfe, 0xcd, 0x01, 0xfe,
  0xfe, 0xcd, 0x01, 0xfe, 0xfe, 0xcd, 0x01, 0xfe, 0xfe, 0xcd, 0x01, 0xfe,
  0xfe, 0xcd, 0x01, 0xfe, 0xfe, 0xcd, 0x01, 0xfe, 0xfe, 0xcd, 0x01, 0xfe,
  0xfe, 0xcd, 0x01, 0xfe, 0xfe, 0xcd, 0x01, 0xfe, 0xfe, 0xcd, 0x01, 0xfe,
  0xfe, 0xcd, 0x01, 0xfe, 0xfe, 0xcd, 0x01, 0xfe, 0xfe, 0xcd, 0x01, 0xfe,
  0xfe, 0xcd, 0x01, 0xfe, 0xfe, 0xcd, 0x01, 0xfe, 0xfe, 0xcd, 0x01, 0xfe,
  0xfe, 0xcd, 0x01, 0xfe, 0xfe, 0xcd, 0x01, 0xfe, 0xfe, 0xcd, 0x01, 0xfe,
  0xfe, 0xcd, 0x01, 0xfe, 0xfe, 0xcd, 0x01, 0xfe, 0xfe, 0xcd, 0x01, 0xfe,
  0xfe, 0xcd, 0x01, 0xfe, 0xfe, 0xcd, 0x01, 0xfe, 0xfe, 0xcd, 0x01, 0xfe,
  0xfe, 0xcd, 0x01, 0xfe, 0xfe, 0xcd, 0x01, 0xfe, 0xfe, 0xcd, 0x01, 0xfe,
  0xfe, 0xcd, 0x01, 0xfe, 0xfe, 0xcd, 0x01, 0xfe, 0xfe, 0xcd, 0x01, 0xfe,
  0xfe, 0xcd, 0x01, 0xfe, 0xfe, 0xcd, 0x01, 0xfe, 0xfe, 0xcd, 0x01, 0xfe,
  0xfe, 0xcd, 0x01, 0xfe, 0xfe, 0xcd, 0x01, 0xfe, 0xfe, 0xcd, 0x01, 0xfe,
  0xfe, 0xcd, 0x01, 0xfe, 0xfe, 0xcd, 0x01, 0xfe, 0xfe, 0xcd, 0x01, 0xfe,
  0xfe, 0xcd, 0x01, 0xfe, 0xfe, 0xcd, 0x01, 0xfe, 0xfe, 0xcd, 0x01, 0xfe,
  0xfe, 0xcd, 0x01, 0xfe, 0xfe, 0xcd, 0x01, 0xfe, 0xfe, 0xcd, 0x01, 0xfe,
  0xfe, 0xcd, 0x01, 0xfe, 0xfe, 0xcd, 0x01, 0xfe, 0xfe, 0xcd, 0x01, 0xfe,
  0xfe, 0xcd, 0x01, 0xfe, 0xfe, 0xcd, 0x01, 0xfe, 0xfe, 0xcd, 0x01, 0xfe,
  0xfe, 0xcd, 0x01, 0xfe, 0xfe, 0xcd, 0x01, 0xfe, 0xfe, 0xcd, 0x01, 0xfe,
  0xfe, 0xcd, 0x01, 0xfe, 0xfe, 0xcd, 0x01, 0xfe, 0xfe, 0xcd, 0x01, 0xfe,
  0xfe, 0xcd, 0x01, 0xfe, 0xfe, 0xcd, 0x01, 0xfe, 0xfe, 0xcd, 0x01, 0xfe,
  0xfe, 0xcd, 0x01, 0xfe, 0xfe, 0xcd, 0x01, 0xfe, 0xfe, 0xcd, 0x01, 0xfe,
  0xfe, 0xcd, 0x01, 0xfe, 0xfe, 0xcd, 0x01, 0xfe, 0xfe, 0xcd, 0x01, 0xfe,
  0xfe, 0xcd, 0x01, 0xfe, 0xfe, 0xcd, 0x01, 0xfe, 0xfe, 0xcd, 0x01, 0xfe,
  0xfe, 0xcd, 0x01, 0xfe, 0xfe, 0xcd, 0x01, 0xfe, 0xfe, 0xcd, 0x01, 0xfe,
  0xfe, 0xcd, 0x01, 0xfe, 0xfe, 0xcd, 0x01, 0xfe, 0xfe, 0xcd, 0x01, 0xfe,
  0xfe, 0xcd, 0x01, 0xfe, 0xfe, 0xcd, 0x01, 0xfe, 0xfe, 0xcd, 0x01, 0xfe,
  0xfe, 0xcd, 0x01, 0xfe, 0xfe, 0xcd, 0x01, 0xfe, 0xfe, 0xcd, 0x01, 0xfe,
  0xfe, 0xcd, 0x01, 0xfe, 0xfe, 0xcd, 0x01, 0xfe, 0xfe, 0xcd, 0x01, 0xfe,
  0xfe, 0xcd, 0x01, 0xfe, 0xfe, 0xcd, 0x01, 0xfe, 0xfe, 0xcd, 0x01, 0xfe,
  0xfe, 0xcd, 0x01, 0xff, 0xfe, 0xcd, 0x01, 0xff, 0xfe, 0xcd, 0x01, 0xff,
  0xfe, 0xcd, 0x01, 0xff, 0xfe, 0xcd, 0x01, 0xff, 0xfe, 0xcd, 0x01, 0xff,
  0xfe, 0xcd, 0x01, 0xff, 0xfe, 0xcd, 0x01, 0xff, 0xfe, 0xcd, 0x01, 0xff,
  0xfe, 0xcd, 0x01, 0xff, 0xfe, 0xcd, 0x01, 0xff, 0xfe, 0xcd, 0x01, 0xff,
  0xfe, 0xcd, 0x01, 0xff, 0xfe, 0xcd, 0x01, 0xff, 0xfe, 0xcd, 0x01, 0xff,
  0xfe, 0xcd, 0x01, 0xff, 0xfe, 0xcd, 0x01, 0xff, 0xfe, 0xcd, 0x01, 0xff,
  0xfe, 0xcd, 0x01, 0xff, 0xfe, 0xcd, 0x01, 0xff, 0xfe, 0xcd, 0x01, 0xff,
  0xfe, 0xcd, 0x01, 0xff, 0xfe, 0xcd, 0x01, 0xff, 0xfe, 0xcd, 0x01, 0xff,
  0xfe, 0xcd, 0x01, 0xff, 0xfe, 0xcd, 0x01, 0xff, 0xfe, 0xcd, 0x01, 0xff,
  0xfe, 0xcd, 0x01, 0xff, 0xfe, 0xcd, 0x01, 0xff, 0xfe, 0xcd, 0x01, 0xff,
  0xfe, 0xcd, 0x01, 0xff, 0xfe, 0xcd, 0x01, 0xff, 0xfe, 0xcd, 0x01, 0xff,
  0xfe, 0xcd, 0x01, 0xff, 0xfe, 0xcd, 0x01, 0xff, 0xfe, 0xcd, 0x01, 0xff,
  0xfe, 0xcd, 0x01, 0xff, 0xfe, 0xcd, 0x01, 0xff, 0xfe, 0xcd, 0x01, 0xff,
  0xfe, 0xcd, 0x01, 0xff, 0xfe, 0xcd, 0x01, 0xff, 0xfe, 0xcd, 0x01, 0xff,
  0xfe, 0xcd, 0x01, 0xff, 0xfe, 0xcd, 0x01, 0xff, 0xfe, 0xcd, 0x01, 0xff,
  0xfe, 0xcd, 0x01, 0xff, 0xfe, 0xcd, 0x01, 0xff, 0xfe, 0xcd, 0x01, 0xff,
  0xfe, 0xcd, 0x01, 0xff, 0xfe, 0xcd, 0x01, 0xff, 0xfe, 0xcd, 0x01, 0xff,
  0xfe, 0xcd, 0x01, 0xff, 0xfe, 0xcd, 0x01, 0xfe, 0x00, 0x00, 0x00, 0xff,
  0x00, 0x00, 0x00, 0xff, 0x00, 0x00, 0x00, 0xff, 0x00, 0x00, 0x00, 0xff,
  0x00, 0x00, 0x00, 0x00, 0x00, 0x00, 0x00, 0x00, 0x00, 0x00, 0x00, 0x00,
  0x00, 0x00, 0x00, 0x00, 0x00, 0x00, 0x00, 0x80, 0x00, 0x00, 0x00, 0xff,
  0x00, 0x00, 0x00, 0xff, 0x00, 0x00, 0x00, 0xff, 0x52, 0x17, 0x0d, 0xff,
  0xf7, 0x45, 0x29, 0xff, 0xf7, 0x45, 0x29, 0xff, 0xf9, 0x47, 0x28, 0xff,
  0xf9, 0x47, 0x28, 0xff, 0xf9, 0x47, 0x28, 0xff, 0xf9, 0x47, 0x28, 0xff,
  0xf9, 0x47, 0x28, 0xff, 0xf9, 0x47, 0x28, 0xff, 0xf9, 0x47, 0x28, 0xff,
  0xf9, 0x47, 0x28, 0xff, 0xf9, 0x47, 0x28, 0xff, 0xf9, 0x47, 0x28, 0xff,
  0xf9, 0x47, 0x28, 0xff, 0xf9, 0x47, 0x28, 0xff, 0xf9, 0x47, 0x28, 0xff,
  0xf9, 0x47, 0x28, 0xff, 0xf9, 0x47, 0x28, 0xff, 0xf9, 0x47, 0x28, 0xff,
  0xf9, 0x47, 0x28, 0xff, 0xf9, 0x47, 0x28, 0xff, 0xf9, 0x47, 0x28, 0xff,
  0xf9, 0x47, 0x28, 0xff, 0xf9, 0x47, 0x28, 0xff, 0xf9, 0x47, 0x28, 0xff,
  0xf9, 0x47, 0x28, 0xff, 0xf9, 0x47, 0x28, 0xff, 0xf9, 0x47, 0x28, 0xff,
  0xf9, 0x47, 0x28, 0xff, 0xf9, 0x47, 0x28, 0xff, 0xf9, 0x47, 0x28, 0xff,
  0xf9, 0x47, 0x28, 0xff, 0xf9, 0x47, 0x28, 0xff, 0xf9, 0x47, 0x28, 0xff,
  0xf9, 0x47, 0x28, 0xff, 0xf9, 0x47, 0x28, 0xff, 0xf9, 0x47, 0x28, 0xff,
  0xf9, 0x47, 0x28, 0xff, 0xf9, 0x47, 0x28, 0xff, 0xf9, 0x47, 0x28, 0xff,
  0xf9, 0x47, 0x28, 0xff, 0xf9, 0x47, 0x28, 0xff, 0xf9, 0x47, 0x28, 0xff,
  0xf9, 0x47, 0x28, 0xff, 0xf9, 0x47, 0x28, 0xff, 0xf9, 0x47, 0x28, 0xff,
  0xf9, 0x47, 0x28, 0xff, 0xf9, 0x47, 0x28, 0xff, 0xf9, 0x47, 0x28, 0xff,
  0xf9, 0x47, 0x28, 0xff, 0xf9, 0x47, 0x28, 0xff, 0xf7, 0x45, 0x29, 0xff,
  0xf7, 0x45, 0x29, 0xff, 0xf7, 0x45, 0x29, 0xff, 0x00, 0x00, 0x00, 0xff,
  0x00, 0x00, 0x00, 0xff, 0x00, 0x00, 0x00, 0xff, 0x00, 0x00, 0x00, 0xff,
  0xfe, 0xcd, 0x01, 0xff, 0xfe, 0xcd, 0x01, 0xff, 0xfe, 0xcd, 0x01, 0xff,
  0xfe, 0xcd, 0x01, 0xfe, 0xfe, 0xcd, 0x01, 0xfe, 0xfe, 0xcd, 0x01, 0xfe,
  0xfe, 0xcd, 0x01, 0xfe, 0xfe, 0xcd, 0x01, 0xfe, 0xfe, 0xcd, 0x01, 0xfe,
  0xfe, 0xcd, 0x01, 0xfe, 0xfe, 0xcd, 0x01, 0xfe, 0xfe, 0xcd, 0x01, 0xfe,
  0xfe, 0xcd, 0x01, 0xfe, 0xfe, 0xcd, 0x01, 0xfe, 0xfe, 0xcd, 0x01, 0xfe,
  0xfe, 0xcd, 0x01, 0xfe, 0xfe, 0xcd, 0x01, 0xfe, 0xfe, 0xcd, 0x01, 0xfe,
  0xfe, 0xcd, 0x01, 0xfe, 0xfe, 0xcd, 0x01, 0xfe, 0xfe, 0xcd, 0x01, 0xfe,
  0xfe, 0xcd, 0x01, 0xfe, 0xfe, 0xcd, 0x01, 0xfe, 0xfe, 0xcd, 0x01, 0xfe,
  0xfe, 0xcd, 0x01, 0xfe, 0xfe, 0xcd, 0x01, 0xfe, 0xfe, 0xcd, 0x01, 0xfe,
  0xfe, 0xcd, 0x01, 0xfe, 0xfe, 0xcd, 0x01, 0xfe, 0xfe, 0xcd, 0x01, 0xfe,
  0xfe, 0xcd, 0x01, 0xfe, 0xfe, 0xcd, 0x01, 0xfe, 0xfe, 0xcd, 0x01, 0xfe,
  0xfe, 0xcd, 0x01, 0xfe, 0xfe, 0xcd, 0x01, 0xfe, 0xfe, 0xcd, 0x01, 0xfe,
  0xfe, 0xcd, 0x01, 0xfe, 0xfe, 0xcd, 0x01, 0xfe, 0xfe, 0xcd, 0x01, 0xfe,
  0xfe, 0xcd, 0x01, 0xfe, 0xfe, 0xcd, 0x01, 0xfe, 0xfe, 0xcd, 0x01, 0xfe,
  0xfe, 0xcd, 0x01, 0xfe, 0xfe, 0xcd, 0x01, 0xfe, 0xfe, 0xcd, 0x01, 0xfe,
  0xfe, 0xcd, 0x01, 0xfe, 0xfe, 0xcd, 0x01, 0xfe, 0xfe, 0xcd, 0x01, 0xfe,
  0xfe, 0xcd, 0x01, 0xfe, 0xfe, 0xcd, 0x01, 0xfe, 0xfe, 0xcd, 0x01, 0xfe,
  0xfe, 0xcd, 0x01, 0xfe, 0xfe, 0xcd, 0x01, 0xfe, 0xfe, 0xcd, 0x01, 0xfe,
  0xfe, 0xcd, 0x01, 0xfe, 0xfe, 0xcd, 0x01, 0xfe, 0xfe, 0xcd, 0x01, 0xfe,
  0xfe, 0xcd, 0x01, 0xfe, 0xfe, 0xcd, 0x01, 0xfe, 0xfe, 0xcd, 0x01, 0xfe,
  0xfe, 0xcd, 0x01, 0xfe, 0xfe, 0xcd, 0x01, 0xfe, 0xfe, 0xcd, 0x01, 0xfe,
  0xfe, 0xcd, 0x01, 0xfe, 0xfe, 0xcd, 0x01, 0xfe, 0xfe, 0xcd, 0x01, 0xfe,
  0xfe, 0xcd, 0x01, 0xfe, 0xfe, 0xcd, 0x01, 0xfe, 0xfe, 0xcd, 0x01, 0xfe,
  0xfe, 0xcd, 0x01, 0xfe, 0xfe, 0xcd, 0x01, 0xfe, 0xfe, 0xcd, 0x01, 0xfe,
  0xfe, 0xcd, 0x01, 0xfe, 0xfe, 0xcd, 0x01, 0xfe, 0xfe, 0xcd, 0x01, 0xfe,
  0xfe, 0xcd, 0x01, 0xfe, 0xfe, 0xcd, 0x01, 0xfe, 0xfe, 0xcd, 0x01, 0xfe,
  0xfe, 0xcd, 0x01, 0xfe, 0xfe, 0xcd, 0x01, 0xfe, 0xfe, 0xcd, 0x01, 0xfe,
  0xfe, 0xcd, 0x01, 0xfe, 0xfe, 0xcd, 0x01, 0xfe, 0xfe, 0xcd, 0x01, 0xfe,
  0xfe, 0xcd, 0x01, 0xfe, 0xfe, 0xcd, 0x01, 0xfe, 0xfe, 0xcd, 0x01, 0xfe,
  0xfe, 0xcd, 0x01, 0xfe, 0xfe, 0xcd, 0x01, 0xfe, 0xfe, 0xcd, 0x01, 0xfe,
  0xfe, 0xcd, 0x01, 0xfe, 0xfe, 0xcd, 0x01, 0xfe, 0xfe, 0xcd, 0x01, 0xfe,
  0xfe, 0xcd, 0x01, 0xfe, 0xfe, 0xcd, 0x01, 0xfe, 0xfe, 0xcd, 0x01, 0xfe,
  0xfe, 0xcd, 0x01, 0xfe, 0xfe, 0xcd, 0x01, 0xfe, 0xfe, 0xcd, 0x01, 0xfe,
  0xfe, 0xcd, 0x01, 0xfe, 0xfe, 0xcd, 0x01, 0xfe, 0xfe, 0xcd, 0x01, 0xfe,
  0xfe, 0xcd, 0x01, 0xfe, 0xfe, 0xcd, 0x01, 0xfe, 0xfe, 0xcd, 0x01, 0xfe,
  0xfe, 0xcd, 0x01, 0xfe, 0xfe, 0xcd, 0x01, 0xfe, 0xfe, 0xcd, 0x01, 0xfe,
  0xfe, 0xcd, 0x01, 0xfe, 0xfe, 0xcd, 0x01, 0xfe, 0xfe, 0xcd, 0x01, 0xfe,
  0xfe, 0xcd, 0x01, 0xfe, 0xfe, 0xcd, 0x01, 0xfe, 0xfe, 0xcd, 0x01, 0xfe,
  0xfe, 0xcd, 0x01, 0xfe, 0xfe, 0xcd, 0x01, 0xfe, 0xfe, 0xcd, 0x01, 0xfe,
  0xfe, 0xcd, 0x01, 0xfe, 0xfe, 0xcd, 0x01, 0xfe, 0xfe, 0xcd, 0x01, 0xfe,
  0xfe, 0xcd, 0x01, 0xfe, 0xfe, 0xcd, 0x01, 0xfe, 0xfe, 0xcd, 0x01, 0xfe,
  0xfe, 0xcd, 0x01, 0xfe, 0xfe, 0xcd, 0x01, 0xfe, 0xfe, 0xcd, 0x01, 0xfe,
  0xfe, 0xcd, 0x01, 0xfe, 0xfe, 0xcd, 0x01, 0xfe, 0xfe, 0xcd, 0x01, 0xfe,
  0xfe, 0xcd, 0x01, 0xfe, 0xfe, 0xcd, 0x01, 0xfe, 0xfe, 0xcd, 0x01, 0xfe,
  0xfe, 0xcd, 0x01, 0xfe, 0xfe, 0xcd, 0x01, 0xfe, 0xfe, 0xcd, 0x01, 0xfe,
  0xfe, 0xcd, 0x01, 0xfe, 0xfe, 0xcd, 0x01, 0xfe, 0xfe, 0xcd, 0x01, 0xfe,
  0xfe, 0xcd, 0x01, 0xfe, 0xfe, 0xcd, 0x01, 0xfe, 0xfe, 0xcd, 0x01, 0xfe,
  0xfe, 0xcd, 0x01, 0xfe, 0xfe, 0xcd, 0x01, 0xfe, 0xfe, 0xcd, 0x01, 0xfe,
  0xfe, 0xcd, 0x01, 0xfe, 0xfe, 0xcd, 0x01, 0xfe, 0xfe, 0xcd, 0x01, 0xfe,
  0xfe, 0xcd, 0x01, 0xfe, 0xfe, 0xcd, 0x01, 0xfe, 0xfe, 0xcd, 0x01, 0xff,
  0xfe, 0xcd, 0x01, 0xff, 0xfe, 0xcd, 0x01, 0xff, 0xfe, 0xcd, 0x01, 0xff,
  0xfe, 0xcd, 0x01, 0xff, 0xfe, 0xcd, 0x01, 0xff, 0xfe, 0xcd, 0x01, 0xff,
  0xfe, 0xcd, 0x01, 0xff, 0xfe, 0xcd, 0x01, 0xff, 0xfe, 0xcd, 0x01, 0xff,
  0xfe, 0xcd, 0x01, 0xff, 0xfe, 0xcd, 0x01, 0xff, 0xfe, 0xcd, 0x01, 0xff,
  0xfe, 0xcd, 0x01, 0xff, 0xfe, 0xcd, 0x01, 0xff, 0xfe, 0xcd, 0x01, 0xff,
  0xfe, 0xcd, 0x01, 0xff, 0xfe, 0xcd, 0x01, 0xff, 0xfe, 0xcd, 0x01, 0xff,
  0xfe, 0xcd, 0x01, 0xff, 0xfe, 0xcd, 0x01, 0xff, 0xfe, 0xcd, 0x01, 0xff,
  0xfe, 0xcd, 0x01, 0xff, 0xfe, 0xcd, 0x01, 0xff, 0xfe, 0xcd, 0x01, 0xff,
  0xfe, 0xcd, 0x01, 0xff, 0xfe, 0xcd, 0x01, 0xff, 0xfe, 0xcd, 0x01, 0xff,
  0xfe, 0xcd, 0x01, 0xff, 0xfe, 0xcd, 0x01, 0xff, 0xfe, 0xcd, 0x01, 0xff,
  0xfe, 0xcd, 0x01, 0xff, 0xfe, 0xcd, 0x01, 0xff, 0xfe, 0xcd, 0x01, 0xff,
  0xfe, 0xcd, 0x01, 0xff, 0xfe, 0xcd, 0x01, 0xff, 0xfe, 0xcd, 0x01, 0xff,
  0xfe, 0xcd, 0x01, 0xff, 0xfe, 0xcd, 0x01, 0xff, 0xfe, 0xcd, 0x01, 0xff,
  0xfe, 0xcd, 0x01, 0xff, 0xfe, 0xcd, 0x01, 0xff, 0xfe, 0xcd, 0x01, 0xff,
  0xfe, 0xcd, 0x01, 0xff, 0xfe, 0xcd, 0x01, 0xff, 0xfe, 0xcd, 0x01, 0xff,
  0xfe, 0xcd, 0x01, 0xff, 0xfe, 0xcd, 0x01, 0xff, 0xfe, 0xcd, 0x01, 0xff,
  0xfe, 0xcd, 0x01, 0xff, 0xfe, 0xcd, 0x01, 0xff, 0xfe, 0xcd, 0x01, 0xff,
  0xfe, 0xcd, 0x01, 0xfe, 0x00, 0x00, 0x00, 0xff, 0x00, 0x00, 0x00, 0xff,
  0x00, 0x00, 0x00, 0xff, 0x00, 0x00, 0x00, 0xff, 0x00, 0x00, 0x00, 0x00,
  0x00, 0x00, 0x00, 0x00, 0x00, 0x00, 0x00, 0x00, 0x00, 0x00, 0x00, 0x00,
  0x00, 0x00, 0x00, 0x80, 0x00, 0x00, 0x00, 0xff, 0x00, 0x00, 0x00, 0xff,
  0x00, 0x00, 0x00, 0xff, 0x52, 0x17, 0x0d, 0xff, 0xf7, 0x45, 0x29, 0xff,
  0xf7, 0x45, 0x29, 0xff, 0xf9, 0x47, 0x28, 0xff, 0xf9, 0x47, 0x28, 0xff,
  0xf9, 0x47, 0x28, 0xff, 0xf9, 0x47, 0x28, 0xff, 0xf9, 0x47, 0x28, 0xff,
  0xf9, 0x47, 0x28, 0xff, 0xf9, 0x47, 0x28, 0xff, 0xf9, 0x47, 0x28, 0xff,
  0xf9, 0x47, 0x28, 0xff, 0xf9, 0x47, 0x28, 0xff, 0xf9, 0x47, 0x28, 0xff,
  0xf9, 0x47, 0x28, 0xff, 0xf9, 0x47, 0x28, 0xff, 0xf9, 0x47, 0x28, 0xff,
  0xf9, 0x47, 0x28, 0xff, 0xf9, 0x47, 0x28, 0xff, 0xf9, 0x47, 0x28, 0xff,
  0xf9, 0x47, 0x28, 0xff, 0xf9, 0x47, 0x28, 0xff, 0xf9, 0x47, 0x28, 0xff,
  0xf9, 0x47, 0x28, 0xff, 0xf9, 0x47, 0x28, 0xff, 0xf9, 0x47, 0x28, 0xff,
  0xf9, 0x47, 0x28, 0xff, 0xf9, 0x47, 0x28, 0xff, 0xf9, 0x47, 0x28, 0xff,
  0xf9, 0x47, 0x28, 0xff, 0xf9, 0x47, 0x28, 0xff, 0xf9, 0x47, 0x28, 0xff,
  0xf9, 0x47, 0x28, 0xff, 0xf9, 0x47, 0x28, 0xff, 0xf9, 0x47, 0x28, 0xff,
  0xf9, 0x47, 0x28, 0xff, 0xf9, 0x47, 0x28, 0xff, 0xf9, 0x47, 0x28, 0xff,
  0xf9, 0x47, 0x28, 0xff, 0xf9, 0x47, 0x28, 0xff, 0xf9, 0x47, 0x28, 0xff,
  0xf9, 0x47, 0x28, 0xff, 0xf9, 0x47, 0x28, 0xff, 0xf9, 0x47, 0x28, 0xff,
  0xf9, 0x47, 0x28, 0xff, 0xf9, 0x47, 0x28, 0xff, 0xf9, 0x47, 0x28, 0xff,
  0xf9, 0x47, 0x28, 0xff, 0xf9, 0x47, 0x28, 0xff, 0xf9, 0x47, 0x28, 0xff,
  0xf9, 0x47, 0x28, 0xff, 0xf7, 0x45, 0x29, 0xff, 0xf7, 0x45, 0x29, 0xff,
  0xf7, 0x45, 0x29, 0xff, 0x52, 0x17, 0x0d, 0xff, 0x00, 0x00, 0x00, 0xff,
  0x00, 0x00, 0x00, 0xff, 0x2b, 0x2a, 0x22, 0xff, 0xfe, 0xcd, 0x01, 0xff,
  0xfe, 0xcd, 0x01, 0xff, 0xfe, 0xcd, 0x01, 0xff, 0xfe, 0xcd, 0x01, 0xfe,
  0xfe, 0xcd, 0x01, 0xfe, 0xfe, 0xcd, 0x01, 0xfe, 0xfe, 0xcd, 0x01, 0xfe,
  0xfe, 0xcd, 0x01, 0xfe, 0xfe, 0xcd, 0x01, 0xfe, 0xfe, 0xcd, 0x01, 0xfe,
  0xfe, 0xcd, 0x01, 0xfe, 0xfe, 0xcd, 0x01, 0xfe, 0xfe, 0xcd, 0x01, 0xfe,
  0xfe, 0xcd, 0x01, 0xfe, 0xfe, 0xcd, 0x01, 0xfe, 0xfe, 0xcd, 0x01, 0xfe,
  0xfe, 0xcd, 0x01, 0xfe, 0xfe, 0xcd, 0x01, 0xfe, 0xfe, 0xcd, 0x01, 0xfe,
  0xfe, 0xcd, 0x01, 0xfe, 0xfe, 0xcd, 0x01, 0xfe, 0xfe, 0xcd, 0x01, 0xfe,
  0xfe, 0xcd, 0x01, 0xfe, 0xfe, 0xcd, 0x01, 0xfe, 0xfe, 0xcd, 0x01, 0xfe,
  0xfe, 0xcd, 0x01, 0xfe, 0xfe, 0xcd, 0x01, 0xfe, 0xfe, 0xcd, 0x01, 0xfe,
  0xfe, 0xcd, 0x01, 0xfe, 0xfe, 0xcd, 0x01, 0xfe, 0xfe, 0xcd, 0x01, 0xfe,
  0xfe, 0xcd, 0x01, 0xfe, 0xfe, 0xcd, 0x01, 0xfe, 0xfe, 0xcd, 0x01, 0xfe,
  0xfe, 0xcd, 0x01, 0xfe, 0xfe, 0xcd, 0x01, 0xfe, 0xfe, 0xcd, 0x01, 0xfe,
  0xfe, 0xcd, 0x01, 0xfe, 0xfe, 0xcd, 0x01, 0xfe, 0xfe, 0xcd, 0x01, 0xfe,
  0xfe, 0xcd, 0x01, 0xfe, 0xfe, 0xcd, 0x01, 0xfe, 0xfe, 0xcd, 0x01, 0xfe,
  0xfe, 0xcd, 0x01, 0xfe, 0xfe, 0xcd, 0x01, 0xfe, 0xfe, 0xcd, 0x01, 0xfe,
  0xfe, 0xcd, 0x01, 0xfe, 0xfe, 0xcd, 0x01, 0xfe, 0xfe, 0xcd, 0x01, 0xfe,
  0xfe, 0xcd, 0x01, 0xfe, 0xfe, 0xcd, 0x01, 0xfe, 0xfe, 0xcd, 0x01, 0xfe,
  0xfe, 0xcd, 0x01, 0xfe, 0xfe, 0xcd, 0x01, 0xfe, 0xfe, 0xcd, 0x01, 0xfe,
  0xfe, 0xcd, 0x01, 0xfe, 0xfe, 0xcd, 0x01, 0xfe, 0xfe, 0xcd, 0x01, 0xfe,
  0xfe, 0xcd, 0x01, 0xfe, 0xfe, 0xcd, 0x01, 0xfe, 0xfe, 0xcd, 0x01, 0xfe,
  0xfe, 0xcd, 0x01, 0xfe, 0xfe, 0xcd, 0x01, 0xfe, 0xfe, 0xcd, 0x01, 0xfe,
  0xfe, 0xcd, 0x01, 0xfe, 0xfe, 0xcd, 0x01, 0xfe, 0xfe, 0xcd, 0x01, 0xfe,
  0xfe, 0xcd, 0x01, 0xfe, 0xfe, 0xcd, 0x01, 0xfe, 0xfe, 0xcd, 0x01, 0xfe,
  0xfe, 0xcd, 0x01, 0xfe, 0xfe, 0xcd, 0x01, 0xfe, 0xfe, 0xcd, 0x01, 0xfe,
  0xfe, 0xcd, 0x01, 0xfe, 0xfe, 0xcd, 0x01, 0xfe, 0xfe, 0xcd, 0x01, 0xfe,
  0xfe, 0xcd, 0x01, 0xfe, 0xfe, 0xcd, 0x01, 0xfe, 0xfe, 0xcd, 0x01, 0xfe,
  0xfe, 0xcd, 0x01, 0xfe, 0xfe, 0xcd, 0x01, 0xfe, 0xfe, 0xcd, 0x01, 0xfe,
  0xfe, 0xcd, 0x01, 0xfe, 0xfe, 0xcd, 0x01, 0xfe, 0xfe, 0xcd, 0x01, 0xfe,
  0xfe, 0xcd, 0x01, 0xfe, 0xfe, 0xcd, 0x01, 0xfe, 0xfe, 0xcd, 0x01, 0xfe,
  0xfe, 0xcd, 0x01, 0xfe, 0xfe, 0xcd, 0x01, 0xfe, 0xfe, 0xcd, 0x01, 0xfe,
  0xfe, 0xcd, 0x01, 0xfe, 0xfe, 0xcd, 0x01, 0xfe, 0xfe, 0xcd, 0x01, 0xfe,
  0xfe, 0xcd, 0x01, 0xfe, 0xfe, 0xcd, 0x01, 0xfe, 0xfe, 0xcd, 0x01, 0xfe,
  0xfe, 0xcd, 0x01, 0xfe, 0xfe, 0xcd, 0x01, 0xfe, 0xfe, 0xcd, 0x01, 0xfe,
  0xfe, 0xcd, 0x01, 0xfe, 0xfe, 0xcd, 0x01, 0xfe, 0xfe, 0xcd, 0x01, 0xfe,
  0xfe, 0xcd, 0x01, 0xfe, 0xfe, 0xcd, 0x01, 0xfe, 0xfe, 0xcd, 0x01, 0xfe,
  0xfe, 0xcd, 0x01, 0xfe, 0xfe, 0xcd, 0x01, 0xfe, 0xfe, 0xcd, 0x01, 0xfe,
  0xfe, 0xcd, 0x01, 0xfe, 0xfe, 0xcd, 0x01, 0xfe, 0xfe, 0xcd, 0x01, 0xfe,
  0xfe, 0xcd, 0x01, 0xfe, 0xfe, 0xcd, 0x01, 0xfe, 0xfe, 0xcd, 0x01, 0xfe,
  0xfe, 0xcd, 0x01, 0xfe, 0xfe, 0xcd, 0x01, 0xfe, 0xfe, 0xcd, 0x01, 0xfe,
  0xfe, 0xcd, 0x01, 0xfe, 0xfe, 0xcd, 0x01, 0xfe, 0xfe, 0xcd, 0x01, 0xfe,
  0xfe, 0xcd, 0x01, 0xfe, 0xfe, 0xcd, 0x01, 0xfe, 0xfe, 0xcd, 0x01, 0xfe,
  0xfe, 0xcd, 0x01, 0xfe, 0xfe, 0xcd, 0x01, 0xfe, 0xfe, 0xcd, 0x01, 0xfe,
  0xfe, 0xcd, 0x01, 0xfe, 0xfe, 0xcd, 0x01, 0xfe, 0xfe, 0xcd, 0x01, 0xfe,
  0xfe, 0xcd, 0x01, 0xfe, 0xfe, 0xcd, 0x01, 0xfe, 0xfe, 0xcd, 0x01, 0xfe,
  0xfe, 0xcd, 0x01, 0xfe, 0xfe, 0xcd, 0x01, 0xfe, 0xfe, 0xcd, 0x01, 0xfe,
  0xfe, 0xcd, 0x01, 0xfe, 0xfe, 0xcd, 0x01, 0xfe, 0xfe, 0xcd, 0x01, 0xfe,
  0xfe, 0xcd, 0x01, 0xfe, 0xfe, 0xcd, 0x01, 0xfe, 0xfe, 0xcd, 0x01, 0xfe,
  0xfe, 0xcd, 0x01, 0xfe, 0xfe, 0xcd, 0x01, 0xfe, 0xfe, 0xcd, 0x01, 0xfe,
  0xfe, 0xcd, 0x01, 0xfe, 0xfe, 0xcd, 0x01, 0xfe, 0xfe, 0xcd, 0x01, 0xfe,
  0xfe, 0xcd, 0x01, 0xfe, 0xfe, 0xcd, 0x01, 0xff, 0xfe, 0xcd, 0x01, 0xff,
  0xfe, 0xcd, 0x01, 0xff, 0xfe, 0xcd, 0x01, 0xff, 0xfe, 0xcd, 0x01, 0xff,
  0xfe, 0xcd, 0x01, 0xff, 0xfe, 0xcd, 0x01, 0xff, 0xfe, 0xcd, 0x01, 0xff,
  0xfe, 0xcd, 0x01, 0xff, 0xfe, 0xcd, 0x01, 0xff, 0xfe, 0xcd, 0x01, 0xff,
  0xfe, 0xcd, 0x01, 0xff, 0xfe, 0xcd, 0x01, 0xff, 0xfe, 0xcd, 0x01, 0xff,
  0xfe, 0xcd, 0x01, 0xff, 0xfe, 0xcd, 0x01, 0xff, 0xfe, 0xcd, 0x01, 0xff,
  0xfe, 0xcd, 0x01, 0xff, 0xfe, 0xcd, 0x01, 0xff, 0xfe, 0xcd, 0x01, 0xff,
  0xfe, 0xcd, 0x01, 0xff, 0xfe, 0xcd, 0x01, 0xff, 0xfe, 0xcd, 0x01, 0xff,
  0xfe, 0xcd, 0x01, 0xff, 0xfe, 0xcd, 0x01, 0xff, 0xfe, 0xcd, 0x01, 0xff,
  0xfe, 0xcd, 0x01, 0xff, 0xfe, 0xcd, 0x01, 0xff, 0xfe, 0xcd, 0x01, 0xff,
  0xfe, 0xcd, 0x01, 0xff, 0xfe, 0xcd, 0x01, 0xff, 0xfe, 0xcd, 0x01, 0xff,
  0xfe, 0xcd, 0x01, 0xff, 0xfe, 0xcd, 0x01, 0xff, 0xfe, 0xcd, 0x01, 0xff,
  0xfe, 0xcd, 0x01, 0xff, 0xfe, 0xcd, 0x01, 0xff, 0xfe, 0xcd, 0x01, 0xff,
  0xfe, 0xcd, 0x01, 0xff, 0xfe, 0xcd, 0x01, 0xff, 0xfe, 0xcd, 0x01, 0xff,
  0xfe, 0xcd, 0x01, 0xff, 0xfe, 0xcd, 0x01, 0xff, 0xfe, 0xcd, 0x01, 0xff,
  0xfe, 0xcd, 0x01, 0xff, 0xfe, 0xcd, 0x01, 0xff, 0xfe, 0xcd, 0x01, 0xff,
  0xfe, 0xcd, 0x01, 0xff, 0xfe, 0xcd, 0x01, 0xff, 0xfe, 0xcd, 0x01, 0xff,
  0xfe, 0xcd, 0x01, 0xff, 0xfe, 0xcd, 0x01, 0xff, 0xfe, 0xcd, 0x01, 0xfe,
  0x00, 0x00, 0x00, 0xff, 0x00, 0x00, 0x00, 0xff, 0x00, 0x00, 0x00, 0xff,
  0x00, 0x00, 0x00, 0xff, 0x00, 0x00, 0x00, 0x00, 0x00, 0x00, 0x00, 0x00,
  0x00, 0x00, 0x00, 0x00, 0x00, 0x00, 0x00, 0x00, 0x00, 0x00, 0x00, 0x80,
  0x00, 0x00, 0x00, 0xff, 0x00, 0x00, 0x00, 0xff, 0x00, 0x00, 0x00, 0xff,
  0x52, 0x17, 0x0d, 0xff, 0xf7, 0x45, 0x29, 0xff, 0xf7, 0x45, 0x29, 0xff,
  0xf9, 0x47, 0x28, 0xff, 0xf9, 0x47, 0x28, 0xff, 0xf9, 0x47, 0x28, 0xff,
  0xf9, 0x47, 0x28, 0xff, 0xf9, 0x47, 0x28, 0xff, 0xf9, 0x47, 0x28, 0xff,
  0xf9, 0x47, 0x28, 0xff, 0xf9, 0x47, 0x28, 0xff, 0xf9, 0x47, 0x28, 0xff,
  0xf9, 0x47, 0x28, 0xff, 0xf9, 0x47, 0x28, 0xff, 0xf9, 0x47, 0x28, 0xff,
  0xf9, 0x47, 0x28, 0xff, 0xf9, 0x47, 0x28, 0xff, 0xf9, 0x47, 0x28, 0xff,
  0xf9, 0x47, 0x28, 0xff, 0xf9, 0x47, 0x28, 0xff, 0xf9, 0x47, 0x28, 0xff,
  0xf9, 0x47, 0x28, 0xff, 0xf9, 0x47, 0x28, 0xff, 0xf9, 0x47, 0x28, 0xff,
  0xf9, 0x47, 0x28, 0xff, 0xf9, 0x47, 0x28, 0xff, 0xf9, 0x47, 0x28, 0xff,
  0xf9, 0x47, 0x28, 0xff, 0xf9, 0x47, 0x28, 0xff, 0xf9, 0x47, 0x28, 0xff,
  0xf9, 0x47, 0x28, 0xff, 0xf9, 0x47, 0x28, 0xff, 0xf9, 0x47, 0x28, 0xff,
  0xf9, 0x47, 0x28, 0xff, 0xf9, 0x47, 0x28, 0xff, 0xf9, 0x47, 0x28, 0xff,
  0xf9, 0x47, 0x28, 0xff, 0xf9, 0x47, 0x28, 0xff, 0xf9, 0x47, 0x28, 0xff,
  0xf9, 0x47, 0x28, 0xff, 0xf9, 0x47, 0x28, 0xff, 0xf9, 0x47, 0x28, 0xff,
  0xf9, 0x47, 0x28, 0xff, 0xf9, 0x47, 0x28, 0xff, 0xf9, 0x47, 0x28, 0xff,
  0xf9, 0x47, 0x28, 0xff, 0xf9, 0x47, 0x28, 0xff, 0xf9, 0x47, 0x28, 0xff,
  0xf9, 0x47, 0x28, 0xff, 0xf9, 0x47, 0x28, 0xff, 0xf9, 0x47, 0x28, 0xff,
  0xf7, 0x45, 0x29, 0xff, 0xf7, 0x45, 0x29, 0xff, 0xf7, 0x45, 0x29, 0xff,
  0x52, 0x17, 0x0d, 0xff, 0x00, 0x00, 0x00, 0xff, 0x00, 0x00, 0x00, 0xff,
  0x7e, 0x6e, 0x2a, 0xff, 0xfe, 0xcd, 0x01, 0xff, 0xfe, 0xcd, 0x01, 0xff,
  0xfe, 0xcd, 0x01, 0xff, 0xfe, 0xcd, 0x01, 0xfe, 0xfe, 0xcd, 0x01, 0xfe,
  0xfe, 0xcd, 0x01, 0xfe, 0xfe, 0xcd, 0x01, 0xfe, 0xfe, 0xcd, 0x01, 0xfe,
  0xfe, 0xcd, 0x01, 0xfe, 0xfe, 0xcd, 0x01, 0xfe, 0xfe, 0xcd, 0x01, 0xfe,
  0xfe, 0xcd, 0x01, 0xfe, 0xfe, 0xcd, 0x01, 0xfe, 0xfe, 0xcd, 0x01, 0xfe,
  0xfe, 0xcd, 0x01, 0xfe, 0xfe, 0xcd, 0x01, 0xfe, 0xfe, 0xcd, 0x01, 0xfe,
  0xfe, 0xcd, 0x01, 0xfe, 0xfe, 0xcd, 0x01, 0xfe, 0xfe, 0xcd, 0x01, 0xfe,
  0xfe, 0xcd, 0x01, 0xfe, 0xfe, 0xcd, 0x01, 0xfe, 0xfe, 0xcd, 0x01, 0xfe,
  0xfe, 0xcd, 0x01, 0xfe, 0xfe, 0xcd, 0x01, 0xfe, 0xfe, 0xcd, 0x01, 0xfe,
  0xfe, 0xcd, 0x01, 0xfe, 0xfe, 0xcd, 0x01, 0xfe, 0xfe, 0xcd, 0x01, 0xfe,
  0xfe, 0xcd, 0x01, 0xfe, 0xfe, 0xcd, 0x01, 0xfe, 0xfe, 0xcd, 0x01, 0xfe,
  0xfe, 0xcd, 0x01, 0xfe, 0xfe, 0xcd, 0x01, 0xfe, 0xfe, 0xcd, 0x01, 0xfe,
  0xfe, 0xcd, 0x01, 0xfe, 0xfe, 0xcd, 0x01, 0xfe, 0xfe, 0xcd, 0x01, 0xfe,
  0xfe, 0xcd, 0x01, 0xfe, 0xfe, 0xcd, 0x01, 0xfe, 0xfe, 0xcd, 0x01, 0xfe,
  0xfe, 0xcd, 0x01, 0xfe, 0xfe, 0xcd, 0x01, 0xfe, 0xfe, 0xcd, 0x01, 0xfe,
  0xfe, 0xcd, 0x01, 0xfe, 0xfe, 0xcd, 0x01, 0xfe, 0xfe, 0xcd, 0x01, 0xfe,
  0xfe, 0xcd, 0x01, 0xfe, 0xfe, 0xcd, 0x01, 0xfe, 0xfe, 0xcd, 0x01, 0xfe,
  0xfe, 0xcd, 0x01, 0xfe, 0xfe, 0xcd, 0x01, 0xfe, 0xfe, 0xcd, 0x01, 0xfe,
  0xfe, 0xcd, 0x01, 0xfe, 0xfe, 0xcd, 0x01, 0xfe, 0xfe, 0xcd, 0x01, 0xfe,
  0xfe, 0xcd, 0x01, 0xfe, 0xfe, 0xcd, 0x01, 0xfe, 0xfe, 0xcd, 0x01, 0xfe,
  0xfe, 0xcd, 0x01, 0xfe, 0xfe, 0xcd, 0x01, 0xfe, 0xfe, 0xcd, 0x01, 0xfe,
  0xfe, 0xcd, 0x01, 0xfe, 0xfe, 0xcd, 0x01, 0xfe, 0xfe, 0xcd, 0x01, 0xfe,
  0xfe, 0xcd, 0x01, 0xfe, 0xfe, 0xcd, 0x01, 0xfe, 0xfe, 0xcd, 0x01, 0xfe,
  0xfe, 0xcd, 0x01, 0xfe, 0xfe, 0xcd, 0x01, 0xfe, 0xfe, 0xcd, 0x01, 0xfe,
  0xfe, 0xcd, 0x01, 0xfe, 0xfe, 0xcd, 0x01, 0xfe, 0xfe, 0xcd, 0x01, 0xfe,
  0xfe, 0xcd, 0x01, 0xfe, 0xfe, 0xcd, 0x01, 0xfe, 0xfe, 0xcd, 0x01, 0xfe,
  0xfe, 0xcd, 0x01, 0xfe, 0xfe, 0xcd, 0x01, 0xfe, 0xfe, 0xcd, 0x01, 0xfe,
  0xfe, 0xcd, 0x01, 0xfe, 0xfe, 0xcd, 0x01, 0xfe, 0xfe, 0xcd, 0x01, 0xfe,
  0xfe, 0xcd, 0x01, 0xfe, 0xfe, 0xcd, 0x01, 0xfe, 0xfe, 0xcd, 0x01, 0xfe,
  0xfe, 0xcd, 0x01, 0xfe, 0xfe, 0xcd, 0x01, 0xfe, 0xfe, 0xcd, 0x01, 0xfe,
  0xfe, 0xcd, 0x01, 0xfe, 0xfe, 0xcd, 0x01, 0xfe, 0xfe, 0xcd, 0x01, 0xfe,
  0xfe, 0xcd, 0x01, 0xfe, 0xfe, 0xcd, 0x01, 0xfe, 0xfe, 0xcd, 0x01, 0xfe,
  0xfe, 0xcd, 0x01, 0xfe, 0xfe, 0xcd, 0x01, 0xfe, 0xfe, 0xcd, 0x01, 0xfe,
  0xfe, 0xcd, 0x01, 0xfe, 0xfe, 0xcd, 0x01, 0xfe, 0xfe, 0xcd, 0x01, 0xfe,
  0xfe, 0xcd, 0x01, 0xfe, 0xfe, 0xcd, 0x01, 0xfe, 0xfe, 0xcd, 0x01, 0xfe,
  0xfe, 0xcd, 0x01, 0xfe, 0xfe, 0xcd, 0x01, 0xfe, 0xfe, 0xcd, 0x01, 0xfe,
  0xfe, 0xcd, 0x01, 0xfe, 0xfe, 0xcd, 0x01, 0xfe, 0xfe, 0xcd, 0x01, 0xfe,
  0xfe, 0xcd, 0x01, 0xfe, 0xfe, 0xcd, 0x01, 0xfe, 0xfe, 0xcd, 0x01, 0xfe,
  0xfe, 0xcd, 0x01, 0xfe, 0xfe, 0xcd, 0x01, 0xfe, 0xfe, 0xcd, 0x01, 0xfe,
  0xfe, 0xcd, 0x01, 0xfe, 0xfe, 0xcd, 0x01, 0xfe, 0xfe, 0xcd, 0x01, 0xfe,
  0xfe, 0xcd, 0x01, 0xfe, 0xfe, 0xcd, 0x01, 0xfe, 0xfe, 0xcd, 0x01, 0xfe,
  0xfe, 0xcd, 0x01, 0xfe, 0xfe, 0xcd, 0x01, 0xfe, 0xfe, 0xcd, 0x01, 0xfe,
  0xfe, 0xcd, 0x01, 0xfe, 0xfe, 0xcd, 0x01, 0xfe, 0xfe, 0xcd, 0x01, 0xfe,
  0xfe, 0xcd, 0x01, 0xfe, 0xfe, 0xcd, 0x01, 0xfe, 0xfe, 0xcd, 0x01, 0xfe,
  0xfe, 0xcd, 0x01, 0xfe, 0xfe, 0xcd, 0x01, 0xfe, 0xfe, 0xcd, 0x01, 0xfe,
  0xfe, 0xcd, 0x01, 0xfe, 0xfe, 0xcd, 0x01, 0xfe, 0xfe, 0xcd, 0x01, 0xfe,
  0xfe, 0xcd, 0x01, 0xfe, 0xfe, 0xcd, 0x01, 0xfe, 0xfe, 0xcd, 0x01, 0xfe,
  0xfe, 0xcd, 0x01, 0xfe, 0xfe, 0xcd, 0x01, 0xfe, 0xfe, 0xcd, 0x01, 0xfe,
  0xfe, 0xcd, 0x01, 0xfe, 0xfe, 0xcd, 0x01, 0xfe, 0xfe, 0xcd, 0x01, 0xfe,
  0xfe, 0xcd, 0x01, 0xfe, 0xfe, 0xcd, 0x01, 0xfe, 0xfe, 0xcd, 0x01, 0xfe,
  0xfe, 0xcd, 0x01, 0xff, 0xfe, 0xcd, 0x01, 0xff, 0xfe, 0xcd, 0x01, 0xff,
  0xfe, 0xcd, 0x01, 0xff, 0xfe, 0xcd, 0x01, 0xff, 0xfe, 0xcd, 0x01, 0xff,
  0xfe, 0xcd, 0x01, 0xff, 0xfe, 0xcd, 0x01, 0xff, 0xfe, 0xcd, 0x01, 0xff,
  0xfe, 0xcd, 0x01, 0xff, 0xfe, 0xcd, 0x01, 0xff, 0xfe, 0xcd, 0x01, 0xff,
  0xfe, 0xcd, 0x01, 0xff, 0xfe, 0xcd, 0x01, 0xff, 0xfe, 0xcd, 0x01, 0xff,
  0xfe, 0xcd, 0x01, 0xff, 0xfe, 0xcd, 0x01, 0xff, 0xfe, 0xcd, 0x01, 0xff,
  0xfe, 0xcd, 0x01, 0xff, 0xfe, 0xcd, 0x01, 0xff, 0xfe, 0xcd, 0x01, 0xff,
  0xfe, 0xcd, 0x01, 0xff, 0xfe, 0xcd, 0x01, 0xff, 0xfe, 0xcd, 0x01, 0xff,
  0xfe, 0xcd, 0x01, 0xff, 0xfe, 0xcd, 0x01, 0xff, 0xfe, 0xcd, 0x01, 0xff,
  0xfe, 0xcd, 0x01, 0xff, 0xfe, 0xcd, 0x01, 0xff, 0xfe, 0xcd, 0x01, 0xff,
  0xfe, 0xcd, 0x01, 0xff, 0xfe, 0xcd, 0x01, 0xff, 0xfe, 0xcd, 0x01, 0xff,
  0xfe, 0xcd, 0x01, 0xff, 0xfe, 0xcd, 0x01, 0xff, 0xfe, 0xcd, 0x01, 0xff,
  0xfe, 0xcd, 0x01, 0xff, 0xfe, 0xcd, 0x01, 0xff, 0xfe, 0xcd, 0x01, 0xff,
  0xfe, 0xcd, 0x01, 0xff, 0xfe, 0xcd, 0x01, 0xff, 0xfe, 0xcd, 0x01, 0xff,
  0xfe, 0xcd, 0x01, 0xff, 0xfe, 0xcd, 0x01, 0xff, 0xfe, 0xcd, 0x01, 0xff,
  0xfe, 0xcd, 0x01, 0xff, 0xfe, 0xcd, 0x01, 0xff, 0xfe, 0xcd, 0x01, 0xff,
  0xfe, 0xcd, 0x01, 0xff, 0xfe, 0xcd, 0x01, 0xff, 0xfe, 0xcd, 0x01, 0xff,
  0xfe, 0xcd, 0x01, 0xff, 0xfe, 0xcd, 0x01, 0xfe, 0x00, 0x00, 0x00, 0xff,
  0x00, 0x00, 0x00, 0xff, 0x00, 0x00, 0x00, 0xff, 0x00, 0x00, 0x00, 0xff,
  0x00, 0x00, 0x00, 0x00, 0x00, 0x00, 0x00, 0x00, 0x00, 0x00, 0x00, 0x00,
  0x00, 0x00, 0x00, 0x00, 0x00, 0x00, 0x00, 0x80, 0x00, 0x00, 0x00, 0xff,
  0x00, 0x00, 0x00, 0xff, 0x00, 0x00, 0x00, 0xff, 0x52, 0x17, 0x0d, 0xff,
  0xf7, 0x45, 0x29, 0xff, 0xf7, 0x45, 0x29, 0xff, 0xf9, 0x47, 0x28, 0xff,
  0xf9, 0x47, 0x28, 0xff, 0xf9, 0x47, 0x28, 0xff, 0xf9, 0x47, 0x28, 0xff,
  0xf9, 0x47, 0x28, 0xff, 0xf9, 0x47, 0x28, 0xff, 0xf9, 0x47, 0x28, 0xff,
  0xf9, 0x47, 0x28, 0xff, 0xf9, 0x47, 0x28, 0xff, 0xf9, 0x47, 0x28, 0xff,
  0xf9, 0x47, 0x28, 0xff, 0xf9, 0x47, 0x28, 0xff, 0xf9, 0x47, 0x28, 0xff,
  0xf9, 0x47, 0x28, 0xff, 0xf9, 0x47, 0x28, 0xff, 0xf9, 0x47, 0x28, 0xff,
  0xf9, 0x47, 0x28, 0xff, 0xf9, 0x47, 0x28, 0xff, 0xf9, 0x47, 0x28, 0xff,
  0xf9, 0x47, 0x28, 0xff, 0xf9, 0x47, 0x28, 0xff, 0xf9, 0x47, 0x28, 0xff,
  0xf9, 0x47, 0x28, 0xff, 0xf9, 0x47, 0x28, 0xff, 0xf9, 0x47, 0x28, 0xff,
  0xf9, 0x47, 0x28, 0xff, 0xf9, 0x47, 0x28, 0xff, 0xf9, 0x47, 0x28, 0xff,
  0xf9, 0x47, 0x28, 0xff, 0xf9, 0x47, 0x28, 0xff, 0xf9, 0x47, 0x28, 0xff,
  0xf9, 0x47, 0x28, 0xff, 0xf9, 0x47, 0x28, 0xff, 0xf9, 0x47, 0x28, 0xff,
  0xf9, 0x47, 0x28, 0xff, 0xf9, 0x47, 0x28, 0xff, 0xf9, 0x47, 0x28, 0xff,
  0xf9, 0x47, 0x28, 0xff, 0xf9, 0x47, 0x28, 0xff, 0xf9, 0x47, 0x28, 0xff,
  0xf9, 0x47, 0x28, 0xff, 0xf9, 0x47, 0x28, 0xff, 0xf9, 0x47, 0x28, 0xff,
  0xf9, 0x47, 0x28, 0xff, 0xf9, 0x47, 0x28, 0xff, 0xf9, 0x47, 0x28, 0xff,
  0xf9, 0x47, 0x28, 0xff, 0xf9, 0x47, 0x28, 0xff, 0xf7, 0x45, 0x29, 0xff,
  0xf7, 0x45, 0x29, 0xff, 0xf7, 0x45, 0x29, 0xff, 0x00, 0x00, 0x00, 0xff,
  0x00, 0x00, 0x00, 0xff, 0x00, 0x00, 0x00, 0xff, 0xb5, 0x9a, 0x27, 0xff,
  0xfe, 0xcd, 0x01, 0xff, 0xfe, 0xcd, 0x01, 0xff, 0xfe, 0xcd, 0x01, 0xff,
  0xfe, 0xcd, 0x01, 0xfe, 0xfe, 0xcd, 0x01, 0xfe, 0xfe, 0xcd, 0x01, 0xfe,
  0xfe, 0xcd, 0x01, 0xfe, 0xfe, 0xcd, 0x01, 0xfe, 0xfe, 0xcd, 0x01, 0xfe,
  0xfe, 0xcd, 0x01, 0xfe, 0xfe, 0xcd, 0x01, 0xfe, 0xfe, 0xcd, 0x01, 0xfe,
  0xfe, 0xcd, 0x01, 0xfe, 0xfe, 0xcd, 0x01, 0xfe, 0xfe, 0xcd, 0x01, 0xfe,
  0xfe, 0xcd, 0x01, 0xfe, 0xfe, 0xcd, 0x01, 0xfe, 0xfe, 0xcd, 0x01, 0xfe,
  0xfe, 0xcd, 0x01, 0xfe, 0xfe, 0xcd, 0x01, 0xfe, 0xfe, 0xcd, 0x01, 0xfe,
  0xfe, 0xcd, 0x01, 0xfe, 0xfe, 0xcd, 0x01, 0xfe, 0xfe, 0xcd, 0x01, 0xfe,
  0xfe, 0xcd, 0x01, 0xfe, 0xfe, 0xcd, 0x01, 0xfe, 0xfe, 0xcd, 0x01, 0xfe,
  0xfe, 0xcd, 0x01, 0xfe, 0xfe, 0xcd, 0x01, 0xfe, 0xfe, 0xcd, 0x01, 0xfe,
  0xfe, 0xcd, 0x01, 0xfe, 0xfe, 0xcd, 0x01, 0xfe, 0xfe, 0xcd, 0x01, 0xfe,
  0xfe, 0xcd, 0x01, 0xfe, 0xfe, 0xcd, 0x01, 0xfe, 0xfe, 0xcd, 0x01, 0xfe,
  0xfe, 0xcd, 0x01, 0xfe, 0xfe, 0xcd, 0x01, 0xfe, 0xfe, 0xcd, 0x01, 0xfe,
  0xfe, 0xcd, 0x01, 0xfe, 0xfe, 0xcd, 0x01, 0xfe, 0xfe, 0xcd, 0x01, 0xfe,
  0xfe, 0xcd, 0x01, 0xfe, 0xfe, 0xcd, 0x01, 0xfe, 0xfe, 0xcd, 0x01, 0xfe,
  0xfe, 0xcd, 0x01, 0xfe, 0xfe, 0xcd, 0x01, 0xfe, 0xfe, 0xcd, 0x01, 0xfe,
  0xfe, 0xcd, 0x01, 0xfe, 0xfe, 0xcd, 0x01, 0xfe, 0xfe, 0xcd, 0x01, 0xfe,
  0xfe, 0xcd, 0x01, 0xfe, 0xfe, 0xcd, 0x01, 0xfe, 0xfe, 0xcd, 0x01, 0xfe,
  0xfe, 0xcd, 0x01, 0xfe, 0xfe, 0xcd, 0x01, 0xfe, 0xfe, 0xcd, 0x01, 0xfe,
  0xfe, 0xcd, 0x01, 0xfe, 0xfe, 0xcd, 0x01, 0xfe, 0xfe, 0xcd, 0x01, 0xfe,
  0xfe, 0xcd, 0x01, 0xfe, 0xfe, 0xcd, 0x01, 0xfe, 0xfe, 0xcd, 0x01, 0xfe,
  0xfe, 0xcd, 0x01, 0xfe, 0xfe, 0xcd, 0x01, 0xfe, 0xfe, 0xcd, 0x01, 0xfe,
  0xfe, 0xcd, 0x01, 0xfe, 0xfe, 0xcd, 0x01, 0xfe, 0xfe, 0xcd, 0x01, 0xfe,
  0xfe, 0xcd, 0x01, 0xfe, 0xfe, 0xcd, 0x01, 0xfe, 0xfe, 0xcd, 0x01, 0xfe,
  0xfe, 0xcd, 0x01, 0xfe, 0xfe, 0xcd, 0x01, 0xfe, 0xfe, 0xcd, 0x01, 0xfe,
  0xfe, 0xcd, 0x01, 0xfe, 0xfe, 0xcd, 0x01, 0xfe, 0xfe, 0xcd, 0x01, 0xfe,
  0xfe, 0xcd, 0x01, 0xfe, 0xfe, 0xcd, 0x01, 0xfe, 0xfe, 0xcd, 0x01, 0xfe,
  0xfe, 0xcd, 0x01, 0xfe, 0xfe, 0xcd, 0x01, 0xfe, 0xfe, 0xcd, 0x01, 0xfe,
  0xfe, 0xcd, 0x01, 0xfe, 0xfe, 0xcd, 0x01, 0xfe, 0xfe, 0xcd, 0x01, 0xfe,
  0xfe, 0xcd, 0x01, 0xfe, 0xfe, 0xcd, 0x01, 0xfe, 0xfe, 0xcd, 0x01, 0xfe,
  0xfe, 0xcd, 0x01, 0xfe, 0xfe, 0xcd, 0x01, 0xfe, 0xfe, 0xcd, 0x01, 0xfe,
  0xfe, 0xcd, 0x01, 0xfe, 0xfe, 0xcd, 0x01, 0xfe, 0xfe, 0xcd, 0x01, 0xfe,
  0xfe, 0xcd, 0x01, 0xfe, 0xfe, 0xcd, 0x01, 0xfe, 0xfe, 0xcd, 0x01, 0xfe,
  0xfe, 0xcd, 0x01, 0xfe, 0xfe, 0xcd, 0x01, 0xfe, 0xfe, 0xcd, 0x01, 0xfe,
  0xfe, 0xcd, 0x01, 0xfe, 0xfe, 0xcd, 0x01, 0xfe, 0xfe, 0xcd, 0x01, 0xfe,
  0xfe, 0xcd, 0x01, 0xfe, 0xfe, 0xcd, 0x01, 0xfe, 0xfe, 0xcd, 0x01, 0xfe,
  0xfe, 0xcd, 0x01, 0xfe, 0xfe, 0xcd, 0x01, 0xfe, 0xfe, 0xcd, 0x01, 0xfe,
  0xfe, 0xcd, 0x01, 0xfe, 0xfe, 0xcd, 0x01, 0xfe, 0xfe, 0xcd, 0x01, 0xfe,
  0xfe, 0xcd, 0x01, 0xfe, 0xfe, 0xcd, 0x01, 0xfe, 0xfe, 0xcd, 0x01, 0xfe,
  0xfe, 0xcd, 0x01, 0xfe, 0xfe, 0xcd, 0x01, 0xfe, 0xfe, 0xcd, 0x01, 0xfe,
  0xfe, 0xcd, 0x01, 0xfe, 0xfe, 0xcd, 0x01, 0xfe, 0xfe, 0xcd, 0x01, 0xfe,
  0xfe, 0xcd, 0x01, 0xfe, 0xfe, 0xcd, 0x01, 0xfe, 0xfe, 0xcd, 0x01, 0xfe,
  0xfe, 0xcd, 0x01, 0xfe, 0xfe, 0xcd, 0x01, 0xfe, 0xfe, 0xcd, 0x01, 0xfe,
  0xfe, 0xcd, 0x01, 0xfe, 0xfe, 0xcd, 0x01, 0xfe, 0xfe, 0xcd, 0x01, 0xfe,
  0xfe, 0xcd, 0x01, 0xfe, 0xfe, 0xcd, 0x01, 0xfe, 0xfe, 0xcd, 0x01, 0xfe,
  0xfe, 0xcd, 0x01, 0xfe, 0xfe, 0xcd, 0x01, 0xfe, 0xfe, 0xcd, 0x01, 0xfe,
  0xfe, 0xcd, 0x01, 0xfe, 0xfe, 0xcd, 0x01, 0xfe, 0xfe, 0xcd, 0x01, 0xfe,
  0xfe, 0xcd, 0x01, 0xfe, 0xfe, 0xcd, 0x01, 0xfe, 0xfe, 0xcd, 0x01, 0xfe,
  0xfe, 0xcd, 0x01, 0xfe, 0xfe, 0xcd, 0x01, 0xfe, 0xfe, 0xcd, 0x01, 0xfe,
  0xfe, 0xcd, 0x01, 0xfe, 0xfe, 0xcd, 0x01, 0xfe, 0xfe, 0xcd, 0x01, 0xff,
  0xfe, 0xcd, 0x01, 0xff, 0xfe, 0xcd, 0x01, 0xff, 0xfe, 0xcd, 0x01, 0xff,
  0xfe, 0xcd, 0x01, 0xff, 0xfe, 0xcd, 0x01, 0xff, 0xfe, 0xcd, 0x01, 0xff,
  0xfe, 0xcd, 0x01, 0xff, 0xfe, 0xcd, 0x01, 0xff, 0xfe, 0xcd, 0x01, 0xff,
  0xfe, 0xcd, 0x01, 0xff, 0xfe, 0xcd, 0x01, 0xff, 0xfe, 0xcd, 0x01, 0xff,
  0xfe, 0xcd, 0x01, 0xff, 0xfe, 0xcd, 0x01, 0xff, 0xfe, 0xcd, 0x01, 0xff,
  0xfe, 0xcd, 0x01, 0xff, 0xfe, 0xcd, 0x01, 0xff, 0xfe, 0xcd, 0x01, 0xff,
  0xfe, 0xcd, 0x01, 0xff, 0xfe, 0xcd, 0x01, 0xff, 0xfe, 0xcd, 0x01, 0xff,
  0xfe, 0xcd, 0x01, 0xff, 0xfe, 0xcd, 0x01, 0xff, 0xfe, 0xcd, 0x01, 0xff,
  0xfe, 0xcd, 0x01, 0xff, 0xfe, 0xcd, 0x01, 0xff, 0xfe, 0xcd, 0x01, 0xff,
  0xfe, 0xcd, 0x01, 0xff, 0xfe, 0xcd, 0x01, 0xff, 0xfe, 0xcd, 0x01, 0xff,
  0xfe, 0xcd, 0x01, 0xff, 0xfe, 0xcd, 0x01, 0xff, 0xfe, 0xcd, 0x01, 0xff,
  0xfe, 0xcd, 0x01, 0xff, 0xfe, 0xcd, 0x01, 0xff, 0xfe, 0xcd, 0x01, 0xff,
  0xfe, 0xcd, 0x01, 0xff, 0xfe, 0xcd, 0x01, 0xff, 0xfe, 0xcd, 0x01, 0xff,
  0xfe, 0xcd, 0x01, 0xff, 0xfe, 0xcd, 0x01, 0xff, 0xfe, 0xcd, 0x01, 0xff,
  0xfe, 0xcd, 0x01, 0xff, 0xfe, 0xcd, 0x01, 0xff, 0xfe, 0xcd, 0x01, 0xff,
  0xfe, 0xcd, 0x01, 0xff, 0xfe, 0xcd, 0x01, 0xff, 0xfe, 0xcd, 0x01, 0xff,
  0xfe, 0xcd, 0x01, 0xff, 0xfe, 0xcd, 0x01, 0xff, 0xfe, 0xcd, 0x01, 0xff,
  0xfe, 0xcd, 0x01, 0xfe, 0x00, 0x00, 0x00, 0xff, 0x00, 0x00, 0x00, 0xff,
  0x00, 0x00, 0x00, 0xff, 0x00, 0x00, 0x00, 0xff, 0x00, 0x00, 0x00, 0x00,
  0x00, 0x00, 0x00, 0x00, 0x00, 0x00, 0x00, 0x00, 0x00, 0x00, 0x00, 0x00,
  0x00, 0x00, 0x00, 0x80, 0x00, 0x00, 0x00, 0xff, 0x00, 0x00, 0x00, 0xff,
  0x00, 0x00, 0x00, 0xff, 0x00, 0x00, 0x00, 0xff, 0xf7, 0x45, 0x29, 0xff,
  0xf7, 0x45, 0x29, 0xff, 0xf9, 0x47, 0x28, 0xff, 0xf9, 0x47, 0x28, 0xff,
  0xf9, 0x47, 0x28, 0xff, 0xf9, 0x47, 0x28, 0xff, 0xf9, 0x47, 0x28, 0xff,
  0xf9, 0x47, 0x28, 0xff, 0xf9, 0x47, 0x28, 0xff, 0xf9, 0x47, 0x28, 0xff,
  0xf9, 0x47, 0x28, 0xff, 0xf9, 0x47, 0x28, 0xff, 0xf9, 0x47, 0x28, 0xff,
  0xf9, 0x47, 0x28, 0xff, 0xf9, 0x47, 0x28, 0xff, 0xf9, 0x47, 0x28, 0xff,
  0xf9, 0x47, 0x28, 0xff, 0xf9, 0x47, 0x28, 0xff, 0xf9, 0x47, 0x28, 0xff,
  0xf9, 0x47, 0x28, 0xff, 0xf9, 0x47, 0x28, 0xff, 0xf9, 0x47, 0x28, 0xff,
  0xf9, 0x47, 0x28, 0xff, 0xf9, 0x47, 0x28, 0xff, 0xf9, 0x47, 0x28, 0xff,
  0xf9, 0x47, 0x28, 0xff, 0xf9, 0x47, 0x28, 0xff, 0xf9, 0x47, 0x28, 0xff,
  0xf9, 0x47, 0x28, 0xff, 0xf9, 0x47, 0x28, 0xff, 0xf9, 0x47, 0x28, 0xff,
  0xf9, 0x47, 0x28, 0xff, 0xf9, 0x47, 0x28, 0xff, 0xf9, 0x47, 0x28, 0xff,
  0xf9, 0x47, 0x28, 0xff, 0xf9, 0x47, 0x28, 0xff, 0xf9, 0x47, 0x28, 0xff,
  0xf9, 0x47, 0x28, 0xff, 0xf9, 0x47, 0x28, 0xff, 0xf9, 0x47, 0x28, 0xff,
  0xf9, 0x47, 0x28, 0xff, 0xf9, 0x47, 0x28, 0xff, 0xf9, 0x47, 0x28, 0xff,
  0xf9, 0x47, 0x28, 0xff, 0xf9, 0x47, 0x28, 0xff, 0xf9, 0x47, 0x28, 0xff,
  0xf9, 0x47, 0x28, 0xff, 0xf9, 0x47, 0x28, 0xff, 0xf9, 0x47, 0x28, 0xff,
  0xf9, 0x47, 0x28, 0xff, 0xf7, 0x45, 0x29, 0xff, 0xf7, 0x45, 0x29, 0xff,
  0xf7, 0x45, 0x29, 0xff, 0x00, 0x00, 0x00, 0xff, 0x00, 0x00, 0x00, 0xff,
  0x00, 0x00, 0x00, 0xff, 0xc6, 0xaa, 0x37, 0xff, 0xfe, 0xcd, 0x01, 0xff,
  0xfe, 0xcd, 0x01, 0xff, 0xfe, 0xcd, 0x01, 0xff, 0xfe, 0xcd, 0x01, 0xfe,
  0xfe, 0xcd, 0x01, 0xfe, 0xfe, 0xcd, 0x01, 0xfe, 0xfe, 0xcd, 0x01, 0xfe,
  0xfe, 0xcd, 0x01, 0xfe, 0xfe, 0xcd, 0x01, 0xfe, 0xfe, 0xcd, 0x01, 0xfe,
  0xfe, 0xcd, 0x01, 0xfe, 0xfe, 0xcd, 0x01, 0xfe, 0xfe, 0xcd, 0x01, 0xfe,
  0xfe, 0xcd, 0x01, 0xfe, 0xfe, 0xcd, 0x01, 0xfe, 0xfe, 0xcd, 0x01, 0xfe,
  0xfe, 0xcd, 0x01, 0xfe, 0xfe, 0xcd, 0x01, 0xfe, 0xfe, 0xcd, 0x01, 0xfe,
  0xfe, 0xcd, 0x01, 0xfe, 0xfe, 0xcd, 0x01, 0xfe, 0xfe, 0xcd, 0x01, 0xfe,
  0xfe, 0xcd, 0x01, 0xfe, 0xfe, 0xcd, 0x01, 0xfe, 0xfe, 0xcd, 0x01, 0xfe,
  0xfe, 0xcd, 0x01, 0xfe, 0xfe, 0xcd, 0x01, 0xfe, 0xfe, 0xcd, 0x01, 0xfe,
  0xfe, 0xcd, 0x01, 0xfe, 0xfe, 0xcd, 0x01, 0xfe, 0xfe, 0xcd, 0x01, 0xfe,
  0xfe, 0xcd, 0x01, 0xfe, 0xfe, 0xcd, 0x01, 0xfe, 0xfe, 0xcd, 0x01, 0xfe,
  0xfe, 0xcd, 0x01, 0xfe, 0xfe, 0xcd, 0x01, 0xfe, 0xfe, 0xcd, 0x01, 0xfe,
  0xfe, 0xcd, 0x01, 0xfe, 0xfe, 0xcd, 0x01, 0xfe, 0xfe, 0xcd, 0x01, 0xfe,
  0xfe, 0xcd, 0x01, 0xfe, 0xfe, 0xcd, 0x01, 0xfe, 0xfe, 0xcd, 0x01, 0xfe,
  0xfe, 0xcd, 0x01, 0xfe, 0xfe, 0xcd, 0x01, 0xfe, 0xfe, 0xcd, 0x01, 0xfe,
  0xfe, 0xcd, 0x01, 0xfe, 0xfe, 0xcd, 0x01, 0xfe, 0xfe, 0xcd, 0x01, 0xfe,
  0xfe, 0xcd, 0x01, 0xfe, 0xfe, 0xcd, 0x01, 0xfe, 0xfe, 0xcd, 0x01, 0xfe,
  0xfe, 0xcd, 0x01, 0xfe, 0xfe, 0xcd, 0x01, 0xfe, 0xfe, 0xcd, 0x01, 0xfe,
  0xfe, 0xcd, 0x01, 0xfe, 0xfe, 0xcd, 0x01, 0xfe, 0xfe, 0xcd, 0x01, 0xfe,
  0xfe, 0xcd, 0x01, 0xfe, 0xfe, 0xcd, 0x01, 0xfe, 0xfe, 0xcd, 0x01, 0xfe,
  0xfe, 0xcd, 0x01, 0xfe, 0xfe, 0xcd, 0x01, 0xfe, 0xfe, 0xcd, 0x01, 0xfe,
  0xfe, 0xcd, 0x01, 0xfe, 0xfe, 0xcd, 0x01, 0xfe, 0xfe, 0xcd, 0x01, 0xfe,
  0xfe, 0xcd, 0x01, 0xfe, 0xfe, 0xcd, 0x01, 0xfe, 0xfe, 0xcd, 0x01, 0xfe,
  0xfe, 0xcd, 0x01, 0xfe, 0xfe, 0xcd, 0x01, 0xfe, 0xfe, 0xcd, 0x01, 0xfe,
  0xfe, 0xcd, 0x01, 0xfe, 0xfe, 0xcd, 0x01, 0xfe, 0xfe, 0xcd, 0x01, 0xfe,
  0xfe, 0xcd, 0x01, 0xfe, 0xfe, 0xcd, 0x01, 0xfe, 0xfe, 0xcd, 0x01, 0xfe,
  0xfe, 0xcd, 0x01, 0xfe, 0xfe, 0xcd, 0x01, 0xfe, 0xfe, 0xcd, 0x01, 0xfe,
  0xfe, 0xcd, 0x01, 0xfe, 0xfe, 0xcd, 0x01, 0xfe, 0xfe, 0xcd, 0x01, 0xfe,
  0xfe, 0xcd, 0x01, 0xfe, 0xfe, 0xcd, 0x01, 0xfe, 0xfe, 0xcd, 0x01, 0xfe,
  0xfe, 0xcd, 0x01, 0xfe, 0xfe, 0xcd, 0x01, 0xfe, 0xfe, 0xcd, 0x01, 0xfe,
  0xfe, 0xcd, 0x01, 0xfe, 0xfe, 0xcd, 0x01, 0xfe, 0xfe, 0xcd, 0x01, 0xfe,
  0xfe, 0xcd, 0x01, 0xfe, 0xfe, 0xcd, 0x01, 0xfe, 0xfe, 0xcd, 0x01, 0xfe,
  0xfe, 0xcd, 0x01, 0xfe, 0xfe, 0xcd, 0x01, 0xfe, 0xfe, 0xcd, 0x01, 0xfe,
  0xfe, 0xcd, 0x01, 0xfe, 0xfe, 0xcd, 0x01, 0xfe, 0xfe, 0xcd, 0x01, 0xfe,
  0xfe, 0xcd, 0x01, 0xfe, 0xfe, 0xcd, 0x01, 0xfe, 0xfe, 0xcd, 0x01, 0xfe,
  0xfe, 0xcd, 0x01, 0xfe, 0xfe, 0xcd, 0x01, 0xfe, 0xfe, 0xcd, 0x01, 0xfe,
  0xfe, 0xcd, 0x01, 0xfe, 0xfe, 0xcd, 0x01, 0xfe, 0xfe, 0xcd, 0x01, 0xfe,
  0xfe, 0xcd, 0x01, 0xfe, 0xfe, 0xcd, 0x01, 0xfe, 0xfe, 0xcd, 0x01, 0xfe,
  0xfe, 0xcd, 0x01, 0xfe, 0xfe, 0xcd, 0x01, 0xfe, 0xfe, 0xcd, 0x01, 0xfe,
  0xfe, 0xcd, 0x01, 0xfe, 0xfe, 0xcd, 0x01, 0xfe, 0xfe, 0xcd, 0x01, 0xfe,
  0xfe, 0xcd, 0x01, 0xfe, 0xfe, 0xcd, 0x01, 0xfe, 0xfe, 0xcd, 0x01, 0xfe,
  0xfe, 0xcd, 0x01, 0xfe, 0xfe, 0xcd, 0x01, 0xfe, 0xfe, 0xcd, 0x01, 0xfe,
  0xfe, 0xcd, 0x01, 0xfe, 0xfe, 0xcd, 0x01, 0xfe, 0xfe, 0xcd, 0x01, 0xfe,
  0xfe, 0xcd, 0x01, 0xfe, 0xfe, 0xcd, 0x01, 0xfe, 0xfe, 0xcd, 0x01, 0xfe,
  0xfe, 0xcd, 0x01, 0xfe, 0xfe, 0xcd, 0x01, 0xfe, 0xfe, 0xcd, 0x01, 0xfe,
  0xfe, 0xcd, 0x01, 0xfe, 0xfe, 0xcd, 0x01, 0xfe, 0xfe, 0xcd, 0x01, 0xfe,
  0xfe, 0xcd, 0x01, 0xfe, 0xfe, 0xcd, 0x01, 0xfe, 0xfe, 0xcd, 0x01, 0xfe,
  0xfe, 0xcd, 0x01, 0xfe, 0xfe, 0xcd, 0x01, 0xfe, 0xfe, 0xcd, 0x01, 0xfe,
  0xfe, 0xcd, 0x01, 0xfe, 0xfe, 0xcd, 0x01, 0xfe, 0xfe, 0xcd, 0x01, 0xfe,
  0xfe, 0xcd, 0x01, 0xfe, 0xfe, 0xcd, 0x01, 0xff, 0xfe, 0xcd, 0x01, 0xff,
  0xfe, 0xcd, 0x01, 0xff, 0xfe, 0xcd, 0x01, 0xff, 0xfe, 0xcd, 0x01, 0xff,
  0xfe, 0xcd, 0x01, 0xff, 0xfe, 0xcd, 0x01, 0xff, 0xfe, 0xcd, 0x01, 0xff,
  0xfe, 0xcd, 0x01, 0xff, 0xfe, 0xcd, 0x01, 0xff, 0xfe, 0xcd, 0x01, 0xff,
  0xfe, 0xcd, 0x01, 0xff, 0xfe, 0xcd, 0x01, 0xff, 0xfe, 0xcd, 0x01, 0xff,
  0xfe, 0xcd, 0x01, 0xff, 0xfe, 0xcd, 0x01, 0xff, 0xfe, 0xcd, 0x01, 0xff,
  0xfe, 0xcd, 0x01, 0xff, 0xfe, 0xcd, 0x01, 0xff, 0xfe, 0xcd, 0x01, 0xff,
  0xfe, 0xcd, 0x01, 0xff, 0xfe, 0xcd, 0x01, 0xff, 0xfe, 0xcd, 0x01, 0xff,
  0xfe, 0xcd, 0x01, 0xff, 0xfe, 0xcd, 0x01, 0xff, 0xfe, 0xcd, 0x01, 0xff,
  0xfe, 0xcd, 0x01, 0xff, 0xfe, 0xcd, 0x01, 0xff, 0xfe, 0xcd, 0x01, 0xff,
  0xfe, 0xcd, 0x01, 0xff, 0xfe, 0xcd, 0x01, 0xff, 0xfe, 0xcd, 0x01, 0xff,
  0xfe, 0xcd, 0x01, 0xff, 0xfe, 0xcd, 0x01, 0xff, 0xfe, 0xcd, 0x01, 0xff,
  0xfe, 0xcd, 0x01, 0xff, 0xfe, 0xcd, 0x01, 0xff, 0xfe, 0xcd, 0x01, 0xff,
  0xfe, 0xcd, 0x01, 0xff, 0xfe, 0xcd, 0x01, 0xff, 0xfe, 0xcd, 0x01, 0xff,
  0xfe, 0xcd, 0x01, 0xff, 0xfe, 0xcd, 0x01, 0xff, 0xfe, 0xcd, 0x01, 0xff,
  0xfe, 0xcd, 0x01, 0xff, 0xfe, 0xcd, 0x01, 0xff, 0xfe, 0xcd, 0x01, 0xff,
  0xfe, 0xcd, 0x01, 0xff, 0xfe, 0xcd, 0x01, 0xff, 0xfe, 0xcd, 0x01, 0xff,
  0xfe, 0xcd, 0x01, 0xff, 0xfe, 0xcd, 0x01, 0xff, 0xfe, 0xcd, 0x01, 0xfe,
  0x00, 0x00, 0x00, 0xff, 0x00, 0x00, 0x00, 0xff, 0x00, 0x00, 0x00, 0xff,
  0x00, 0x00, 0x00, 0xff, 0x00, 0x00, 0x00, 0x00, 0x00, 0x00, 0x00, 0x00,
  0x00, 0x00, 0x00, 0x00, 0x00, 0x00, 0x00, 0x00, 0x00, 0x00, 0x00, 0x50,
  0x00, 0x00, 0x00, 0xff, 0x00, 0x00, 0x00, 0xff, 0x00, 0x00, 0x00, 0xff,
  0x00, 0x00, 0x00, 0xff, 0xf7, 0x45, 0x29, 0xff, 0xf7, 0x45, 0x29, 0xff,
  0xf9, 0x47, 0x28, 0xff, 0xf9, 0x47, 0x28, 0xff, 0xf9, 0x47, 0x28, 0xff,
  0xf9, 0x47, 0x28, 0xff, 0xf9, 0x47, 0x28, 0xff, 0xf9, 0x47, 0x28, 0xff,
  0xf9, 0x47, 0x28, 0xff, 0xf9, 0x47, 0x28, 0xff, 0xf9, 0x47, 0x28, 0xff,
  0xf9, 0x47, 0x28, 0xff, 0xf9, 0x47, 0x28, 0xff, 0xf9, 0x47, 0x28, 0xff,
  0xf9, 0x47, 0x28, 0xff, 0xf9, 0x47, 0x28, 0xff, 0xf9, 0x47, 0x28, 0xff,
  0xf9, 0x47, 0x28, 0xff, 0xf9, 0x47, 0x28, 0xff, 0xf9, 0x47, 0x28, 0xff,
  0xf9, 0x47, 0x28, 0xff, 0xf9, 0x47, 0x28, 0xff, 0xf9, 0x47, 0x28, 0xff,
  0xf9, 0x47, 0x28, 0xff, 0xf9, 0x47, 0x28, 0xff, 0xf9, 0x47, 0x28, 0xff,
  0xf9, 0x47, 0x28, 0xff, 0xf9, 0x47, 0x28, 0xff, 0xf9, 0x47, 0x28, 0xff,
  0xf9, 0x47, 0x28, 0xff, 0xf9, 0x47, 0x28, 0xff, 0xf9, 0x47, 0x28, 0xff,
  0xf9, 0x47, 0x28, 0xff, 0xf9, 0x47, 0x28, 0xff, 0xf9, 0x47, 0x28, 0xff,
  0xf9, 0x47, 0x28, 0xff, 0xf9, 0x47, 0x28, 0xff, 0xf9, 0x47, 0x28, 0xff,
  0xf9, 0x47, 0x28, 0xff, 0xf9, 0x47, 0x28, 0xff, 0xf9, 0x47, 0x28, 0xff,
  0xf9, 0x47, 0x28, 0xff, 0xf9, 0x47, 0x28, 0xff, 0xf9, 0x47, 0x28, 0xff,
  0xf9, 0x47, 0x28, 0xff, 0xf9, 0x47, 0x28, 0xff, 0xf9, 0x47, 0x28, 0xff,
  0xf9, 0x47, 0x28, 0xff, 0xf9, 0x47, 0x28, 0xff, 0xf9, 0x47, 0x28, 0xff,
  0xf7, 0x45, 0x29, 0xff, 0xf7, 0x45, 0x29, 0xff, 0xf7, 0x45, 0x29, 0xff,
  0x00, 0x00, 0x00, 0xff, 0x00, 0x00, 0x00, 0xff, 0x00, 0x00, 0x00, 0xff,
  0xcd, 0xaf, 0x30, 0xff, 0xfe, 0xcd, 0x01, 0xff, 0xfe, 0xcd, 0x01, 0xff,
  0xfe, 0xcd, 0x01, 0xff, 0xfe, 0xcd, 0x01, 0xfe, 0xfe, 0xcd, 0x01, 0xfe,
  0xfe, 0xcd, 0x01, 0xfe, 0xfe, 0xcd, 0x01, 0xfe, 0xfe, 0xcd, 0x01, 0xfe,
  0xfe, 0xcd, 0x01, 0xfe, 0xfe, 0xcd, 0x01, 0xfe, 0xfe, 0xcd, 0x01, 0xfe,
  0xfe, 0xcd, 0x01, 0xfe, 0xfe, 0xcd, 0x01, 0xfe, 0xfe, 0xcd, 0x01, 0xfe,
  0xfe, 0xcd, 0x01, 0xfe, 0xfe, 0xcd, 0x01, 0xfe, 0xfe, 0xcd, 0x01, 0xfe,
  0xfe, 0xcd, 0x01, 0xfe, 0xfe, 0xcd, 0x01, 0xfe, 0xfe, 0xcd, 0x01, 0xfe,
  0xfe, 0xcd, 0x01, 0xfe, 0xfe, 0xcd, 0x01, 0xfe, 0xfe, 0xcd, 0x01, 0xfe,
  0xfe, 0xcd, 0x01, 0xfe, 0xfe, 0xcd, 0x01, 0xfe, 0xfe, 0xcd, 0x01, 0xfe,
  0xfe, 0xcd, 0x01, 0xfe, 0xfe, 0xcd, 0x01, 0xfe, 0xfe, 0xcd, 0x01, 0xfe,
  0xfe, 0xcd, 0x01, 0xfe, 0xfe, 0xcd, 0x01, 0xfe, 0xfe, 0xcd, 0x01, 0xfe,
  0xfe, 0xcd, 0x01, 0xfe, 0xfe, 0xcd, 0x01, 0xfe, 0xfe, 0xcd, 0x01, 0xfe,
  0xfe, 0xcd, 0x01, 0xfe, 0xfe, 0xcd, 0x01, 0xfe, 0xfe, 0xcd, 0x01, 0xfe,
  0xfe, 0xcd, 0x01, 0xfe, 0xfe, 0xcd, 0x01, 0xfe, 0xfe, 0xcd, 0x01, 0xfe,
  0xfe, 0xcd, 0x01, 0xfe, 0xfe, 0xcd, 0x01, 0xfe, 0xfe, 0xcd, 0x01, 0xfe,
  0xfe, 0xcd, 0x01, 0xfe, 0xfe, 0xcd, 0x01, 0xfe, 0xfe, 0xcd, 0x01, 0xfe,
  0xfe, 0xcd, 0x01, 0xfe, 0xfe, 0xcd, 0x01, 0xfe, 0xfe, 0xcd, 0x01, 0xfe,
  0xfe, 0xcd, 0x01, 0xfe, 0xfe, 0xcd, 0x01, 0xfe, 0xfe, 0xcd, 0x01, 0xfe,
  0xfe, 0xcd, 0x01, 0xfe, 0xfe, 0xcd, 0x01, 0xfe, 0xfe, 0xcd, 0x01, 0xfe,
  0xfe, 0xcd, 0x01, 0xfe, 0xfe, 0xcd, 0x01, 0xfe, 0xfe, 0xcd, 0x01, 0xfe,
  0xfe, 0xcd, 0x01, 0xfe, 0xfe, 0xcd, 0x01, 0xfe, 0xfe, 0xcd, 0x01, 0xfe,
  0xfe, 0xcd, 0x01, 0xfe, 0xfe, 0xcd, 0x01, 0xfe, 0xfe, 0xcd, 0x01, 0xfe,
  0xfe, 0xcd, 0x01, 0xfe, 0xfe, 0xcd, 0x01, 0xfe, 0xfe, 0xcd, 0x01, 0xfe,
  0xfe, 0xcd, 0x01, 0xfe, 0xfe, 0xcd, 0x01, 0xfe, 0xfe, 0xcd, 0x01, 0xfe,
  0xfe, 0xcd, 0x01, 0xfe, 0xfe, 0xcd, 0x01, 0xfe, 0xfe, 0xcd, 0x01, 0xfe,
  0xfe, 0xcd, 0x01, 0xfe, 0xfe, 0xcd, 0x01, 0xfe, 0xfe, 0xcd, 0x01, 0xfe,
  0xfe, 0xcd, 0x01, 0xfe, 0xfe, 0xcd, 0x01, 0xfe, 0xfe, 0xcd, 0x01, 0xfe,
  0xfe, 0xcd, 0x01, 0xfe, 0xfe, 0xcd, 0x01, 0xfe, 0xfe, 0xcd, 0x01, 0xfe,
  0xfe, 0xcd, 0x01, 0xfe, 0xfe, 0xcd, 0x01, 0xfe, 0xfe, 0xcd, 0x01, 0xfe,
  0xfe, 0xcd, 0x01, 0xfe, 0xfe, 0xcd, 0x01, 0xfe, 0xfe, 0xcd, 0x01, 0xfe,
  0xfe, 0xcd, 0x01, 0xfe, 0xfe, 0xcd, 0x01, 0xfe, 0xfe, 0xcd, 0x01, 0xfe,
  0xfe, 0xcd, 0x01, 0xfe, 0xfe, 0xcd, 0x01, 0xfe, 0xfe, 0xcd, 0x01, 0xfe,
  0xfe, 0xcd, 0x01, 0xfe, 0xfe, 0xcd, 0x01, 0xfe, 0xfe, 0xcd, 0x01, 0xfe,
  0xfe, 0xcd, 0x01, 0xfe, 0xfe, 0xcd, 0x01, 0xfe, 0xfe, 0xcd, 0x01, 0xfe,
  0xfe, 0xcd, 0x01, 0xfe, 0xfe, 0xcd, 0x01, 0xfe, 0xfe, 0xcd, 0x01, 0xfe,
  0xfe, 0xcd, 0x01, 0xfe, 0xfe, 0xcd, 0x01, 0xfe, 0xfe, 0xcd, 0x01, 0xfe,
  0xfe, 0xcd, 0x01, 0xfe, 0xfe, 0xcd, 0x01, 0xfe, 0xfe, 0xcd, 0x01, 0xfe,
  0xfe, 0xcd, 0x01, 0xfe, 0xfe, 0xcd, 0x01, 0xfe, 0xfe, 0xcd, 0x01, 0xfe,
  0xfe, 0xcd, 0x01, 0xfe, 0xfe, 0xcd, 0x01, 0xfe, 0xfe, 0xcd, 0x01, 0xfe,
  0xfe, 0xcd, 0x01, 0xfe, 0xfe, 0xcd, 0x01, 0xfe, 0xfe, 0xcd, 0x01, 0xfe,
  0xfe, 0xcd, 0x01, 0xfe, 0xfe, 0xcd, 0x01, 0xfe, 0xfe, 0xcd, 0x01, 0xfe,
  0xfe, 0xcd, 0x01, 0xfe, 0xfe, 0xcd, 0x01, 0xfe, 0xfe, 0xcd, 0x01, 0xfe,
  0xfe, 0xcd, 0x01, 0xfe, 0xfe, 0xcd, 0x01, 0xfe, 0xfe, 0xcd, 0x01, 0xfe,
  0xfe, 0xcd, 0x01, 0xfe, 0xfe, 0xcd, 0x01, 0xfe, 0xfe, 0xcd, 0x01, 0xfe,
  0xfe, 0xcd, 0x01, 0xfe, 0xfe, 0xcd, 0x01, 0xfe, 0xfe, 0xcd, 0x01, 0xfe,
  0xfe, 0xcd, 0x01, 0xfe, 0xfe, 0xcd, 0x01, 0xfe, 0xfe, 0xcd, 0x01, 0xfe,
  0xfe, 0xcd, 0x01, 0xfe, 0xfe, 0xcd, 0x01, 0xfe, 0xfe, 0xcd, 0x01, 0xfe,
  0xfe, 0xcd, 0x01, 0xfe, 0xfe, 0xcd, 0x01, 0xfe, 0xfe, 0xcd, 0x01, 0xfe,
  0xfe, 0xcd, 0x01, 0xfe, 0xfe, 0xcd, 0x01, 0xfe, 0xfe, 0xcd, 0x01, 0xfe,
  0xfe, 0xcd, 0x01, 0xfe, 0xfe, 0xcd, 0x01, 0xfe, 0xfe, 0xcd, 0x01, 0xfe,
  0xfe, 0xcd, 0x01, 0xff, 0xfe, 0xcd, 0x01, 0xff, 0xfe, 0xcd, 0x01, 0xff,
  0xfe, 0xcd, 0x01, 0xff, 0xfe, 0xcd, 0x01, 0xff, 0xfe, 0xcd, 0x01, 0xff,
  0xfe, 0xcd, 0x01, 0xff, 0xfe, 0xcd, 0x01, 0xff, 0xfe, 0xcd, 0x01, 0xff,
  0xfe, 0xcd, 0x01, 0xff, 0xfe, 0xcd, 0x01, 0xff, 0xfe, 0xcd, 0x01, 0xff,
  0xfe, 0xcd, 0x01, 0xff, 0xfe, 0xcd, 0x01, 0xff, 0xfe, 0xcd, 0x01, 0xff,
  0xfe, 0xcd, 0x01, 0xff, 0xfe, 0xcd, 0x01, 0xff, 0xfe, 0xcd, 0x01, 0xff,
  0xfe, 0xcd, 0x01, 0xff, 0xfe, 0xcd, 0x01, 0xff, 0xfe, 0xcd, 0x01, 0xff,
  0xfe, 0xcd, 0x01, 0xff, 0xfe, 0xcd, 0x01, 0xff, 0xfe, 0xcd, 0x01, 0xff,
  0xfe, 0xcd, 0x01, 0xff, 0xfe, 0xcd, 0x01, 0xff, 0xfe, 0xcd, 0x01, 0xff,
  0xfe, 0xcd, 0x01, 0xff, 0xfe, 0xcd, 0x01, 0xff, 0xfe, 0xcd, 0x01, 0xff,
  0xfe, 0xcd, 0x01, 0xff, 0xfe, 0xcd, 0x01, 0xff, 0xfe, 0xcd, 0x01, 0xff,
  0xfe, 0xcd, 0x01, 0xff, 0xfe, 0xcd, 0x01, 0xff, 0xfe, 0xcd, 0x01, 0xff,
  0xfe, 0xcd, 0x01, 0xff, 0xfe, 0xcd, 0x01, 0xff, 0xfe, 0xcd, 0x01, 0xff,
  0xfe, 0xcd, 0x01, 0xff, 0xfe, 0xcd, 0x01, 0xff, 0xfe, 0xcd, 0x01, 0xff,
  0xfe, 0xcd, 0x01, 0xff, 0xfe, 0xcd, 0x01, 0xff, 0xfe, 0xcd, 0x01, 0xff,
  0xfe, 0xcd, 0x01, 0xff, 0xfe, 0xcd, 0x01, 0xff, 0xfe, 0xcd, 0x01, 0xff,
  0xfe, 0xcd, 0x01, 0xff, 0xfe, 0xcd, 0x01, 0xff, 0xfe, 0xcd, 0x01, 0xff,
  0xfe, 0xcd, 0x01, 0xff, 0xdf, 0xbe, 0x40, 0xe7, 0x00, 0x00, 0x00, 0xff,
  0x00, 0x00, 0x00, 0xff, 0x00, 0x00, 0x00, 0xff, 0x00, 0x00, 0x00, 0xe0,
  0x00, 0x00, 0x00, 0x00, 0x00, 0x00, 0x00, 0x00, 0x00, 0x00, 0x00, 0x00,
  0x00, 0x00, 0x00, 0x00, 0x00, 0x00, 0x00, 0x40, 0x00, 0x00, 0x00, 0xff,
  0x00, 0x00, 0x00, 0xff, 0x08, 0x04, 0x00, 0xff, 0x08, 0x04, 0x00, 0xff,
  0xa7, 0x32, 0x1b, 0xff, 0xf7, 0x49, 0x29, 0xff, 0xf9, 0x47, 0x28, 0xff,
  0xf9, 0x47, 0x28, 0xff, 0xf9, 0x47, 0x28, 0xff, 0xf9, 0x47, 0x28, 0xff,
  0xf9, 0x47, 0x28, 0xff, 0xf9, 0x47, 0x28, 0xff, 0xf9, 0x47, 0x28, 0xff,
  0xf9, 0x47, 0x28, 0xff, 0xf9, 0x47, 0x28, 0xff, 0xf9, 0x47, 0x28, 0xff,
  0xf9, 0x47, 0x28, 0xff, 0xf9, 0x47, 0x28, 0xff, 0xf9, 0x47, 0x28, 0xff,
  0xf9, 0x47, 0x28, 0xff, 0xf9, 0x47, 0x28, 0xff, 0xf9, 0x47, 0x28, 0xff,
  0xf9, 0x47, 0x28, 0xff, 0xf9, 0x47, 0x28, 0xff, 0xf9, 0x47, 0x28, 0xff,
  0xf9, 0x47, 0x28, 0xff, 0xf9, 0x47, 0x28, 0xff, 0xf9, 0x47, 0x28, 0xff,
  0xf9, 0x47, 0x28, 0xff, 0xf9, 0x47, 0x28, 0xff, 0xf9, 0x47, 0x28, 0xff,
  0xf9, 0x47, 0x28, 0xff, 0xf9, 0x47, 0x28, 0xff, 0xf9, 0x47, 0x28, 0xff,
  0xf9, 0x47, 0x28, 0xff, 0xf9, 0x47, 0x28, 0xff, 0xf9, 0x47, 0x28, 0xff,
  0xf9, 0x47, 0x28, 0xff, 0xf9, 0x47, 0x28, 0xff, 0xf9, 0x47, 0x28, 0xff,
  0xf9, 0x47, 0x28, 0xff, 0xf9, 0x47, 0x28, 0xff, 0xf9, 0x47, 0x28, 0xff,
  0xf9, 0x47, 0x28, 0xff, 0xf9, 0x47, 0x28, 0xff, 0xf9, 0x47, 0x28, 0xff,
  0xf9, 0x47, 0x28, 0xff, 0xf9, 0x47, 0x28, 0xff, 0xf9, 0x47, 0x28, 0xff,
  0xf9, 0x47, 0x28, 0xff, 0xf9, 0x47, 0x28, 0xff, 0xf9, 0x47, 0x28, 0xff,
  0xf9, 0x47, 0x28, 0xff, 0xf9, 0x47, 0x28, 0xff, 0xf7, 0x45, 0x29, 0xff,
  0xf7, 0x45, 0x29, 0xff, 0xa4, 0x2e, 0x1b, 0xff, 0x00, 0x00, 0x00, 0xff,
  0x00, 0x00, 0x00, 0xff, 0x00, 0x00, 0x00, 0xff, 0xed, 0xc6, 0x29, 0xff,
  0xfe, 0xcd, 0x01, 0xff, 0xfe, 0xcd, 0x01, 0xff, 0xfe, 0xcd, 0x01, 0xff,
  0xfe, 0xcd, 0x01, 0xfe, 0xfe, 0xcd, 0x01, 0xfe, 0xfe, 0xcd, 0x01, 0xfe,
  0xfe, 0xcd, 0x01, 0xfe, 0xfe, 0xcd, 0x01, 0xfe, 0xfe, 0xcd, 0x01, 0xfe,
  0xfe, 0xcd, 0x01, 0xfe, 0xfe, 0xcd, 0x01, 0xfe, 0xfe, 0xcd, 0x01, 0xfe,
  0xfe, 0xcd, 0x01, 0xfe, 0xfe, 0xcd, 0x01, 0xfe, 0xfe, 0xcd, 0x01, 0xfe,
  0xfe, 0xcd, 0x01, 0xfe, 0xfe, 0xcd, 0x01, 0xfe, 0xfe, 0xcd, 0x01, 0xfe,
  0xfe, 0xcd, 0x01, 0xfe, 0xfe, 0xcd, 0x01, 0xfe, 0xfe, 0xcd, 0x01, 0xfe,
  0xfe, 0xcd, 0x01, 0xfe, 0xfe, 0xcd, 0x01, 0xfe, 0xfe, 0xcd, 0x01, 0xfe,
  0xfe, 0xcd, 0x01, 0xfe, 0xfe, 0xcd, 0x01, 0xfe, 0xfe, 0xcd, 0x01, 0xfe,
  0xfe, 0xcd, 0x01, 0xfe, 0xfe, 0xcd, 0x01, 0xfe, 0xfe, 0xcd, 0x01, 0xfe,
  0xfe, 0xcd, 0x01, 0xfe, 0xfe, 0xcd, 0x01, 0xfe, 0xfe, 0xcd, 0x01, 0xfe,
  0xfe, 0xcd, 0x01, 0xfe, 0xfe, 0xcd, 0x01, 0xfe, 0xfe, 0xcd, 0x01, 0xfe,
  0xfe, 0xcd, 0x01, 0xfe, 0xfe, 0xcd, 0x01, 0xfe, 0xfe, 0xcd, 0x01, 0xfe,
  0xfe, 0xcd, 0x01, 0xfe, 0xfe, 0xcd, 0x01, 0xfe, 0xfe, 0xcd, 0x01, 0xfe,
  0xfe, 0xcd, 0x01, 0xfe, 0xfe, 0xcd, 0x01, 0xfe, 0xfe, 0xcd, 0x01, 0xfe,
  0xfe, 0xcd, 0x01, 0xfe, 0xfe, 0xcd, 0x01, 0xfe, 0xfe, 0xcd, 0x01, 0xfe,
  0xfe, 0xcd, 0x01, 0xfe, 0xfe, 0xcd, 0x01, 0xfe, 0xfe, 0xcd, 0x01, 0xfe,
  0xfe, 0xcd, 0x01, 0xfe, 0xfe, 0xcd, 0x01, 0xfe, 0xfe, 0xcd, 0x01, 0xfe,
  0xfe, 0xcd, 0x01, 0xfe, 0xfe, 0xcd, 0x01, 0xfe, 0xfe, 0xcd, 0x01, 0xfe,
  0xfe, 0xcd, 0x01, 0xfe, 0xfe, 0xcd, 0x01, 0xfe, 0xfe, 0xcd, 0x01, 0xfe,
  0xfe, 0xcd, 0x01, 0xfe, 0xfe, 0xcd, 0x01, 0xfe, 0xfe, 0xcd, 0x01, 0xfe,
  0xfe, 0xcd, 0x01, 0xfe, 0xfe, 0xcd, 0x01, 0xfe, 0xfe, 0xcd, 0x01, 0xfe,
  0xfe, 0xcd, 0x01, 0xfe, 0xfe, 0xcd, 0x01, 0xfe, 0xfe, 0xcd, 0x01, 0xfe,
  0xfe, 0xcd, 0x01, 0xfe, 0xfe, 0xcd, 0x01, 0xfe, 0xfe, 0xcd, 0x01, 0xfe,
  0xfe, 0xcd, 0x01, 0xfe, 0xfe, 0xcd, 0x01, 0xfe, 0xfe, 0xcd, 0x01, 0xfe,
  0xfe, 0xcd, 0x01, 0xfe, 0xfe, 0xcd, 0x01, 0xfe, 0xfe, 0xcd, 0x01, 0xfe,
  0xfe, 0xcd, 0x01, 0xfe, 0xfe, 0xcd, 0x01, 0xfe, 0xfe, 0xcd, 0x01, 0xfe,
  0xfe, 0xcd, 0x01, 0xfe, 0xfe, 0xcd, 0x01, 0xfe, 0xfe, 0xcd, 0x01, 0xfe,
  0xfe, 0xcd, 0x01, 0xfe, 0xfe, 0xcd, 0x01, 0xfe, 0xfe, 0xcd, 0x01, 0xfe,
  0xfe, 0xcd, 0x01, 0xfe, 0xfe, 0xcd, 0x01, 0xfe, 0xfe, 0xcd, 0x01, 0xfe,
  0xfe, 0xcd, 0x01, 0xfe, 0xfe, 0xcd, 0x01, 0xfe, 0xfe, 0xcd, 0x01, 0xfe,
  0xfe, 0xcd, 0x01, 0xfe, 0xfe, 0xcd, 0x01, 0xfe, 0xfe, 0xcd, 0x01, 0xfe,
  0xfe, 0xcd, 0x01, 0xfe, 0xfe, 0xcd, 0x01, 0xfe, 0xfe, 0xcd, 0x01, 0xfe,
  0xfe, 0xcd, 0x01, 0xfe, 0xfe, 0xcd, 0x01, 0xfe, 0xfe, 0xcd, 0x01, 0xfe,
  0xfe, 0xcd, 0x01, 0xfe, 0xfe, 0xcd, 0x01, 0xfe, 0xfe, 0xcd, 0x01, 0xfe,
  0xfe, 0xcd, 0x01, 0xfe, 0xfe, 0xcd, 0x01, 0xfe, 0xfe, 0xcd, 0x01, 0xfe,
  0xfe, 0xcd, 0x01, 0xfe, 0xfe, 0xcd, 0x01, 0xfe, 0xfe, 0xcd, 0x01, 0xfe,
  0xfe, 0xcd, 0x01, 0xfe, 0xfe, 0xcd, 0x01, 0xfe, 0xfe, 0xcd, 0x01, 0xfe,
  0xfe, 0xcd, 0x01, 0xfe, 0xfe, 0xcd, 0x01, 0xfe, 0xfe, 0xcd, 0x01, 0xfe,
  0xfe, 0xcd, 0x01, 0xfe, 0xfe, 0xcd, 0x01, 0xfe, 0xfe, 0xcd, 0x01, 0xfe,
  0xfe, 0xcd, 0x01, 0xfe, 0xfe, 0xcd, 0x01, 0xfe, 0xfe, 0xcd, 0x01, 0xfe,
  0xfe, 0xcd, 0x01, 0xfe, 0xfe, 0xcd, 0x01, 0xfe, 0xfe, 0xcd, 0x01, 0xfe,
  0xfe, 0xcd, 0x01, 0xfe, 0xfe, 0xcd, 0x01, 0xfe, 0xfe, 0xcd, 0x01, 0xfe,
  0xfe, 0xcd, 0x01, 0xfe, 0xfe, 0xcd, 0x01, 0xfe, 0xfe, 0xcd, 0x01, 0xfe,
  0xfe, 0xcd, 0x01, 0xfe, 0xfe, 0xcd, 0x01, 0xfe, 0xfe, 0xcd, 0x01, 0xfe,
  0xfe, 0xcd, 0x01, 0xfe, 0xfe, 0xcd, 0x01, 0xfe, 0xfe, 0xcd, 0x01, 0xfe,
  0xfe, 0xcd, 0x01, 0xfe, 0xfe, 0xcd, 0x01, 0xfe, 0xfe, 0xcd, 0x01, 0xfe,
  0xfe, 0xcd, 0x01, 0xfe, 0xfe, 0xcd, 0x01, 0xfe, 0xfe, 0xcd, 0x01, 0xfe,
  0xfe, 0xcd, 0x01, 0xfe, 0xfe, 0xcd, 0x01, 0xfe, 0xfe, 0xcd, 0x01, 0xfe,
  0xfe, 0xcd, 0x01, 0xfe, 0xfe, 0xcd, 0x01, 0xfe, 0xfe, 0xcd, 0x01, 0xff,
  0xfe, 0xcd, 0x01, 0xff, 0xfe, 0xcd, 0x01, 0xff, 0xfe, 0xcd, 0x01, 0xff,
  0xfe, 0xcd, 0x01, 0xff, 0xfe, 0xcd, 0x01, 0xff, 0xfe, 0xcd, 0x01, 0xff,
  0xfe, 0xcd, 0x01, 0xff, 0xfe, 0xcd, 0x01, 0xff, 0xfe, 0xcd, 0x01, 0xff,
  0xfe, 0xcd, 0x01, 0xff, 0xfe, 0xcd, 0x01, 0xff, 0xfe, 0xcd, 0x01, 0xff,
  0xfe, 0xcd, 0x01, 0xff, 0xfe, 0xcd, 0x01, 0xff, 0xfe, 0xcd, 0x01, 0xff,
  0xfe, 0xcd, 0x01, 0xff, 0xfe, 0xcd, 0x01, 0xff, 0xfe, 0xcd, 0x01, 0xff,
  0xfe, 0xcd, 0x01, 0xff, 0xfe, 0xcd, 0x01, 0xff, 0xfe, 0xcd, 0x01, 0xff,
  0xfe, 0xcd, 0x01, 0xff, 0xfe, 0xcd, 0x01, 0xff, 0xfe, 0xcd, 0x01, 0xff,
  0xfe, 0xcd, 0x01, 0xff, 0xfe, 0xcd, 0x01, 0xff, 0xfe, 0xcd, 0x01, 0xff,
  0xfe, 0xcd, 0x01, 0xff, 0xfe, 0xcd, 0x01, 0xff, 0xfe, 0xcd, 0x01, 0xff,
  0xfe, 0xcd, 0x01, 0xff, 0xfe, 0xcd, 0x01, 0xff, 0xfe, 0xcd, 0x01, 0xff,
  0xfe, 0xcd, 0x01, 0xff, 0xfe, 0xcd, 0x01, 0xff, 0xfe, 0xcd, 0x01, 0xff,
  0xfe, 0xcd, 0x01, 0xff, 0xfe, 0xcd, 0x01, 0xff, 0xfe, 0xcd, 0x01, 0xff,
  0xfe, 0xcd, 0x01, 0xff, 0xfe, 0xcd, 0x01, 0xff, 0xfe, 0xcd, 0x01, 0xff,
  0xfe, 0xcd, 0x01, 0xff, 0xfe, 0xcd, 0x01, 0xff, 0xfe, 0xcd, 0x01, 0xff,
  0xfe, 0xcd, 0x01, 0xff, 0xfe, 0xcd, 0x01, 0xff, 0xfe, 0xcd, 0x01, 0xff,
  0xfe, 0xcd, 0x01, 0xff, 0xfe, 0xcd, 0x01, 0xff, 0xfe, 0xcd, 0x01, 0xff,
  0xd0, 0xb1, 0x33, 0xeb, 0x00, 0x00, 0x00, 0xff, 0x00, 0x00, 0x00, 0xff,
  0x00, 0x00, 0x00, 0xff, 0x00, 0x00, 0x00, 0xc0, 0x00, 0x00, 0x00, 0x00,
  0x00, 0x00, 0x00, 0x00, 0x00, 0x00, 0x00, 0x00, 0x00, 0x00, 0x00, 0x00,
  0x00, 0x00, 0x00, 0x00, 0x00, 0x00, 0x00, 0xff, 0x00, 0x00, 0x00, 0xff,
  0x08, 0x04, 0x00, 0xff, 0x08, 0x04, 0x00, 0xff, 0xa7, 0x32, 0x1b, 0xff,
  0xf7, 0x49, 0x29, 0xff, 0xf9, 0x47, 0x28, 0xff, 0xf9, 0x47, 0x28, 0xff,
  0xf9, 0x47, 0x28, 0xff, 0xf9, 0x47, 0x28, 0xff, 0xf9, 0x47, 0x28, 0xff,
  0xf9, 0x47, 0x28, 0xff, 0xf9, 0x47, 0x28, 0xff, 0xf9, 0x47, 0x28, 0xff,
  0xf9, 0x47, 0x28, 0xff, 0xf9, 0x47, 0x28, 0xff, 0xf9, 0x47, 0x28, 0xff,
  0xf9, 0x47, 0x28, 0xff, 0xf9, 0x47, 0x28, 0xff, 0xf9, 0x47, 0x28, 0xff,
  0xf9, 0x47, 0x28, 0xff, 0xf9, 0x47, 0x28, 0xff, 0xf9, 0x47, 0x28, 0xff,
  0xf9, 0x47, 0x28, 0xff, 0xf9, 0x47, 0x28, 0xff, 0xf9, 0x47, 0x28, 0xff,
  0xf9, 0x47, 0x28, 0xff, 0xf9, 0x47, 0x28, 0xff, 0xf9, 0x47, 0x28, 0xff,
  0xf9, 0x47, 0x28, 0xff, 0xf9, 0x47, 0x28, 0xff, 0xf9, 0x47, 0x28, 0xff,
  0xf9, 0x47, 0x28, 0xff, 0xf9, 0x47, 0x28, 0xff, 0xf9, 0x47, 0x28, 0xff,
  0xf9, 0x47, 0x28, 0xff, 0xf9, 0x47, 0x28, 0xff, 0xf9, 0x47, 0x28, 0xff,
  0xf9, 0x47, 0x28, 0xff, 0xf9, 0x47, 0x28, 0xff, 0xf9, 0x47, 0x28, 0xff,
  0xf9, 0x47, 0x28, 0xff, 0xf9, 0x47, 0x28, 0xff, 0xf9, 0x47, 0x28, 0xff,
  0xf9, 0x47, 0x28, 0xff, 0xf9, 0x47, 0x28, 0xff, 0xf9, 0x47, 0x28, 0xff,
  0xf9, 0x47, 0x28, 0xff, 0xf9, 0x47, 0x28, 0xff, 0xf8, 0x48, 0x28, 0xff,
  0xf9, 0x47, 0x28, 0xff, 0xf9, 0x47, 0x28, 0xff, 0xf9, 0x47, 0x28, 0xff,
  0xf9, 0x47, 0x28, 0xff, 0xf7, 0x45, 0x29, 0xff, 0xf7, 0x45, 0x29, 0xff,
  0xa4, 0x2e, 0x1b, 0xff, 0x00, 0x00, 0x00, 0xff, 0x00, 0x00, 0x00, 0xff,
  0x00, 0x00, 0x00, 0xff, 0xfe, 0xcc, 0x01, 0xff, 0xfe, 0xcd, 0x01, 0xff,
  0xfe, 0xcd, 0x01, 0xff, 0xfe, 0xcd, 0x01, 0xff, 0xfe, 0xcd, 0x01, 0xfe,
  0xfe, 0xcd, 0x01, 0xfe, 0xfe, 0xcd, 0x01, 0xfe, 0xfe, 0xcd, 0x01, 0xfe,
  0xfe, 0xcd, 0x01, 0xfe, 0xfe, 0xcd, 0x01, 0xfe, 0xfe, 0xcd, 0x01, 0xfe,
  0xfe, 0xcd, 0x01, 0xfe, 0xfe, 0xcd, 0x01, 0xfe, 0xfe, 0xcd, 0x01, 0xfe,
  0xfe, 0xcd, 0x01, 0xfe, 0xfe, 0xcd, 0x01, 0xfe, 0xfe, 0xcd, 0x01, 0xfe,
  0xfe, 0xcd, 0x01, 0xfe, 0xfe, 0xcd, 0x01, 0xfe, 0xfe, 0xcd, 0x01, 0xfe,
  0xfe, 0xcd, 0x01, 0xfe, 0xfe, 0xcd, 0x01, 0xfe, 0xfe, 0xcd, 0x01, 0xfe,
  0xfe, 0xcd, 0x01, 0xfe, 0xfe, 0xcd, 0x01, 0xfe, 0xfe, 0xcd, 0x01, 0xfe,
  0xfe, 0xcd, 0x01, 0xfe, 0xfe, 0xcd, 0x01, 0xfe, 0xfe, 0xcd, 0x01, 0xfe,
  0xfe, 0xcd, 0x01, 0xfe, 0xfe, 0xcd, 0x01, 0xfe, 0xfe, 0xcd, 0x01, 0xfe,
  0xfe, 0xcd, 0x01, 0xfe, 0xfe, 0xcd, 0x01, 0xfe, 0xfe, 0xcd, 0x01, 0xfe,
  0xfe, 0xcd, 0x01, 0xfe, 0xfe, 0xcd, 0x01, 0xfe, 0xfe, 0xcd, 0x01, 0xfe,
  0xfe, 0xcd, 0x01, 0xfe, 0xfe, 0xcd, 0x01, 0xfe, 0xfe, 0xcd, 0x01, 0xfe,
  0xfe, 0xcd, 0x01, 0xfe, 0xfe, 0xcd, 0x01, 0xfe, 0xfe, 0xcd, 0x01, 0xfe,
  0xfe, 0xcd, 0x01, 0xfe, 0xfe, 0xcd, 0x01, 0xfe, 0xfe, 0xcd, 0x01, 0xfe,
  0xfe, 0xcd, 0x01, 0xfe, 0xfe, 0xcd, 0x01, 0xfe, 0xfe, 0xcd, 0x01, 0xfe,
  0xfe, 0xcd, 0x01, 0xfe, 0xfe, 0xcd, 0x01, 0xfe, 0xfe, 0xcd, 0x01, 0xfe,
  0xfe, 0xcd, 0x01, 0xfe, 0xfe, 0xcd, 0x01, 0xfe, 0xfe, 0xcd, 0x01, 0xfe,
  0xfe, 0xcd, 0x01, 0xfe, 0xfe, 0xcd, 0x01, 0xfe, 0xfe, 0xcd, 0x01, 0xfe,
  0xfe, 0xcd, 0x01, 0xfe, 0xfe, 0xcd, 0x01, 0xfe, 0xfe, 0xcd, 0x01, 0xfe,
  0xfe, 0xcd, 0x01, 0xfe, 0xfe, 0xcd, 0x01, 0xfe, 0xfe, 0xcd, 0x01, 0xfe,
  0xfe, 0xcd, 0x01, 0xfe, 0xfe, 0xcd, 0x01, 0xfe, 0xfe, 0xcd, 0x01, 0xfe,
  0xfe, 0xcd, 0x01, 0xfe, 0xfe, 0xcd, 0x01, 0xfe, 0xfe, 0xcd, 0x01, 0xfe,
  0xfe, 0xcd, 0x01, 0xfe, 0xfe, 0xcd, 0x01, 0xfe, 0xfe, 0xcd, 0x01, 0xfe,
  0xfe, 0xcd, 0x01, 0xfe, 0xfe, 0xcd, 0x01, 0xfe, 0xfe, 0xcd, 0x01, 0xfe,
  0xfe, 0xcd, 0x01, 0xfe, 0xfe, 0xcd, 0x01, 0xfe, 0xfe, 0xcd, 0x01, 0xfe,
  0xfe, 0xcd, 0x01, 0xfe, 0xfe, 0xcd, 0x01, 0xfe, 0xfe, 0xcd, 0x01, 0xfe,
  0xfe, 0xcd, 0x01, 0xfe, 0xfe, 0xcd, 0x01, 0xfe, 0xfe, 0xcd, 0x01, 0xfe,
  0xfe, 0xcd, 0x01, 0xfe, 0xfe, 0xcd, 0x01, 0xfe, 0xfe, 0xcd, 0x01, 0xfe,
  0xfe, 0xcd, 0x01, 0xfe, 0xfe, 0xcd, 0x01, 0xfe, 0xfe, 0xcd, 0x01, 0xfe,
  0xfe, 0xcd, 0x01, 0xfe, 0xfe, 0xcd, 0x01, 0xfe, 0xfe, 0xcd, 0x01, 0xfe,
  0xfe, 0xcd, 0x01, 0xfe, 0xfe, 0xcd, 0x01, 0xfe, 0xfe, 0xcd, 0x01, 0xfe,
  0xfe, 0xcd, 0x01, 0xfe, 0xfe, 0xcd, 0x01, 0xfe, 0xfe, 0xcd, 0x01, 0xfe,
  0xfe, 0xcd, 0x01, 0xfe, 0xfe, 0xcd, 0x01, 0xfe, 0xfe, 0xcd, 0x01, 0xfe,
  0xfe, 0xcd, 0x01, 0xfe, 0xfe, 0xcd, 0x01, 0xfe, 0xfe, 0xcd, 0x01, 0xfe,
  0xfe, 0xcd, 0x01, 0xfe, 0xfe, 0xcd, 0x01, 0xfe, 0xfe, 0xcd, 0x01, 0xfe,
  0xfe, 0xcd, 0x01, 0xfe, 0xfe, 0xcd, 0x01, 0xfe, 0xfe, 0xcd, 0x01, 0xfe,
  0xfe, 0xcd, 0x01, 0xfe, 0xfe, 0xcd, 0x01, 0xfe, 0xfe, 0xcd, 0x01, 0xfe,
  0xfe, 0xcd, 0x01, 0xfe, 0xfe, 0xcd, 0x01, 0xfe, 0xfe, 0xcd, 0x01, 0xfe,
  0xfe, 0xcd, 0x01, 0xfe, 0xfe, 0xcd, 0x01, 0xfe, 0xfe, 0xcd, 0x01, 0xfe,
  0xfe, 0xcd, 0x01, 0xfe, 0xfe, 0xcd, 0x01, 0xfe, 0xfe, 0xcd, 0x01, 0xfe,
  0xfe, 0xcd, 0x01, 0xfe, 0xfe, 0xcd, 0x01, 0xfe, 0xfe, 0xcd, 0x01, 0xfe,
  0xfe, 0xcd, 0x01, 0xfe, 0xfe, 0xcd, 0x01, 0xfe, 0xfe, 0xcd, 0x01, 0xfe,
  0xfe, 0xcd, 0x01, 0xfe, 0xfe, 0xcd, 0x01, 0xfe, 0xfe, 0xcd, 0x01, 0xfe,
  0xfe, 0xcd, 0x01, 0xfe, 0xfe, 0xcd, 0x01, 0xfe, 0xfe, 0xcd, 0x01, 0xfe,
  0xfe, 0xcd, 0x01, 0xfe, 0xfe, 0xcd, 0x01, 0xfe, 0xfe, 0xcd, 0x01, 0xfe,
  0xfe, 0xcd, 0x01, 0xfe, 0xfe, 0xcd, 0x01, 0xfe, 0xfe, 0xcd, 0x01, 0xfe,
  0xfe, 0xcd, 0x01, 0xfe, 0xfe, 0xcd, 0x01, 0xfe, 0xfe, 0xcd, 0x01, 0xfe,
  0xfe, 0xcd, 0x01, 0xfe, 0xfe, 0xcd, 0x01, 0xfe, 0xfe, 0xcd, 0x01, 0xfe,
  0xfe, 0xcd, 0x01, 0xfe, 0xfe, 0xcd, 0x01, 0xff, 0xfe, 0xcd, 0x01, 0xff,
  0xfe, 0xcd, 0x01, 0xff, 0xfe, 0xcd, 0x01, 0xff, 0xfe, 0xcd, 0x01, 0xff,
  0xfe, 0xcd, 0x01, 0xff, 0xfe, 0xcd, 0x01, 0xff, 0xfe, 0xcd, 0x01, 0xff,
  0xfe, 0xcd, 0x01, 0xff, 0xfe, 0xcd, 0x01, 0xff, 0xfe, 0xcd, 0x01, 0xff,
  0xfe, 0xcd, 0x01, 0xff, 0xfe, 0xcd, 0x01, 0xff, 0xfe, 0xcd, 0x01, 0xff,
  0xfe, 0xcd, 0x01, 0xff, 0xfe, 0xcd, 0x01, 0xff, 0xfe, 0xcd, 0x01, 0xff,
  0xfe, 0xcd, 0x01, 0xff, 0xfe, 0xcd, 0x01, 0xff, 0xfe, 0xcd, 0x01, 0xff,
  0xfe, 0xcd, 0x01, 0xff, 0xfe, 0xcd, 0x01, 0xff, 0xfe, 0xcd, 0x01, 0xff,
  0xfe, 0xcd, 0x01, 0xff, 0xfe, 0xcd, 0x01, 0xff, 0xfe, 0xcd, 0x01, 0xff,
  0xfe, 0xcd, 0x01, 0xff, 0xfe, 0xcd, 0x01, 0xff, 0xfe, 0xcd, 0x01, 0xff,
  0xfe, 0xcd, 0x01, 0xff, 0xfe, 0xcd, 0x01, 0xff, 0xfe, 0xcd, 0x01, 0xff,
  0xfe, 0xcd, 0x01, 0xff, 0xfe, 0xcd, 0x01, 0xff, 0xfe, 0xcd, 0x01, 0xff,
  0xfe, 0xcd, 0x01, 0xff, 0xfe, 0xcd, 0x01, 0xff, 0xfe, 0xcd, 0x01, 0xff,
  0xfe, 0xcd, 0x01, 0xff, 0xfe, 0xcd, 0x01, 0xff, 0xfe, 0xcd, 0x01, 0xff,
  0xfe, 0xcd, 0x01, 0xff, 0xfe, 0xcd, 0x01, 0xff, 0xfe, 0xcd, 0x01, 0xff,
  0xfe, 0xcd, 0x01, 0xff, 0xfe, 0xcd, 0x01, 0xff, 0xfe, 0xcd, 0x01, 0xff,
  0xfe, 0xcd, 0x01, 0xff, 0xfe, 0xcd, 0x01, 0xff, 0xfe, 0xcd, 0x01, 0xff,
  0xfe, 0xcd, 0x01, 0xff, 0xfe, 0xcd, 0x01, 0xff, 0xbc, 0x9e, 0x23, 0xf0,
  0x00, 0x00, 0x00, 0xff, 0x00, 0x00, 0x00, 0xff, 0x00, 0x00, 0x00, 0xff,
  0x00, 0x00, 0x00, 0x89, 0x00, 0x00, 0x00, 0x00, 0x00, 0x00, 0x00, 0x00,
  0x00, 0x00, 0x00, 0x00, 0x00, 0x00, 0x00, 0x00, 0x00, 0x00, 0x00, 0x00,
  0x00, 0x00, 0x00, 0xd0, 0x00, 0x00, 0x00, 0xff, 0x08, 0x04, 0x00, 0xff,
  0x08, 0x04, 0x00, 0xff, 0x57, 0x1b, 0x0d, 0xff, 0xf7, 0x49, 0x29, 0xff,
  0xf9, 0x47, 0x28, 0xff, 0xf9, 0x47, 0x28, 0xff, 0xf9, 0x47, 0x28, 0xff,
  0xf9, 0x47, 0x28, 0xff, 0xf9, 0x47, 0x28, 0xff, 0xf9, 0x47, 0x28, 0xff,
  0xf9, 0x47, 0x28, 0xff, 0xf9, 0x47, 0x28, 0xff, 0xf9, 0x47, 0x28, 0xff,
  0xf9, 0x47, 0x28, 0xff, 0xf9, 0x47, 0x28, 0xff, 0xf9, 0x47, 0x28, 0xff,
  0xf9, 0x47, 0x28, 0xff, 0xf9, 0x47, 0x28, 0xff, 0xf9, 0x47, 0x28, 0xff,
  0xf9, 0x47, 0x28, 0xff, 0xf9, 0x47, 0x28, 0xff, 0xf9, 0x47, 0x28, 0xff,
  0xf9, 0x47, 0x28, 0xff, 0xf9, 0x47, 0x28, 0xff, 0xf9, 0x47, 0x28, 0xff,
  0xf9, 0x47, 0x28, 0xff, 0xf9, 0x47, 0x28, 0xff, 0xf9, 0x47, 0x28, 0xff,
  0xf9, 0x47, 0x28, 0xff, 0xf9, 0x47, 0x28, 0xff, 0xf9, 0x47, 0x28, 0xff,
  0xf9, 0x47, 0x28, 0xff, 0xf9, 0x47, 0x28, 0xff, 0xf9, 0x47, 0x28, 0xff,
  0xf9, 0x47, 0x28, 0xff, 0xf9, 0x47, 0x28, 0xff, 0xf9, 0x47, 0x28, 0xff,
  0xf9, 0x47, 0x28, 0xff, 0xf9, 0x47, 0x28, 0xff, 0xf9, 0x47, 0x28, 0xff,
  0xf9, 0x47, 0x28, 0xff, 0xf9, 0x47, 0x28, 0xff, 0xf9, 0x47, 0x28, 0xff,
  0xf9, 0x47, 0x28, 0xff, 0xf9, 0x47, 0x28, 0xff, 0xf9, 0x47, 0x28, 0xff,
  0xf9, 0x47, 0x28, 0xff, 0xf8, 0x48, 0x29, 0xff, 0xf9, 0x47, 0x28, 0xff,
  0xf9, 0x47, 0x28, 0xff, 0xf9, 0x47, 0x28, 0xff, 0xf9, 0x47, 0x28, 0xff,
  0xf7, 0x45, 0x29, 0xff, 0xf7, 0x45, 0x29, 0xff, 0x52, 0x17, 0x0d, 0xff,
  0x00, 0x00, 0x00, 0xff, 0x00, 0x00, 0x00, 0xff, 0x00, 0x00, 0x00, 0xff,
  0xfe, 0xcd, 0x01, 0xff, 0xfe, 0xcd, 0x01, 0xff, 0xfe, 0xcd, 0x01, 0xff,
  0xfe, 0xcd, 0x01, 0xff, 0xfe, 0xcd, 0x01, 0xfe, 0xfe, 0xcd, 0x01, 0xfe,
  0xfe, 0xcd, 0x01, 0xfe, 0xfe, 0xcd, 0x01, 0xfe, 0xfe, 0xcd, 0x01, 0xfe,
  0xfe, 0xcd, 0x01, 0xfe, 0xfe, 0xcd, 0x01, 0xfe, 0xfe, 0xcd, 0x01, 0xfe,
  0xfe, 0xcd, 0x01, 0xfe, 0xfe, 0xcd, 0x01, 0xfe, 0xfe, 0xcd, 0x01, 0xfe,
  0xfe, 0xcd, 0x01, 0xfe, 0xfe, 0xcd, 0x01, 0xfe, 0xfe, 0xcd, 0x01, 0xfe,
  0xfe, 0xcd, 0x01, 0xfe, 0xfe, 0xcd, 0x01, 0xfe, 0xfe, 0xcd, 0x01, 0xfe,
  0xfe, 0xcd, 0x01, 0xfe, 0xfe, 0xcd, 0x01, 0xfe, 0xfe, 0xcd, 0x01, 0xfe,
  0xfe, 0xcd, 0x01, 0xfe, 0xfe, 0xcd, 0x01, 0xfe, 0xfe, 0xcd, 0x01, 0xfe,
  0xfe, 0xcd, 0x01, 0xfe, 0xfe, 0xcd, 0x01, 0xfe, 0xfe, 0xcd, 0x01, 0xfe,
  0xfe, 0xcd, 0x01, 0xfe, 0xfe, 0xcd, 0x01, 0xfe, 0xfe, 0xcd, 0x01, 0xfe,
  0xfe, 0xcd, 0x01, 0xfe, 0xfe, 0xcd, 0x01, 0xfe, 0xfe, 0xcd, 0x01, 0xfe,
  0xfe, 0xcd, 0x01, 0xfe, 0xfe, 0xcd, 0x01, 0xfe, 0xfe, 0xcd, 0x01, 0xfe,
  0xfe, 0xcd, 0x01, 0xfe, 0xfe, 0xcd, 0x01, 0xfe, 0xfe, 0xcd, 0x01, 0xfe,
  0xfe, 0xcd, 0x01, 0xfe, 0xfe, 0xcd, 0x01, 0xfe, 0xfe, 0xcd, 0x01, 0xfe,
  0xfe, 0xcd, 0x01, 0xfe, 0xfe, 0xcd, 0x01, 0xfe, 0xfe, 0xcd, 0x01, 0xfe,
  0xfe, 0xcd, 0x01, 0xfe, 0xfe, 0xcd, 0x01, 0xfe, 0xfe, 0xcd, 0x01, 0xfe,
  0xfe, 0xcd, 0x01, 0xfe, 0xfe, 0xcd, 0x01, 0xfe, 0xfe, 0xcd, 0x01, 0xfe,
  0xfe, 0xcd, 0x01, 0xfe, 0xfe, 0xcd, 0x01, 0xfe, 0xfe, 0xcd, 0x01, 0xfe,
  0xfe, 0xcd, 0x01, 0xfe, 0xfe, 0xcd, 0x01, 0xfe, 0xfe, 0xcd, 0x01, 0xfe,
  0xfe, 0xcd, 0x01, 0xfe, 0xfe, 0xcd, 0x01, 0xfe, 0xfe, 0xcd, 0x01, 0xfe,
  0xfe, 0xcd, 0x01, 0xfe, 0xfe, 0xcd, 0x01, 0xfe, 0xfe, 0xcd, 0x01, 0xfe,
  0xfe, 0xcd, 0x01, 0xfe, 0xfe, 0xcd, 0x01, 0xfe, 0xfe, 0xcd, 0x01, 0xfe,
  0xfe, 0xcd, 0x01, 0xfe, 0xfe, 0xcd, 0x01, 0xfe, 0xfe, 0xcd, 0x01, 0xfe,
  0xfe, 0xcd, 0x01, 0xfe, 0xfe, 0xcd, 0x01, 0xfe, 0xfe, 0xcd, 0x01, 0xfe,
  0xfe, 0xcd, 0x01, 0xfe, 0xfe, 0xcd, 0x01, 0xfe, 0xfe, 0xcd, 0x01, 0xfe,
  0xfe, 0xcd, 0x01, 0xfe, 0xfe, 0xcd, 0x01, 0xfe, 0xfe, 0xcd, 0x01, 0xfe,
  0xfe, 0xcd, 0x01, 0xfe, 0xfe, 0xcd, 0x01, 0xfe, 0xfe, 0xcd, 0x01, 0xfe,
  0xfe, 0xcd, 0x01, 0xfe, 0xfe, 0xcd, 0x01, 0xfe, 0xfe, 0xcd, 0x01, 0xfe,
  0xfe, 0xcd, 0x01, 0xfe, 0xfe, 0xcd, 0x01, 0xfe, 0xfe, 0xcd, 0x01, 0xfe,
  0xfe, 0xcd, 0x01, 0xfe, 0xfe, 0xcd, 0x01, 0xfe, 0xfe, 0xcd, 0x01, 0xfe,
  0xfe, 0xcd, 0x01, 0xfe, 0xfe, 0xcd, 0x01, 0xfe, 0xfe, 0xcd, 0x01, 0xfe,
  0xfe, 0xcd, 0x01, 0xfe, 0xfe, 0xcd, 0x01, 0xfe, 0xfe, 0xcd, 0x01, 0xfe,
  0xfe, 0xcd, 0x01, 0xfe, 0xfe, 0xcd, 0x01, 0xfe, 0xfe, 0xcd, 0x01, 0xfe,
  0xfe, 0xcd, 0x01, 0xfe, 0xfe, 0xcd, 0x01, 0xfe, 0xfe, 0xcd, 0x01, 0xfe,
  0xfe, 0xcd, 0x01, 0xfe, 0xfe, 0xcd, 0x01, 0xfe, 0xfe, 0xcd, 0x01, 0xfe,
  0xfe, 0xcd, 0x01, 0xfe, 0xfe, 0xcd, 0x01, 0xfe, 0xfe, 0xcd, 0x01, 0xfe,
  0xfe, 0xcd, 0x01, 0xfe, 0xfe, 0xcd, 0x01, 0xfe, 0xfe, 0xcd, 0x01, 0xfe,
  0xfe, 0xcd, 0x01, 0xfe, 0xfe, 0xcd, 0x01, 0xfe, 0xfe, 0xcd, 0x01, 0xfe,
  0xfe, 0xcd, 0x01, 0xfe, 0xfe, 0xcd, 0x01, 0xfe, 0xfe, 0xcd, 0x01, 0xfe,
  0xfe, 0xcd, 0x01, 0xfe, 0xfe, 0xcd, 0x01, 0xfe, 0xfe, 0xcd, 0x01, 0xfe,
  0xfe, 0xcd, 0x01, 0xfe, 0xfe, 0xcd, 0x01, 0xfe, 0xfe, 0xcd, 0x01, 0xfe,
  0xfe, 0xcd, 0x01, 0xfe, 0xfe, 0xcd, 0x01, 0xfe, 0xfe, 0xcd, 0x01, 0xfe,
  0xfe, 0xcd, 0x01, 0xfe, 0xfe, 0xcd, 0x01, 0xfe, 0xfe, 0xcd, 0x01, 0xfe,
  0xfe, 0xcd, 0x01, 0xfe, 0xfe, 0xcd, 0x01, 0xfe, 0xfe, 0xcd, 0x01, 0xfe,
  0xfe, 0xcd, 0x01, 0xfe, 0xfe, 0xcd, 0x01, 0xfe, 0xfe, 0xcd, 0x01, 0xfe,
  0xfe, 0xcd, 0x01, 0xfe, 0xfe, 0xcd, 0x01, 0xfe, 0xfe, 0xcd, 0x01, 0xfe,
  0xfe, 0xcd, 0x01, 0xfe, 0xfe, 0xcd, 0x01, 0xfe, 0xfe, 0xcd, 0x01, 0xfe,
  0xfe, 0xcd, 0x01, 0xfe, 0xfe, 0xcd, 0x01, 0xfe, 0xfe, 0xcd, 0x01, 0xfe,
  0xfe, 0xcd, 0x01, 0xfe, 0xfe, 0xcd, 0x01, 0xfe, 0xfe, 0xcd, 0x01, 0xfe,
  0xfe, 0xcd, 0x01, 0xfe, 0xfe, 0xcd, 0x01, 0xff, 0xfe, 0xcd, 0x01, 0xff,
  0xfe, 0xcd, 0x01, 0xff, 0xfe, 0xcd, 0x01, 0xff, 0xfe, 0xcd, 0x01, 0xff,
  0xfe, 0xcd, 0x01, 0xff, 0xfe, 0xcd, 0x01, 0xff, 0xfe, 0xcd, 0x01, 0xff,
  0xfe, 0xcd, 0x01, 0xff, 0xfe, 0xcd, 0x01, 0xff, 0xfe, 0xcd, 0x01, 0xff,
  0xfe, 0xcd, 0x01, 0xff, 0xfe, 0xcd, 0x01, 0xff, 0xfe, 0xcd, 0x01, 0xff,
  0xfe, 0xcd, 0x01, 0xff, 0xfe, 0xcd, 0x01, 0xff, 0xfe, 0xcd, 0x01, 0xff,
  0xfe, 0xcd, 0x01, 0xff, 0xfe, 0xcd, 0x01, 0xff, 0xfe, 0xcd, 0x01, 0xff,
  0xfe, 0xcd, 0x01, 0xff, 0xfe, 0xcd, 0x01, 0xff, 0xfe, 0xcd, 0x01, 0xff,
  0xfe, 0xcd, 0x01, 0xff, 0xfe, 0xcd, 0x01, 0xff, 0xfe, 0xcd, 0x01, 0xff,
  0xfe, 0xcd, 0x01, 0xff, 0xfe, 0xcd, 0x01, 0xff, 0xfe, 0xcd, 0x01, 0xff,
  0xfe, 0xcd, 0x01, 0xff, 0xfe, 0xcd, 0x01, 0xff, 0xfe, 0xcd, 0x01, 0xff,
  0xfe, 0xcd, 0x01, 0xff, 0xfe, 0xcd, 0x01, 0xff, 0xfe, 0xcd, 0x01, 0xff,
  0xfe, 0xcd, 0x01, 0xff, 0xfe, 0xcd, 0x01, 0xff, 0xfe, 0xcd, 0x01, 0xff,
  0xfe, 0xcd, 0x01, 0xff, 0xfe, 0xcd, 0x01, 0xff, 0xfe, 0xcd, 0x01, 0xff,
  0xfe, 0xcd, 0x01, 0xff, 0xfe, 0xcd, 0x01, 0xff, 0xfe, 0xcd, 0x01, 0xff,
  0xfe, 0xcd, 0x01, 0xff, 0xfe, 0xcd, 0x01, 0xff, 0xfe, 0xcd, 0x01, 0xff,
  0xfe, 0xcd, 0x01, 0xff, 0xfe, 0xcd, 0x01, 0xff, 0xfe, 0xcd, 0x01, 0xff,
  0xfe, 0xcd, 0x01, 0xff, 0x78, 0x66, 0x1c, 0xf7, 0x00, 0x00, 0x00, 0xff,
  0x00, 0x00, 0x00, 0xff, 0x00, 0x00, 0x00, 0xff, 0x00, 0x00, 0x00, 0x6d,
  0x00, 0x00, 0x00, 0x00, 0x00, 0x00, 0x00, 0x00, 0x00, 0x00, 0x00, 0x00,
  0x00, 0x00, 0x00, 0x00, 0x00, 0x00, 0x00, 0x00, 0x00, 0x00, 0x00, 0x96,
  0x00, 0x00, 0x00, 0xff, 0x08, 0x04, 0x00, 0xff, 0x08, 0x04, 0x00, 0xff,
  0x08, 0x04, 0x00, 0xff, 0xf7, 0x49, 0x29, 0xff, 0xf9, 0x47, 0x28, 0xff,
  0xf9, 0x47, 0x28, 0xff, 0xf9, 0x47, 0x28, 0xff, 0xf9, 0x47, 0x28, 0xff,
  0xf9, 0x47, 0x28, 0xff, 0xf9, 0x47, 0x28, 0xff, 0xf9, 0x47, 0x28, 0xff,
  0xf9, 0x47, 0x28, 0xff, 0xf9, 0x47, 0x28, 0xff, 0xf9, 0x47, 0x28, 0xff,
  0xf9, 0x47, 0x28, 0xff, 0xf9, 0x47, 0x28, 0xff, 0xf9, 0x47, 0x28, 0xff,
  0xf9, 0x47, 0x28, 0xff, 0xf9, 0x47, 0x28, 0xff, 0xf9, 0x47, 0x28, 0xff,
  0xf9, 0x47, 0x28, 0xff, 0xf9, 0x47, 0x28, 0xff, 0xf9, 0x47, 0x28, 0xff,
  0xf9, 0x47, 0x28, 0xff, 0xf9, 0x47, 0x28, 0xff, 0xf9, 0x47, 0x28, 0xff,
  0xf9, 0x47, 0x28, 0xff, 0xf9, 0x47, 0x28, 0xff, 0xf9, 0x47, 0x28, 0xff,
  0xf9, 0x47, 0x28, 0xff, 0xf9, 0x47, 0x28, 0xff, 0xf9, 0x47, 0x28, 0xff,
  0xf9, 0x47, 0x28, 0xff, 0xf9, 0x47, 0x28, 0xff, 0xf9, 0x47, 0x28, 0xff,
  0xf9, 0x47, 0x28, 0xff, 0xf9, 0x47, 0x28, 0xff, 0xf9, 0x47, 0x28, 0xff,
  0xf9, 0x47, 0x28, 0xff, 0xf9, 0x47, 0x28, 0xff, 0xf9, 0x47, 0x28, 0xff,
  0xf9, 0x47, 0x28, 0xff, 0xf9, 0x47, 0x28, 0xff, 0xf9, 0x47, 0x28, 0xff,
  0xf9, 0x47, 0x28, 0xff, 0xf9, 0x47, 0x28, 0xff, 0xf8, 0x48, 0x28, 0xff,
  0xf7, 0x49, 0x29, 0xff, 0xf9, 0x47, 0x28, 0xff, 0xf9, 0x47, 0x28, 0xff,
  0xf9, 0x47, 0x28, 0xff, 0xf9, 0x47, 0x28, 0xff, 0xf7, 0x45, 0x29, 0xff,
  0xf7, 0x45, 0x29, 0xff, 0x00, 0x00, 0x00, 0xff, 0x00, 0x00, 0x00, 0xff,
  0x00, 0x00, 0x00, 0xff, 0x3e, 0x3e, 0x3e, 0xff, 0xfe, 0xcd, 0x01, 0xff,
  0xfe, 0xcd, 0x01, 0xff, 0xfe, 0xcd, 0x01, 0xff, 0xfe, 0xcd, 0x01, 0xfe,
  0xfe, 0xcd, 0x01, 0xfe, 0xfe, 0xcd, 0x01, 0xfe, 0xfe, 0xcd, 0x01, 0xfe,
  0xfe, 0xcd, 0x01, 0xfe, 0xfe, 0xcd, 0x01, 0xfe, 0xfe, 0xcd, 0x01, 0xfe,
  0xfe, 0xcd, 0x01, 0xfe, 0xfe, 0xcd, 0x01, 0xfe, 0xfe, 0xcd, 0x01, 0xfe,
  0xfe, 0xcd, 0x01, 0xfe, 0xfe, 0xcd, 0x01, 0xfe, 0xfe, 0xcd, 0x01, 0xfe,
  0xfe, 0xcd, 0x01, 0xfe, 0xfe, 0xcd, 0x01, 0xfe, 0xfe, 0xcd, 0x01, 0xfe,
  0xfe, 0xcd, 0x01, 0xfe, 0xfe, 0xcd, 0x01, 0xfe, 0xfe, 0xcd, 0x01, 0xfe,
  0xfe, 0xcd, 0x01, 0xfe, 0xfe, 0xcd, 0x01, 0xfe, 0xfe, 0xcd, 0x01, 0xfe,
  0xfe, 0xcd, 0x01, 0xfe, 0xfe, 0xcd, 0x01, 0xfe, 0xfe, 0xcd, 0x01, 0xfe,
  0xfe, 0xcd, 0x01, 0xfe, 0xfe, 0xcd, 0x01, 0xfe, 0xfe, 0xcd, 0x01, 0xfe,
  0xfe, 0xcd, 0x01, 0xfe, 0xfe, 0xcd, 0x01, 0xfe, 0xfe, 0xcd, 0x01, 0xfe,
  0xfe, 0xcd, 0x01, 0xfe, 0xfe, 0xcd, 0x01, 0xfe, 0xfe, 0xcd, 0x01, 0xfe,
  0xfe, 0xcd, 0x01, 0xfe, 0xfe, 0xcd, 0x01, 0xfe, 0xfe, 0xcd, 0x01, 0xfe,
  0xfe, 0xcd, 0x01, 0xfe, 0xfe, 0xcd, 0x01, 0xfe, 0xfe, 0xcd, 0x01, 0xfe,
  0xfe, 0xcd, 0x01, 0xfe, 0xfe, 0xcd, 0x01, 0xfe, 0xfe, 0xcd, 0x01, 0xfe,
  0xfe, 0xcd, 0x01, 0xfe, 0xfe, 0xcd, 0x01, 0xfe, 0xfe, 0xcd, 0x01, 0xfe,
  0xfe, 0xcd, 0x01, 0xfe, 0xfe, 0xcd, 0x01, 0xfe, 0xfe, 0xcd, 0x01, 0xfe,
  0xfe, 0xcd, 0x01, 0xfe, 0xfe, 0xcd, 0x01, 0xfe, 0xfe, 0xcd, 0x01, 0xfe,
  0xfe, 0xcd, 0x01, 0xfe, 0xfe, 0xcd, 0x01, 0xfe, 0xfe, 0xcd, 0x01, 0xfe,
  0xfe, 0xcd, 0x01, 0xfe, 0xfe, 0xcd, 0x01, 0xfe, 0xfe, 0xcd, 0x01, 0xfe,
  0xfe, 0xcd, 0x01, 0xfe, 0xfe, 0xcd, 0x01, 0xfe, 0xfe, 0xcd, 0x01, 0xfe,
  0xfe, 0xcd, 0x01, 0xfe, 0xfe, 0xcd, 0x01, 0xfe, 0xfe, 0xcd, 0x01, 0xfe,
  0xfe, 0xcd, 0x01, 0xfe, 0xfe, 0xcd, 0x01, 0xfe, 0xfe, 0xcd, 0x01, 0xfe,
  0xfe, 0xcd, 0x01, 0xfe, 0xfe, 0xcd, 0x01, 0xfe, 0xfe, 0xcd, 0x01, 0xfe,
  0xfe, 0xcd, 0x01, 0xfe, 0xfe, 0xcd, 0x01, 0xfe, 0xfe, 0xcd, 0x01, 0xfe,
  0xfe, 0xcd, 0x01, 0xfe, 0xfe, 0xcd, 0x01, 0xfe, 0xfe, 0xcd, 0x01, 0xfe,
  0xfe, 0xcd, 0x01, 0xfe, 0xfe, 0xcd, 0x01, 0xfe, 0xfe, 0xcd, 0x01, 0xfe,
  0xfe, 0xcd, 0x01, 0xfe, 0xfe, 0xcd, 0x01, 0xfe, 0xfe, 0xcd, 0x01, 0xfe,
  0xfe, 0xcd, 0x01, 0xfe, 0xfe, 0xcd, 0x01, 0xfe, 0xfe, 0xcd, 0x01, 0xfe,
  0xfe, 0xcd, 0x01, 0xfe, 0xfe, 0xcd, 0x01, 0xfe, 0xfe, 0xcd, 0x01, 0xfe,
  0xfe, 0xcd, 0x01, 0xfe, 0xfe, 0xcd, 0x01, 0xfe, 0xfe, 0xcd, 0x01, 0xfe,
  0xfe, 0xcd, 0x01, 0xfe, 0xfe, 0xcd, 0x01, 0xfe, 0xfe, 0xcd, 0x01, 0xfe,
  0xfe, 0xcd, 0x01, 0xfe, 0xfe, 0xcd, 0x01, 0xfe, 0xfe, 0xcd, 0x01, 0xfe,
  0xfe, 0xcd, 0x01, 0xfe, 0xfe, 0xcd, 0x01, 0xfe, 0xfe, 0xcd, 0x01, 0xfe,
  0xfe, 0xcd, 0x01, 0xfe, 0xfe, 0xcd, 0x01, 0xfe, 0xfe, 0xcd, 0x01, 0xfe,
  0xfe, 0xcd, 0x01, 0xfe, 0xfe, 0xcd, 0x01, 0xfe, 0xfe, 0xcd, 0x01, 0xfe,
  0xfe, 0xcd, 0x01, 0xfe, 0xfe, 0xcd, 0x01, 0xfe, 0xfe, 0xcd, 0x01, 0xfe,
  0xfe, 0xcd, 0x01, 0xfe, 0xfe, 0xcd, 0x01, 0xfe, 0xfe, 0xcd, 0x01, 0xfe,
  0xfe, 0xcd, 0x01, 0xfe, 0xfe, 0xcd, 0x01, 0xfe, 0xfe, 0xcd, 0x01, 0xfe,
  0xfe, 0xcd, 0x01, 0xfe, 0xfe, 0xcd, 0x01, 0xfe, 0xfe, 0xcd, 0x01, 0xfe,
  0xfe, 0xcd, 0x01, 0xfe, 0xfe, 0xcd, 0x01, 0xfe, 0xfe, 0xcd, 0x01, 0xfe,
  0xfe, 0xcd, 0x01, 0xfe, 0xfe, 0xcd, 0x01, 0xfe, 0xfe, 0xcd, 0x01, 0xfe,
  0xfe, 0xcd, 0x01, 0xfe, 0xfe, 0xcd, 0x01, 0xfe, 0xfe, 0xcd, 0x01, 0xfe,
  0xfe, 0xcd, 0x01, 0xfe, 0xfe, 0xcd, 0x01, 0xfe, 0xfe, 0xcd, 0x01, 0xfe,
  0xfe, 0xcd, 0x01, 0xfe, 0xfe, 0xcd, 0x01, 0xfe, 0xfe, 0xcd, 0x01, 0xfe,
  0xfe, 0xcd, 0x01, 0xfe, 0xfe, 0xcd, 0x01, 0xfe, 0xfe, 0xcd, 0x01, 0xfe,
  0xfe, 0xcd, 0x01, 0xfe, 0xfe, 0xcd, 0x01, 0xfe, 0xfe, 0xcd, 0x01, 0xfe,
  0xfe, 0xcd, 0x01, 0xfe, 0xfe, 0xcd, 0x01, 0xfe, 0xfe, 0xcd, 0x01, 0xfe,
  0xfe, 0xcd, 0x01, 0xfe, 0xfe, 0xcd, 0x01, 0xfe, 0xfe, 0xcd, 0x01, 0xfe,
  0xfe, 0xcd, 0x01, 0xfe, 0xfe, 0xcd, 0x01, 0xfe, 0xfe, 0xcd, 0x01, 0xfe,
  0xfe, 0xcd, 0x01, 0xfe, 0xfe, 0xcd, 0x01, 0xff, 0xfe, 0xcd, 0x01, 0xff,
  0xfe, 0xcd, 0x01, 0xff, 0xfe, 0xcd, 0x01, 0xff, 0xfe, 0xcd, 0x01, 0xff,
  0xfe, 0xcd, 0x01, 0xff, 0xfe, 0xcd, 0x01, 0xff, 0xfe, 0xcd, 0x01, 0xff,
  0xfe, 0xcd, 0x01, 0xff, 0xfe, 0xcd, 0x01, 0xff, 0xfe, 0xcd, 0x01, 0xff,
  0xfe, 0xcd, 0x01, 0xff, 0xfe, 0xcd, 0x01, 0xff, 0xfe, 0xcd, 0x01, 0xff,
  0xfe, 0xcd, 0x01, 0xff, 0xfe, 0xcd, 0x01, 0xff, 0xfe, 0xcd, 0x01, 0xff,
  0xfe, 0xcd, 0x01, 0xff, 0xfe, 0xcd, 0x01, 0xff, 0xfe, 0xcd, 0x01, 0xff,
  0xfe, 0xcd, 0x01, 0xff, 0xfe, 0xcd, 0x01, 0xff, 0xfe, 0xcd, 0x01, 0xff,
  0xfe, 0xcd, 0x01, 0xff, 0xfe, 0xcd, 0x01, 0xff, 0xfe, 0xcd, 0x01, 0xff,
  0xfe, 0xcd, 0x01, 0xff, 0xfe, 0xcd, 0x01, 0xff, 0xfe, 0xcd, 0x01, 0xff,
  0xfe, 0xcd, 0x01, 0xff, 0xfe, 0xcd, 0x01, 0xff, 0xfe, 0xcd, 0x01, 0xff,
  0xfe, 0xcd, 0x01, 0xff, 0xfe, 0xcd, 0x01, 0xff, 0xfe, 0xcd, 0x01, 0xff,
  0xfe, 0xcd, 0x01, 0xff, 0xfe, 0xcd, 0x01, 0xff, 0xfe, 0xcd, 0x01, 0xff,
  0xfe, 0xcd, 0x01, 0xff, 0xfe, 0xcd, 0x01, 0xff, 0xfe, 0xcd, 0x01, 0xff,
  0xfe, 0xcd, 0x01, 0xff, 0xfe, 0xcd, 0x01, 0xff, 0xfe, 0xcd, 0x01, 0xff,
  0xfe, 0xcd, 0x01, 0xff, 0xfe, 0xcd, 0x01, 0xff, 0xfe, 0xcd, 0x01, 0xff,
  0xfe, 0xcd, 0x01, 0xff, 0xfe, 0xcd, 0x01, 0xff, 0xfe, 0xcd, 0x01, 0xff,
  0x00, 0x00, 0x00, 0xff, 0x00, 0x00, 0x00, 0xff, 0x00, 0x00, 0x00, 0xff,
  0x00, 0x00, 0x00, 0xff, 0x00, 0x00, 0x00, 0x1b, 0x00, 0x00, 0x00, 0x00,
  0x00, 0x00, 0x00, 0x00, 0x00, 0x00, 0x00, 0x00, 0x00, 0x00, 0x00, 0x00,
  0x00, 0x00, 0x00, 0x00, 0x00, 0x00, 0x00, 0x40, 0x00, 0x00, 0x00, 0xff,
  0x08, 0x00, 0x00, 0xff, 0x08, 0x00, 0x00, 0xff, 0x08, 0x00, 0x00, 0xff,
  0xce, 0x3c, 0x21, 0xff, 0xf7, 0x45, 0x29, 0xff, 0xf7, 0x45, 0x29, 0xff,
  0xf7, 0x45, 0x29, 0xff, 0xf7, 0x45, 0x29, 0xff, 0xf9, 0x47, 0x28, 0xff,
  0xf9, 0x47, 0x28, 0xff, 0xf9, 0x47, 0x28, 0xff, 0xf9, 0x47, 0x28, 0xff,
  0xf9, 0x47, 0x28, 0xff, 0xf9, 0x47, 0x28, 0xff, 0xf9, 0x47, 0x28, 0xff,
  0xf9, 0x47, 0x28, 0xff, 0xf9, 0x47, 0x28, 0xff, 0xf9, 0x47, 0x28, 0xff,
  0xf9, 0x47, 0x28, 0xff, 0xf9, 0x47, 0x28, 0xff, 0xf9, 0x47, 0x28, 0xff,
  0xf9, 0x47, 0x28, 0xff, 0xf9, 0x47, 0x28, 0xff, 0xf9, 0x47, 0x28, 0xff,
  0xf9, 0x47, 0x28, 0xff, 0xf9, 0x47, 0x28, 0xff, 0xf9, 0x47, 0x28, 0xff,
  0xf9, 0x47, 0x28, 0xff, 0xf9, 0x47, 0x28, 0xff, 0xf9, 0x47, 0x28, 0xff,
  0xf9, 0x47, 0x28, 0xff, 0xf9, 0x47, 0x28, 0xff, 0xf9, 0x47, 0x28, 0xff,
  0xf9, 0x47, 0x28, 0xff, 0xf9, 0x47, 0x28, 0xff, 0xf9, 0x47, 0x28, 0xff,
  0xf9, 0x47, 0x28, 0xff, 0xf9, 0x47, 0x28, 0xff, 0xf9, 0x47, 0x28, 0xff,
  0xf9, 0x47, 0x28, 0xff, 0xf9, 0x47, 0x28, 0xff, 0xf9, 0x47, 0x28, 0xff,
  0xf9, 0x47, 0x28, 0xff, 0xf9, 0x47, 0x28, 0xff, 0xf9, 0x47, 0x28, 0xff,
  0xf9, 0x47, 0x28, 0xff, 0xf9, 0x47, 0x28, 0xff, 0xf9, 0x47, 0x28, 0xff,
  0xf9, 0x47, 0x28, 0xff, 0xf9, 0x47, 0x28, 0xff, 0xf9, 0x47, 0x28, 0xff,
  0xf9, 0x47, 0x28, 0xff, 0xf7, 0x45, 0x29, 0xff, 0xa7, 0x2f, 0x1b, 0xff,
  0x08, 0x04, 0x00, 0xff, 0x08, 0x04, 0x00, 0xff, 0x00, 0x00, 0x00, 0xff,
  0xd1, 0xb5, 0x42, 0xff, 0xfe, 0xcd, 0x01, 0xff, 0xfe, 0xcd, 0x01, 0xff,
  0xfe, 0xcd, 0x01, 0xff, 0xfe, 0xcd, 0x01, 0xfe, 0xfe, 0xcd, 0x01, 0xfe,
  0xfe, 0xcd, 0x01, 0xfe, 0xfe, 0xcd, 0x01, 0xfe, 0xfe, 0xcd, 0x01, 0xfe,
  0xfe, 0xcd, 0x01, 0xfe, 0xfe, 0xcd, 0x01, 0xfe, 0xfe, 0xcd, 0x01, 0xfe,
  0xfe, 0xcd, 0x01, 0xfe, 0xfe, 0xcd, 0x01, 0xfe, 0xfe, 0xcd, 0x01, 0xfe,
  0xfe, 0xcd, 0x01, 0xfe, 0xfe, 0xcd, 0x01, 0xfe, 0xfe, 0xcd, 0x01, 0xfe,
  0xfe, 0xcd, 0x01, 0xfe, 0xfe, 0xcd, 0x01, 0xfe, 0xfe, 0xcd, 0x01, 0xfe,
  0xfe, 0xcd, 0x01, 0xfe, 0xfe, 0xcd, 0x01, 0xfe, 0xfe, 0xcd, 0x01, 0xfe,
  0xfe, 0xcd, 0x01, 0xfe, 0xfe, 0xcd, 0x01, 0xfe, 0xfe, 0xcd, 0x01, 0xfe,
  0xfe, 0xcd, 0x01, 0xfe, 0xfe, 0xcd, 0x01, 0xfe, 0xfe, 0xcd, 0x01, 0xfe,
  0xfe, 0xcd, 0x01, 0xfe, 0xfe, 0xcd, 0x01, 0xfe, 0xfe, 0xcd, 0x01, 0xfe,
  0xfe, 0xcd, 0x01, 0xfe, 0xfe, 0xcd, 0x01, 0xfe, 0xfe, 0xcd, 0x01, 0xfe,
  0xfe, 0xcd, 0x01, 0xfe, 0xfe, 0xcd, 0x01, 0xfe, 0xfe, 0xcd, 0x01, 0xfe,
  0xfe, 0xcd, 0x01, 0xfe, 0xfe, 0xcd, 0x01, 0xfe, 0xfe, 0xcd, 0x01, 0xfe,
  0xfe, 0xcd, 0x01, 0xfe, 0xfe, 0xcd, 0x01, 0xfe, 0xfe, 0xcd, 0x01, 0xfe,
  0xfe, 0xcd, 0x01, 0xfe, 0xfe, 0xcd, 0x01, 0xfe, 0xfe, 0xcd, 0x01, 0xfe,
  0xfe, 0xcd, 0x01, 0xfe, 0xfe, 0xcd, 0x01, 0xfe, 0xfe, 0xcd, 0x01, 0xfe,
  0xfe, 0xcd, 0x01, 0xfe, 0xfe, 0xcd, 0x01, 0xfe, 0xfe, 0xcd, 0x01, 0xfe,
  0xfe, 0xcd, 0x01, 0xfe, 0xfe, 0xcd, 0x01, 0xfe, 0xfe, 0xcd, 0x01, 0xfe,
  0xfe, 0xcd, 0x01, 0xfe, 0xfe, 0xcd, 0x01, 0xfe, 0xfe, 0xcd, 0x01, 0xfe,
  0xfe, 0xcd, 0x01, 0xfe, 0xfe, 0xcd, 0x01, 0xfe, 0xfe, 0xcd, 0x01, 0xfe,
  0xfe, 0xcd, 0x01, 0xfe, 0xfe, 0xcd, 0x01, 0xfe, 0xfe, 0xcd, 0x01, 0xfe,
  0xfe, 0xcd, 0x01, 0xfe, 0xfe, 0xcd, 0x01, 0xfe, 0xfe, 0xcd, 0x01, 0xfe,
  0xfe, 0xcd, 0x01, 0xfe, 0xfe, 0xcd, 0x01, 0xfe, 0xfe, 0xcd, 0x01, 0xfe,
  0xfe, 0xcd, 0x01, 0xfe, 0xfe, 0xcd, 0x01, 0xfe, 0xfe, 0xcd, 0x01, 0xfe,
  0xfe, 0xcd, 0x01, 0xfe, 0xfe, 0xcd, 0x01, 0xfe, 0xfe, 0xcd, 0x01, 0xfe,
  0xfe, 0xcd, 0x01, 0xfe, 0xfe, 0xcd, 0x01, 0xfe, 0xfe, 0xcd, 0x01, 0xfe,
  0xfe, 0xcd, 0x01, 0xfe, 0xfe, 0xcd, 0x01, 0xfe, 0xfe, 0xcd, 0x01, 0xfe,
  0xfe, 0xcd, 0x01, 0xfe, 0xfe, 0xcd, 0x01, 0xfe, 0xfe, 0xcd, 0x01, 0xfe,
  0xfe, 0xcd, 0x01, 0xfe, 0xfe, 0xcd, 0x01, 0xfe, 0xfe, 0xcd, 0x01, 0xfe,
  0xfe, 0xcd, 0x01, 0xfe, 0xfe, 0xcd, 0x01, 0xfe, 0xfe, 0xcd, 0x01, 0xfe,
  0xfe, 0xcd, 0x01, 0xfe, 0xfe, 0xcd, 0x01, 0xfe, 0xfe, 0xcd, 0x01, 0xfe,
  0xfe, 0xcd, 0x01, 0xfe, 0xfe, 0xcd, 0x01, 0xfe, 0xfe, 0xcd, 0x01, 0xfe,
  0xfe, 0xcd, 0x01, 0xfe, 0xfe, 0xcd, 0x01, 0xfe, 0xfe, 0xcd, 0x01, 0xfe,
  0xfe, 0xcd, 0x01, 0xfe, 0xfe, 0xcd, 0x01, 0xfe, 0xfe, 0xcd, 0x01, 0xfe,
  0xfe, 0xcd, 0x01, 0xfe, 0xfe, 0xcd, 0x01, 0xfe, 0xfe, 0xcd, 0x01, 0xfe,
  0xfe, 0xcd, 0x01, 0xfe, 0xfe, 0xcd, 0x01, 0xfe, 0xfe, 0xcd, 0x01, 0xfe,
  0xfe, 0xcd, 0x01, 0xfe, 0xfe, 0xcd, 0x01, 0xfe, 0xfe, 0xcd, 0x01, 0xfe,
  0xfe, 0xcd, 0x01, 0xfe, 0xfe, 0xcd, 0x01, 0xfe, 0xfe, 0xcd, 0x01, 0xfe,
  0xfe, 0xcd, 0x01, 0xfe, 0xfe, 0xcd, 0x01, 0xfe, 0xfe, 0xcd, 0x01, 0xfe,
  0xfe, 0xcd, 0x01, 0xfe, 0xfe, 0xcd, 0x01, 0xfe, 0xfe, 0xcd, 0x01, 0xfe,
  0xfe, 0xcd, 0x01, 0xfe, 0xfe, 0xcd, 0x01, 0xfe, 0xfe, 0xcd, 0x01, 0xfe,
  0xfe, 0xcd, 0x01, 0xfe, 0xfe, 0xcd, 0x01, 0xfe, 0xfe, 0xcd, 0x01, 0xfe,
  0xfe, 0xcd, 0x01, 0xfe, 0xfe, 0xcd, 0x01, 0xfe, 0xfe, 0xcd, 0x01, 0xfe,
  0xfe, 0xcd, 0x01, 0xfe, 0xfe, 0xcd, 0x01, 0xfe, 0xfe, 0xcd, 0x01, 0xfe,
  0xfe, 0xcd, 0x01, 0xfe, 0xfe, 0xcd, 0x01, 0xfe, 0xfe, 0xcd, 0x01, 0xfe,
  0xfe, 0xcd, 0x01, 0xfe, 0xfe, 0xcd, 0x01, 0xfe, 0xfe, 0xcd, 0x01, 0xfe,
  0xfe, 0xcd, 0x01, 0xfe, 0xfe, 0xcd, 0x01, 0xfe, 0xfe, 0xcd, 0x01, 0xfe,
  0xfe, 0xcd, 0x01, 0xfe, 0xfe, 0xcd, 0x01, 0xfe, 0xfe, 0xcd, 0x01, 0xfe,
  0xfe, 0xcd, 0x01, 0xfe, 0xfe, 0xcd, 0x01, 0xfe, 0xfe, 0xcd, 0x01, 0xfe,
  0xfe, 0xcd, 0x01, 0xfe, 0xfe, 0xcd, 0x01, 0xfe, 0xfe, 0xcd, 0x01, 0xfe,
  0xfe, 0xcd, 0x01, 0xff, 0xfe, 0xcd, 0x01, 0xff, 0xfe, 0xcd, 0x01, 0xff,
  0xfe, 0xcd, 0x01, 0xff, 0xfe, 0xcd, 0x01, 0xff, 0xfe, 0xcd, 0x01, 0xff,
  0xfe, 0xcd, 0x01, 0xff, 0xfe, 0xcd, 0x01, 0xff, 0xfe, 0xcd, 0x01, 0xff,
  0xfe, 0xcd, 0x01, 0xff, 0xfe, 0xcd, 0x01, 0xff, 0xfe, 0xcd, 0x01, 0xff,
  0xfe, 0xcd, 0x01, 0xff, 0xfe, 0xcd, 0x01, 0xff, 0xfe, 0xcd, 0x01, 0xff,
  0xfe, 0xcd, 0x01, 0xff, 0xfe, 0xcd, 0x01, 0xff, 0xfe, 0xcd, 0x01, 0xff,
  0xfe, 0xcd, 0x01, 0xff, 0xfe, 0xcd, 0x01, 0xff, 0xfe, 0xcd, 0x01, 0xff,
  0xfe, 0xcd, 0x01, 0xff, 0xfe, 0xcd, 0x01, 0xff, 0xfe, 0xcd, 0x01, 0xff,
  0xfe, 0xcd, 0x01, 0xff, 0xfe, 0xcd, 0x01, 0xff, 0xfe, 0xcd, 0x01, 0xff,
  0xfe, 0xcd, 0x01, 0xff, 0xfe, 0xcd, 0x01, 0xff, 0xfe, 0xcd, 0x01, 0xff,
  0xfe, 0xcd, 0x01, 0xff, 0xfe, 0xcd, 0x01, 0xff, 0xfe, 0xcd, 0x01, 0xff,
  0xfe, 0xcd, 0x01, 0xff, 0xfe, 0xcd, 0x01, 0xff, 0xfe, 0xcd, 0x01, 0xff,
  0xfe, 0xcd, 0x01, 0xff, 0xfe, 0xcd, 0x01, 0xff, 0xfe, 0xcd, 0x01, 0xff,
  0xfe, 0xcd, 0x01, 0xff, 0xfe, 0xcd, 0x01, 0xff, 0xfe, 0xcd, 0x01, 0xff,
  0xfe, 0xcd, 0x01, 0xff, 0xfe, 0xcd, 0x01, 0xff, 0xfe, 0xcd, 0x01, 0xff,
  0xfe, 0xcd, 0x01, 0xff, 0xfe, 0xcd, 0x01, 0xff, 0xfe, 0xcd, 0x01, 0xff,
  0xfe, 0xcd, 0x01, 0xff, 0xc3, 0xa3, 0x27, 0xed, 0x00, 0x00, 0x00, 0xff,
  0x00, 0x00, 0x00, 0xff, 0x00, 0x00, 0x00, 0xff, 0x00, 0x00, 0x00, 0xda,
  0x00, 0x00, 0x00, 0x00, 0x00, 0x00, 0x00, 0x00, 0x00, 0x00, 0x00, 0x00,
  0x00, 0x00, 0x00, 0x00, 0x00, 0x00, 0x00, 0x00, 0x00, 0x00, 0x00, 0x00,
  0x00, 0x00, 0x00, 0x00, 0x00, 0x00, 0x00, 0xf3, 0x08, 0x00, 0x00, 0xff,
  0x08, 0x00, 0x00, 0xff, 0x08, 0x00, 0x00, 0xff, 0x4a, 0x14, 0x0b, 0xff,
  0xf7, 0x45, 0x29, 0xff, 0xf7, 0x45, 0x29, 0xff, 0xf7, 0x45, 0x29, 0xff,
  0xf7, 0x45, 0x29, 0xff, 0xf9, 0x47, 0x28, 0xff, 0xf9, 0x47, 0x28, 0xff,
  0xf9, 0x47, 0x28, 0xff, 0xf9, 0x47, 0x28, 0xff, 0xf9, 0x47, 0x28, 0xff,
  0xf9, 0x47, 0x28, 0xff, 0xf9, 0x47, 0x28, 0xff, 0xf9, 0x47, 0x28, 0xff,
  0xf9, 0x47, 0x28, 0xff, 0xf9, 0x47, 0x28, 0xff, 0xf9, 0x47, 0x28, 0xff,
  0xf9, 0x47, 0x28, 0xff, 0xf9, 0x47, 0x28, 0xff, 0xf9, 0x47, 0x28, 0xff,
  0xf9, 0x47, 0x28, 0xff, 0xf9, 0x47, 0x28, 0xff, 0xf9, 0x47, 0x28, 0xff,
  0xf9, 0x47, 0x28, 0xff, 0xf9, 0x47, 0x28, 0xff, 0xf9, 0x47, 0x28, 0xff,
  0xf9, 0x47, 0x28, 0xff, 0xf9, 0x47, 0x28, 0xff, 0xf9, 0x47, 0x28, 0xff,
  0xf9, 0x47, 0x28, 0xff, 0xf9, 0x47, 0x28, 0xff, 0xf9, 0x47, 0x28, 0xff,
  0xf9, 0x47, 0x28, 0xff, 0xf9, 0x47, 0x28, 0xff, 0xf9, 0x47, 0x28, 0xff,
  0xf9, 0x47, 0x28, 0xff, 0xf9, 0x47, 0x28, 0xff, 0xf9, 0x47, 0x28, 0xff,
  0xf9, 0x47, 0x28, 0xff, 0xf9, 0x47, 0x28, 0xff, 0xf9, 0x47, 0x28, 0xff,
  0xf9, 0x47, 0x28, 0xff, 0xf9, 0x47, 0x28, 0xff, 0xf9, 0x47, 0x28, 0xff,
  0xf9, 0x47, 0x28, 0xff, 0xf9, 0x47, 0x28, 0xff, 0xf9, 0x47, 0x28, 0xff,
  0xf9, 0x47, 0x28, 0xff, 0xf9, 0x47, 0x28, 0xff, 0xf9, 0x47, 0x28, 0xff,
  0xf7, 0x45, 0x29, 0xff, 0x57, 0x19, 0x0d, 0xff, 0x08, 0x04, 0x00, 0xff,
  0x08, 0x04, 0x00, 0xff, 0x00, 0x00, 0x00, 0xff, 0xfe, 0xcd, 0x01, 0xff,
  0xfe, 0xcd, 0x01, 0xff, 0xfe, 0xcd, 0x01, 0xff, 0xfe, 0xcd, 0x01, 0xff,
  0xfe, 0xcd, 0x01, 0xfe, 0xfe, 0xcd, 0x01, 0xfe, 0xfe, 0xcd, 0x01, 0xfe,
  0xfe, 0xcd, 0x01, 0xfe, 0xfe, 0xcd, 0x01, 0xfe, 0xfe, 0xcd, 0x01, 0xfe,
  0xfe, 0xcd, 0x01, 0xfe, 0xfe, 0xcd, 0x01, 0xfe, 0xfe, 0xcd, 0x01, 0xfe,
  0xfe, 0xcd, 0x01, 0xfe, 0xfe, 0xcd, 0x01, 0xfe, 0xfe, 0xcd, 0x01, 0xfe,
  0xfe, 0xcd, 0x01, 0xfe, 0xfe, 0xcd, 0x01, 0xfe, 0xfe, 0xcd, 0x01, 0xfe,
  0xfe, 0xcd, 0x01, 0xfe, 0xfe, 0xcd, 0x01, 0xfe, 0xfe, 0xcd, 0x01, 0xfe,
  0xfe, 0xcd, 0x01, 0xfe, 0xfe, 0xcd, 0x01, 0xfe, 0xfe, 0xcd, 0x01, 0xfe,
  0xfe, 0xcd, 0x01, 0xfe, 0xfe, 0xcd, 0x01, 0xfe, 0xfe, 0xcd, 0x01, 0xfe,
  0xfe, 0xcd, 0x01, 0xfe, 0xfe, 0xcd, 0x01, 0xfe, 0xfe, 0xcd, 0x01, 0xfe,
  0xfe, 0xcd, 0x01, 0xfe, 0xfe, 0xcd, 0x01, 0xfe, 0xfe, 0xcd, 0x01, 0xfe,
  0xfe, 0xcd, 0x01, 0xfe, 0xfe, 0xcd, 0x01, 0xfe, 0xfe, 0xcd, 0x01, 0xfe,
  0xfe, 0xcd, 0x01, 0xfe, 0xfe, 0xcd, 0x01, 0xfe, 0xfe, 0xcd, 0x01, 0xfe,
  0xfe, 0xcd, 0x01, 0xfe, 0xfe, 0xcd, 0x01, 0xfe, 0xfe, 0xcd, 0x01, 0xfe,
  0xfe, 0xcd, 0x01, 0xfe, 0xfe, 0xcd, 0x01, 0xfe, 0xfe, 0xcd, 0x01, 0xfe,
  0xfe, 0xcd, 0x01, 0xfe, 0xfe, 0xcd, 0x01, 0xfe, 0xfe, 0xcd, 0x01, 0xfe,
  0xfe, 0xcd, 0x01, 0xfe, 0xfe, 0xcd, 0x01, 0xfe, 0xfe, 0xcd, 0x01, 0xfe,
  0xfe, 0xcd, 0x01, 0xfe, 0xfe, 0xcd, 0x01, 0xfe, 0xfe, 0xcd, 0x01, 0xfe,
  0xfe, 0xcd, 0x01, 0xfe, 0xfe, 0xcd, 0x01, 0xfe, 0xfe, 0xcd, 0x01, 0xfe,
  0xfe, 0xcd, 0x01, 0xfe, 0xfe, 0xcd, 0x01, 0xfe, 0xfe, 0xcd, 0x01, 0xfe,
  0xfe, 0xcd, 0x01, 0xfe, 0xfe, 0xcd, 0x01, 0xfe, 0xfe, 0xcd, 0x01, 0xfe,
  0xfe, 0xcd, 0x01, 0xfe, 0xfe, 0xcd, 0x01, 0xfe, 0xfe, 0xcd, 0x01, 0xfe,
  0xfe, 0xcd, 0x01, 0xfe, 0xfe, 0xcd, 0x01, 0xfe, 0xfe, 0xcd, 0x01, 0xfe,
  0xfe, 0xcd, 0x01, 0xfe, 0xfe, 0xcd, 0x01, 0xfe, 0xfe, 0xcd, 0x01, 0xfe,
  0xfe, 0xcd, 0x01, 0xfe, 0xfe, 0xcd, 0x01, 0xfe, 0xfe, 0xcd, 0x01, 0xfe,
  0xfe, 0xcd, 0x01, 0xfe, 0xfe, 0xcd, 0x01, 0xfe, 0xfe, 0xcd, 0x01, 0xfe,
  0xfe, 0xcd, 0x01, 0xfe, 0xfe, 0xcd, 0x01, 0xfe, 0xfe, 0xcd, 0x01, 0xfe,
  0xfe, 0xcd, 0x01, 0xfe, 0xfe, 0xcd, 0x01, 0xfe, 0xfe, 0xcd, 0x01, 0xfe,
  0xfe, 0xcd, 0x01, 0xfe, 0xfe, 0xcd, 0x01, 0xfe, 0xfe, 0xcd, 0x01, 0xfe,
  0xfe, 0xcd, 0x01, 0xfe, 0xfe, 0xcd, 0x01, 0xfe, 0xfe, 0xcd, 0x01, 0xfe,
  0xfe, 0xcd, 0x01, 0xfe, 0xfe, 0xcd, 0x01, 0xfe, 0xfe, 0xcd, 0x01, 0xfe,
  0xfe, 0xcd, 0x01, 0xfe, 0xfe, 0xcd, 0x01, 0xfe, 0xfe, 0xcd, 0x01, 0xfe,
  0xfe, 0xcd, 0x01, 0xfe, 0xfe, 0xcd, 0x01, 0xfe, 0xfe, 0xcd, 0x01, 0xfe,
  0xfe, 0xcd, 0x01, 0xfe, 0xfe, 0xcd, 0x01, 0xfe, 0xfe, 0xcd, 0x01, 0xfe,
  0xfe, 0xcd, 0x01, 0xfe, 0xfe, 0xcd, 0x01, 0xfe, 0xfe, 0xcd, 0x01, 0xfe,
  0xfe, 0xcd, 0x01, 0xfe, 0xfe, 0xcd, 0x01, 0xfe, 0xfe, 0xcd, 0x01, 0xfe,
  0xfe, 0xcd, 0x01, 0xfe, 0xfe, 0xcd, 0x01, 0xfe, 0xfe, 0xcd, 0x01, 0xfe,
  0xfe, 0xcd, 0x01, 0xfe, 0xfe, 0xcd, 0x01, 0xfe, 0xfe, 0xcd, 0x01, 0xfe,
  0xfe, 0xcd, 0x01, 0xfe, 0xfe, 0xcd, 0x01, 0xfe, 0xfe, 0xcd, 0x01, 0xfe,
  0xfe, 0xcd, 0x01, 0xfe, 0xfe, 0xcd, 0x01, 0xfe, 0xfe, 0xcd, 0x01, 0xfe,
  0xfe, 0xcd, 0x01, 0xfe, 0xfe, 0xcd, 0x01, 0xfe, 0xfe, 0xcd, 0x01, 0xfe,
  0xfe, 0xcd, 0x01, 0xfe, 0xfe, 0xcd, 0x01, 0xfe, 0xfe, 0xcd, 0x01, 0xfe,
  0xfe, 0xcd, 0x01, 0xfe, 0xfe, 0xcd, 0x01, 0xfe, 0xfe, 0xcd, 0x01, 0xfe,
  0xfe, 0xcd, 0x01, 0xfe, 0xfe, 0xcd, 0x01, 0xfe, 0xfe, 0xcd, 0x01, 0xfe,
  0xfe, 0xcd, 0x01, 0xfe, 0xfe, 0xcd, 0x01, 0xfe, 0xfe, 0xcd, 0x01, 0xfe,
  0xfe, 0xcd, 0x01, 0xfe, 0xfe, 0xcd, 0x01, 0xfe, 0xfe, 0xcd, 0x01, 0xfe,
  0xfe, 0xcd, 0x01, 0xfe, 0xfe, 0xcd, 0x01, 0xfe, 0xfe, 0xcd, 0x01, 0xfe,
  0xfe, 0xcd, 0x01, 0xfe, 0xfe, 0xcd, 0x01, 0xfe, 0xfe, 0xcd, 0x01, 0xfe,
  0xfe, 0xcd, 0x01, 0xfe, 0xfe, 0xcd, 0x01, 0xfe, 0xfe, 0xcd, 0x01, 0xfe,
  0xfe, 0xcd, 0x01, 0xfe, 0xfe, 0xcd, 0x01, 0xfe, 0xfe, 0xcd, 0x01, 0xfe,
  0xfe, 0xcd, 0x01, 0xfe, 0xfe, 0xcd, 0x01, 0xfe, 0xfe, 0xcd, 0x01, 0xfe,
  0xfe, 0xcd, 0x01, 0xff, 0xfe, 0xcd, 0x01, 0xff, 0xfe, 0xcd, 0x01, 0xff,
  0xfe, 0xcd, 0x01, 0xff, 0xfe, 0xcd, 0x01, 0xff, 0xfe, 0xcd, 0x01, 0xff,
  0xfe, 0xcd, 0x01, 0xff, 0xfe, 0xcd, 0x01, 0xff, 0xfe, 0xcd, 0x01, 0xff,
  0xfe, 0xcd, 0x01, 0xff, 0xfe, 0xcd, 0x01, 0xff, 0xfe, 0xcd, 0x01, 0xff,
  0xfe, 0xcd, 0x01, 0xff, 0xfe, 0xcd, 0x01, 0xff, 0xfe, 0xcd, 0x01, 0xff,
  0xfe, 0xcd, 0x01, 0xff, 0xfe, 0xcd, 0x01, 0xff, 0xfe, 0xcd, 0x01, 0xff,
  0xfe, 0xcd, 0x01, 0xff, 0xfe, 0xcd, 0x01, 0xff, 0xfe, 0xcd, 0x01, 0xff,
  0xfe, 0xcd, 0x01, 0xff, 0xfe, 0xcd, 0x01, 0xff, 0xfe, 0xcd, 0x01, 0xff,
  0xfe, 0xcd, 0x01, 0xff, 0xfe, 0xcd, 0x01, 0xff, 0xfe, 0xcd, 0x01, 0xff,
  0xfe, 0xcd, 0x01, 0xff, 0xfe, 0xcd, 0x01, 0xff, 0xfe, 0xcd, 0x01, 0xff,
  0xfe, 0xcd, 0x01, 0xff, 0xfe, 0xcd, 0x01, 0xff, 0xfe, 0xcd, 0x01, 0xff,
  0xfe, 0xcd, 0x01, 0xff, 0xfe, 0xcd, 0x01, 0xff, 0xfe, 0xcd, 0x01, 0xff,
  0xfe, 0xcd, 0x01, 0xff, 0xfe, 0xcd, 0x01, 0xff, 0xfe, 0xcd, 0x01, 0xff,
  0xfe, 0xcd, 0x01, 0xff, 0xfe, 0xcd, 0x01, 0xff, 0xfe, 0xcd, 0x01, 0xff,
  0xfe, 0xcd, 0x01, 0xff, 0xfe, 0xcd, 0x01, 0xff, 0xfe, 0xcd, 0x01, 0xff,
  0xfe, 0xcd, 0x01, 0xff, 0xfe, 0xcd, 0x01, 0xff, 0xfe, 0xcd, 0x01, 0xff,
  0x1e, 0x1d, 0x17, 0xf4, 0x00, 0x00, 0x00, 0xff, 0x00, 0x00, 0x00, 0xff,
  0x00, 0x00, 0x00, 0xff, 0x00, 0x00, 0x00, 0x91, 0x00, 0x00, 0x00, 0x00,
  0x00, 0x00, 0x00, 0x00, 0x00, 0x00, 0x00, 0x00, 0x00, 0x00, 0x00, 0x00,
  0x00, 0x00, 0x00, 0x00, 0x00, 0x00, 0x00, 0x00, 0x00, 0x00, 0x00, 0x00,
  0x00, 0x00, 0x00, 0xa9, 0x08, 0x01, 0x01, 0xff, 0x08, 0x00, 0x00, 0xff,
  0x08, 0x00, 0x00, 0xff, 0x08, 0x00, 0x00, 0xff, 0xf7, 0x45, 0x29, 0xff,
  0xf7, 0x45, 0x29, 0xff, 0xf7, 0x45, 0x29, 0xff, 0xf7, 0x45, 0x29, 0xff,
  0xf9, 0x47, 0x28, 0xff, 0xf9, 0x47, 0x28, 0xff, 0xf9, 0x47, 0x28, 0xff,
  0xf9, 0x47, 0x28, 0xff, 0xf9, 0x47, 0x28, 0xff, 0xf9, 0x47, 0x28, 0xff,
  0xf9, 0x47, 0x28, 0xff, 0xf9, 0x47, 0x28, 0xff, 0xf9, 0x47, 0x28, 0xff,
  0xf9, 0x47, 0x28, 0xff, 0xf9, 0x47, 0x28, 0xff, 0xf9, 0x47, 0x28, 0xff,
  0xf9, 0x47, 0x28, 0xff, 0xf9, 0x47, 0x28, 0xff, 0xf9, 0x47, 0x28, 0xff,
  0xf9, 0x47, 0x28, 0xff, 0xf9, 0x47, 0x28, 0xff, 0xf9, 0x47, 0x28, 0xff,
  0xf9, 0x47, 0x28, 0xff, 0xf9, 0x47, 0x28, 0xff, 0xf9, 0x47, 0x28, 0xff,
  0xf9, 0x47, 0x28, 0xff, 0xf9, 0x47, 0x28, 0xff, 0xf9, 0x47, 0x28, 0xff,
  0xf9, 0x47, 0x28, 0xff, 0xf9, 0x47, 0x28, 0xff, 0xf9, 0x47, 0x28, 0xff,
  0xf9, 0x47, 0x28, 0xff, 0xf9, 0x47, 0x28, 0xff, 0xf9, 0x47, 0x28, 0xff,
  0xf9, 0x47, 0x28, 0xff, 0xf9, 0x47, 0x28, 0xff, 0xf9, 0x47, 0x28, 0xff,
  0xf9, 0x47, 0x28, 0xff, 0xf9, 0x47, 0x28, 0xff, 0xf9, 0x47, 0x28, 0xff,
  0xf9, 0x47, 0x28, 0xff, 0xf9, 0x47, 0x28, 0xff, 0xf9, 0x47, 0x28, 0xff,
  0xf9, 0x47, 0x28, 0xff, 0xf9, 0x47, 0x28, 0xff, 0xf9, 0x47, 0x28, 0xff,
  0xf9, 0x47, 0x28, 0xff, 0xf9, 0x47, 0x28, 0xff, 0xf7, 0x45, 0x29, 0xff,
  0x08, 0x04, 0x00, 0xff, 0x08, 0x04, 0x00, 0xff, 0x08, 0x04, 0x00, 0xff,
  0x2e, 0x2e, 0x2e, 0xff, 0xfe, 0xcd, 0x01, 0xff, 0xfe, 0xcd, 0x01, 0xff,
  0xfe, 0xcd, 0x01, 0xff, 0xfe, 0xcd, 0x01, 0xff, 0xfe, 0xcd, 0x01, 0xfe,
  0xfe, 0xcd, 0x01, 0xfe, 0xfe, 0xcd, 0x01, 0xfe, 0xfe, 0xcd, 0x01, 0xfe,
  0xfe, 0xcd, 0x01, 0xfe, 0xfe, 0xcd, 0x01, 0xfe, 0xfe, 0xcd, 0x01, 0xfe,
  0xfe, 0xcd, 0x01, 0xfe, 0xfe, 0xcd, 0x01, 0xfe, 0xfe, 0xcd, 0x01, 0xfe,
  0xfe, 0xcd, 0x01, 0xfe, 0xfe, 0xcd, 0x01, 0xfe, 0xfe, 0xcd, 0x01, 0xfe,
  0xfe, 0xcd, 0x01, 0xfe, 0xfe, 0xcd, 0x01, 0xfe, 0xfe, 0xcd, 0x01, 0xfe,
  0xfe, 0xcd, 0x01, 0xfe, 0xfe, 0xcd, 0x01, 0xfe, 0xfe, 0xcd, 0x01, 0xfe,
  0xfe, 0xcd, 0x01, 0xfe, 0xfe, 0xcd, 0x01, 0xfe, 0xfe, 0xcd, 0x01, 0xfe,
  0xfe, 0xcd, 0x01, 0xfe, 0xfe, 0xcd, 0x01, 0xfe, 0xfe, 0xcd, 0x01, 0xfe,
  0xfe, 0xcd, 0x01, 0xfe, 0xfe, 0xcd, 0x01, 0xfe, 0xfe, 0xcd, 0x01, 0xfe,
  0xfe, 0xcd, 0x01, 0xfe, 0xfe, 0xcd, 0x01, 0xfe, 0xfe, 0xcd, 0x01, 0xfe,
  0xfe, 0xcd, 0x01, 0xfe, 0xfe, 0xcd, 0x01, 0xfe, 0xfe, 0xcd, 0x01, 0xfe,
  0xfe, 0xcd, 0x01, 0xfe, 0xfe, 0xcd, 0x01, 0xfe, 0xfe, 0xcd, 0x01, 0xfe,
  0xfe, 0xcd, 0x01, 0xfe, 0xfe, 0xcd, 0x01, 0xfe, 0xfe, 0xcd, 0x01, 0xfe,
  0xfe, 0xcd, 0x01, 0xfe, 0xfe, 0xcd, 0x01, 0xfe, 0xfe, 0xcd, 0x01, 0xfe,
  0xfe, 0xcd, 0x01, 0xfe, 0xfe, 0xcd, 0x01, 0xfe, 0xfe, 0xcd, 0x01, 0xfe,
  0xfe, 0xcd, 0x01, 0xfe, 0xfe, 0xcd, 0x01, 0xfe, 0xfe, 0xcd, 0x01, 0xfe,
  0xfe, 0xcd, 0x01, 0xfe, 0xfe, 0xcd, 0x01, 0xfe, 0xfe, 0xcd, 0x01, 0xfe,
  0xfe, 0xcd, 0x01, 0xfe, 0xfe, 0xcd, 0x01, 0xfe, 0xfe, 0xcd, 0x01, 0xfe,
  0xfe, 0xcd, 0x01, 0xfe, 0xfe, 0xcd, 0x01, 0xfe, 0xfe, 0xcd, 0x01, 0xfe,
  0xfe, 0xcd, 0x01, 0xfe, 0xfe, 0xcd, 0x01, 0xfe, 0xfe, 0xcd, 0x01, 0xfe,
  0xfe, 0xcd, 0x01, 0xfe, 0xfe, 0xcd, 0x01, 0xfe, 0xfe, 0xcd, 0x01, 0xfe,
  0xfe, 0xcd, 0x01, 0xfe, 0xfe, 0xcd, 0x01, 0xfe, 0xfe, 0xcd, 0x01, 0xfe,
  0xfe, 0xcd, 0x01, 0xfe, 0xfe, 0xcd, 0x01, 0xfe, 0xfe, 0xcd, 0x01, 0xfe,
  0xfe, 0xcd, 0x01, 0xfe, 0xfe, 0xcd, 0x01, 0xfe, 0xfe, 0xcd, 0x01, 0xfe,
  0xfe, 0xcd, 0x01, 0xfe, 0xfe, 0xcd, 0x01, 0xfe, 0xfe, 0xcd, 0x01, 0xfe,
  0xfe, 0xcd, 0x01, 0xfe, 0xfe, 0xcd, 0x01, 0xfe, 0xfe, 0xcd, 0x01, 0xfe,
  0xfe, 0xcd, 0x01, 0xfe, 0xfe, 0xcd, 0x01, 0xfe, 0xfe, 0xcd, 0x01, 0xfe,
  0xfe, 0xcd, 0x01, 0xfe, 0xfe, 0xcd, 0x01, 0xfe, 0xfe, 0xcd, 0x01, 0xfe,
  0xfe, 0xcd, 0x01, 0xfe, 0xfe, 0xcd, 0x01, 0xfe, 0xfe, 0xcd, 0x01, 0xfe,
  0xfe, 0xcd, 0x01, 0xfe, 0xfe, 0xcd, 0x01, 0xfe, 0xfe, 0xcd, 0x01, 0xfe,
  0xfe, 0xcd, 0x01, 0xfe, 0xfe, 0xcd, 0x01, 0xfe, 0xfe, 0xcd, 0x01, 0xfe,
  0xfe, 0xcd, 0x01, 0xfe, 0xfe, 0xcd, 0x01, 0xfe, 0xfe, 0xcd, 0x01, 0xfe,
  0xfe, 0xcd, 0x01, 0xfe, 0xfe, 0xcd, 0x01, 0xfe, 0xfe, 0xcd, 0x01, 0xfe,
  0xfe, 0xcd, 0x01, 0xfe, 0xfe, 0xcd, 0x01, 0xfe, 0xfe, 0xcd, 0x01, 0xfe,
  0xfe, 0xcd, 0x01, 0xfe, 0xfe, 0xcd, 0x01, 0xfe, 0xfe, 0xcd, 0x01, 0xfe,
  0xfe, 0xcd, 0x01, 0xfe, 0xfe, 0xcd, 0x01, 0xfe, 0xfe, 0xcd, 0x01, 0xfe,
  0xfe, 0xcd, 0x01, 0xfe, 0xfe, 0xcd, 0x01, 0xfe, 0xfe, 0xcd, 0x01, 0xfe,
  0xfe, 0xcd, 0x01, 0xfe, 0xfe, 0xcd, 0x01, 0xfe, 0xfe, 0xcd, 0x01, 0xfe,
  0xfe, 0xcd, 0x01, 0xfe, 0xfe, 0xcd, 0x01, 0xfe, 0xfe, 0xcd, 0x01, 0xfe,
  0xfe, 0xcd, 0x01, 0xfe, 0xfe, 0xcd, 0x01, 0xfe, 0xfe, 0xcd, 0x01, 0xfe,
  0xfe, 0xcd, 0x01, 0xfe, 0xfe, 0xcd, 0x01, 0xfe, 0xfe, 0xcd, 0x01, 0xfe,
  0xfe, 0xcd, 0x01, 0xfe, 0xfe, 0xcd, 0x01, 0xfe, 0xfe, 0xcd, 0x01, 0xfe,
  0xfe, 0xcd, 0x01, 0xfe, 0xfe, 0xcd, 0x01, 0xfe, 0xfe, 0xcd, 0x01, 0xfe,
  0xfe, 0xcd, 0x01, 0xfe, 0xfe, 0xcd, 0x01, 0xfe, 0xfe, 0xcd, 0x01, 0xfe,
  0xfe, 0xcd, 0x01, 0xfe, 0xfe, 0xcd, 0x01, 0xfe, 0xfe, 0xcd, 0x01, 0xfe,
  0xfe, 0xcd, 0x01, 0xfe, 0xfe, 0xcd, 0x01, 0xfe, 0xfe, 0xcd, 0x01, 0xfe,
  0xfe, 0xcd, 0x01, 0xfe, 0xfe, 0xcd, 0x01, 0xfe, 0xfe, 0xcd, 0x01, 0xfe,
  0xfe, 0xcd, 0x01, 0xfe, 0xfe, 0xcd, 0x01, 0xfe, 0xfe, 0xcd, 0x01, 0xfe,
  0xfe, 0xcd, 0x01, 0xfe, 0xfe, 0xcd, 0x01, 0xfe, 0xfe, 0xcd, 0x01, 0xfe,
  0xfe, 0xcd, 0x01, 0xfe, 0xfe, 0xcd, 0x01, 0xfe, 0xfe, 0xcd, 0x01, 0xfe,
  0xfe, 0xcd, 0x01, 0xff, 0xfe, 0xcd, 0x01, 0xff, 0xfe, 0xcd, 0x01, 0xff,
  0xfe, 0xcd, 0x01, 0xff, 0xfe, 0xcd, 0x01, 0xff, 0xfe, 0xcd, 0x01, 0xff,
  0xfe, 0xcd, 0x01, 0xff, 0xfe, 0xcd, 0x01, 0xff, 0xfe, 0xcd, 0x01, 0xff,
  0xfe, 0xcd, 0x01, 0xff, 0xfe, 0xcd, 0x01, 0xff, 0xfe, 0xcd, 0x01, 0xff,
  0xfe, 0xcd, 0x01, 0xff, 0xfe, 0xcd, 0x01, 0xff, 0xfe, 0xcd, 0x01, 0xff,
  0xfe, 0xcd, 0x01, 0xff, 0xfe, 0xcd, 0x01, 0xff, 0xfe, 0xcd, 0x01, 0xff,
  0xfe, 0xcd, 0x01, 0xff, 0xfe, 0xcd, 0x01, 0xff, 0xfe, 0xcd, 0x01, 0xff,
  0xfe, 0xcd, 0x01, 0xff, 0xfe, 0xcd, 0x01, 0xff, 0xfe, 0xcd, 0x01, 0xff,
  0xfe, 0xcd, 0x01, 0xff, 0xfe, 0xcd, 0x01, 0xff, 0xfe, 0xcd, 0x01, 0xff,
  0xfe, 0xcd, 0x01, 0xff, 0xfe, 0xcd, 0x01, 0xff, 0xfe, 0xcd, 0x01, 0xff,
  0xfe, 0xcd, 0x01, 0xff, 0xfe, 0xcd, 0x01, 0xff, 0xfe, 0xcd, 0x01, 0xff,
  0xfe, 0xcd, 0x01, 0xff, 0xfe, 0xcd, 0x01, 0xff, 0xfe, 0xcd, 0x01, 0xff,
  0xfe, 0xcd, 0x01, 0xff, 0xfe, 0xcd, 0x01, 0xff, 0xfe, 0xcd, 0x01, 0xff,
  0xfe, 0xcd, 0x01, 0xff, 0xfe, 0xcd, 0x01, 0xff, 0xfe, 0xcd, 0x01, 0xff,
  0xfe, 0xcd, 0x01, 0xff, 0xfe, 0xcd, 0x01, 0xff, 0xfe, 0xcd, 0x01, 0xff,
  0xfe, 0xcd, 0x01, 0xff, 0xfe, 0xcd, 0x01, 0xff, 0x18, 0x18, 0x18, 0xff,
  0x00, 0x00, 0x00, 0xff, 0x00, 0x00, 0x00, 0xff, 0x00, 0x00, 0x00, 0xff,
  0x00, 0x00, 0x00, 0x24, 0x00, 0x00, 0x00, 0x00, 0x00, 0x00, 0x00, 0x00,
  0x00, 0x00, 0x00, 0x00, 0x00, 0x00, 0x00, 0x00, 0x00, 0x00, 0x00, 0x00,
  0x00, 0x00, 0x00, 0x00, 0x00, 0x00, 0x00, 0x00, 0x00, 0x00, 0x00, 0x40,
  0x08, 0x04, 0x04, 0xff, 0x08, 0x00, 0x00, 0xff, 0x08, 0x00, 0x00, 0xff,
  0x08, 0x00, 0x00, 0xff, 0x7b, 0x24, 0x10, 0xff, 0xf7, 0x45, 0x29, 0xff,
  0xf7, 0x45, 0x29, 0xff, 0xf7, 0x45, 0x29, 0xff, 0xf9, 0x47, 0x28, 0xff,
  0xf9, 0x47, 0x28, 0xff, 0xf9, 0x47, 0x28, 0xff, 0xf9, 0x47, 0x28, 0xff,
  0xf9, 0x47, 0x28, 0xff, 0xf9, 0x47, 0x28, 0xff, 0xf9, 0x47, 0x28, 0xff,
  0xf9, 0x47, 0x28, 0xff, 0xf9, 0x47, 0x28, 0xff, 0xf9, 0x47, 0x28, 0xff,
  0xf9, 0x47, 0x28, 0xff, 0xf9, 0x47, 0x28, 0xff, 0xf9, 0x47, 0x28, 0xff,
  0xf9, 0x47, 0x28, 0xff, 0xf9, 0x47, 0x28, 0xff, 0xf9, 0x47, 0x28, 0xff,
  0xf9, 0x47, 0x28, 0xff, 0xf9, 0x47, 0x28, 0xff, 0xf9, 0x47, 0x28, 0xff,
  0xf9, 0x47, 0x28, 0xff, 0xf9, 0x47, 0x28, 0xff, 0xf9, 0x47, 0x28, 0xff,
  0xf9, 0x47, 0x28, 0xff, 0xf9, 0x47, 0x28, 0xff, 0xf9, 0x47, 0x28, 0xff,
  0xf9, 0x47, 0x28, 0xff, 0xf9, 0x47, 0x28, 0xff, 0xf9, 0x47, 0x28, 0xff,
  0xf9, 0x47, 0x28, 0xff, 0xf9, 0x47, 0x28, 0xff, 0xf9, 0x47, 0x28, 0xff,
  0xf9, 0x47, 0x28, 0xff, 0xf9, 0x47, 0x28, 0xff, 0xf9, 0x47, 0x28, 0xff,
  0xf9, 0x47, 0x28, 0xff, 0xf9, 0x47, 0x28, 0xff, 0xf9, 0x47, 0x28, 0xff,
  0xf9, 0x47, 0x28, 0xff, 0xf9, 0x47, 0x28, 0xff, 0xf9, 0x47, 0x28, 0xff,
  0xf9, 0x47, 0x28, 0xff, 0xf9, 0x47, 0x28, 0xff, 0xf9, 0x47, 0x28, 0xff,
  0xf9, 0x47, 0x28, 0xff, 0x57, 0x19, 0x0d, 0xff, 0x08, 0x04, 0x00, 0xff,
  0x08, 0x04, 0x00, 0xff, 0x08, 0x04, 0x00, 0xff, 0xe0, 0xbd, 0x2c, 0xff,
  0xfe, 0xcd, 0x01, 0xff, 0xfe, 0xcd, 0x01, 0xff, 0xfe, 0xcd, 0x01, 0xff,
  0xfe, 0xcd, 0x01, 0xfe, 0xfe, 0xcd, 0x01, 0xfe, 0xfe, 0xcd, 0x01, 0xfe,
  0xfe, 0xcd, 0x01, 0xfe, 0xfe, 0xcd, 0x01, 0xfe, 0xfe, 0xcd, 0x01, 0xfe,
  0xfe, 0xcd, 0x01, 0xfe, 0xfe, 0xcd, 0x01, 0xfe, 0xfe, 0xcd, 0x01, 0xfe,
  0xfe, 0xcd, 0x01, 0xfe, 0xfe, 0xcd, 0x01, 0xfe, 0xfe, 0xcd, 0x01, 0xfe,
  0xfe, 0xcd, 0x01, 0xfe, 0xfe, 0xcd, 0x01, 0xfe, 0xfe, 0xcd, 0x01, 0xfe,
  0xfe, 0xcd, 0x01, 0xfe, 0xfe, 0xcd, 0x01, 0xfe, 0xfe, 0xcd, 0x01, 0xfe,
  0xfe, 0xcd, 0x01, 0xfe, 0xfe, 0xcd, 0x01, 0xfe, 0xfe, 0xcd, 0x01, 0xfe,
  0xfe, 0xcd, 0x01, 0xfe, 0xfe, 0xcd, 0x01, 0xfe, 0xfe, 0xcd, 0x01, 0xfe,
  0xfe, 0xcd, 0x01, 0xfe, 0xfe, 0xcd, 0x01, 0xfe, 0xfe, 0xcd, 0x01, 0xfe,
  0xfe, 0xcd, 0x01, 0xfe, 0xfe, 0xcd, 0x01, 0xfe, 0xfe, 0xcd, 0x01, 0xfe,
  0xfe, 0xcd, 0x01, 0xfe, 0xfe, 0xcd, 0x01, 0xfe, 0xfe, 0xcd, 0x01, 0xfe,
  0xfe, 0xcd, 0x01, 0xfe, 0xfe, 0xcd, 0x01, 0xfe, 0xfe, 0xcd, 0x01, 0xfe,
  0xfe, 0xcd, 0x01, 0xfe, 0xfe, 0xcd, 0x01, 0xfe, 0xfe, 0xcd, 0x01, 0xfe,
  0xfe, 0xcd, 0x01, 0xfe, 0xfe, 0xcd, 0x01, 0xfe, 0xfe, 0xcd, 0x01, 0xfe,
  0xfe, 0xcd, 0x01, 0xfe, 0xfe, 0xcd, 0x01, 0xfe, 0xfe, 0xcd, 0x01, 0xfe,
  0xfe, 0xcd, 0x01, 0xfe, 0xfe, 0xcd, 0x01, 0xfe, 0xfe, 0xcd, 0x01, 0xfe,
  0xfe, 0xcd, 0x01, 0xfe, 0xfe, 0xcd, 0x01, 0xfe, 0xfe, 0xcd, 0x01, 0xfe,
  0xfe, 0xcd, 0x01, 0xfe, 0xfe, 0xcd, 0x01, 0xfe, 0xfe, 0xcd, 0x01, 0xfe,
  0xfe, 0xcd, 0x01, 0xfe, 0xfe, 0xcd, 0x01, 0xfe, 0xfe, 0xcd, 0x01, 0xfe,
  0xfe, 0xcd, 0x01, 0xfe, 0xfe, 0xcd, 0x01, 0xfe, 0xfe, 0xcd, 0x01, 0xfe,
  0xfe, 0xcd, 0x01, 0xfe, 0xfe, 0xcd, 0x01, 0xfe, 0xfe, 0xcd, 0x01, 0xfe,
  0xfe, 0xcd, 0x01, 0xfe, 0xfe, 0xcd, 0x01, 0xfe, 0xfe, 0xcd, 0x01, 0xfe,
  0xfe, 0xcd, 0x01, 0xfe, 0xfe, 0xcd, 0x01, 0xfe, 0xfe, 0xcd, 0x01, 0xfe,
  0xfe, 0xcd, 0x01, 0xfe, 0xfe, 0xcd, 0x01, 0xfe, 0xfe, 0xcd, 0x01, 0xfe,
  0xfe, 0xcd, 0x01, 0xfe, 0xfe, 0xcd, 0x01, 0xfe, 0xfe, 0xcd, 0x01, 0xfe,
  0xfe, 0xcd, 0x01, 0xfe, 0xfe, 0xcd, 0x01, 0xfe, 0xfe, 0xcd, 0x01, 0xfe,
  0xfe, 0xcd, 0x01, 0xfe, 0xfe, 0xcd, 0x01, 0xfe, 0xfe, 0xcd, 0x01, 0xfe,
  0xfe, 0xcd, 0x01, 0xfe, 0xfe, 0xcd, 0x01, 0xfe, 0xfe, 0xcd, 0x01, 0xfe,
  0xfe, 0xcd, 0x01, 0xfe, 0xfe, 0xcd, 0x01, 0xfe, 0xfe, 0xcd, 0x01, 0xfe,
  0xfe, 0xcd, 0x01, 0xfe, 0xfe, 0xcd, 0x01, 0xfe, 0xfe, 0xcd, 0x01, 0xfe,
  0xfe, 0xcd, 0x01, 0xfe, 0xfe, 0xcd, 0x01, 0xfe, 0xfe, 0xcd, 0x01, 0xfe,
  0xfe, 0xcd, 0x01, 0xfe, 0xfe, 0xcd, 0x01, 0xfe, 0xfe, 0xcd, 0x01, 0xfe,
  0xfe, 0xcd, 0x01, 0xfe, 0xfe, 0xcd, 0x01, 0xfe, 0xfe, 0xcd, 0x01, 0xfe,
  0xfe, 0xcd, 0x01, 0xfe, 0xfe, 0xcd, 0x01, 0xfe, 0xfe, 0xcd, 0x01, 0xfe,
  0xfe, 0xcd, 0x01, 0xfe, 0xfe, 0xcd, 0x01, 0xfe, 0xfe, 0xcd, 0x01, 0xfe,
  0xfe, 0xcd, 0x01, 0xfe, 0xfe, 0xcd, 0x01, 0xfe, 0xfe, 0xcd, 0x01, 0xfe,
  0xfe, 0xcd, 0x01, 0xfe, 0xfe, 0xcd, 0x01, 0xfe, 0xfe, 0xcd, 0x01, 0xfe,
  0xfe, 0xcd, 0x01, 0xfe, 0xfe, 0xcd, 0x01, 0xfe, 0xfe, 0xcd, 0x01, 0xfe,
  0xfe, 0xcd, 0x01, 0xfe, 0xfe, 0xcd, 0x01, 0xfe, 0xfe, 0xcd, 0x01, 0xfe,
  0xfe, 0xcd, 0x01, 0xfe, 0xfe, 0xcd, 0x01, 0xfe, 0xfe, 0xcd, 0x01, 0xfe,
  0xfe, 0xcd, 0x01, 0xfe, 0xfe, 0xcd, 0x01, 0xfe, 0xfe, 0xcd, 0x01, 0xfe,
  0xfe, 0xcd, 0x01, 0xfe, 0xfe, 0xcd, 0x01, 0xfe, 0xfe, 0xcd, 0x01, 0xfe,
  0xfe, 0xcd, 0x01, 0xfe, 0xfe, 0xcd, 0x01, 0xfe, 0xfe, 0xcd, 0x01, 0xfe,
  0xfe, 0xcd, 0x01, 0xfe, 0xfe, 0xcd, 0x01, 0xfe, 0xfe, 0xcd, 0x01, 0xfe,
  0xfe, 0xcd, 0x01, 0xfe, 0xfe, 0xcd, 0x01, 0xfe, 0xfe, 0xcd, 0x01, 0xfe,
  0xfe, 0xcd, 0x01, 0xfe, 0xfe, 0xcd, 0x01, 0xfe, 0xfe, 0xcd, 0x01, 0xfe,
  0xfe, 0xcd, 0x01, 0xfe, 0xfe, 0xcd, 0x01, 0xfe, 0xfe, 0xcd, 0x01, 0xfe,
  0xfe, 0xcd, 0x01, 0xfe, 0xfe, 0xcd, 0x01, 0xfe, 0xfe, 0xcd, 0x01, 0xfe,
  0xfe, 0xcd, 0x01, 0xfe, 0xfe, 0xcd, 0x01, 0xfe, 0xfe, 0xcd, 0x01, 0xfe,
  0xfe, 0xcd, 0x01, 0xfe, 0xfe, 0xcd, 0x01, 0xfe, 0xfe, 0xcd, 0x01, 0xfe,
  0xfe, 0xcd, 0x01, 0xfe, 0xfe, 0xcd, 0x01, 0xfe, 0xfe, 0xcd, 0x01, 0xfe,
  0xfe, 0xcd, 0x01, 0xff, 0xfe, 0xcd, 0x01, 0xff, 0xfe, 0xcd, 0x01, 0xff,
  0xfe, 0xcd, 0x01, 0xff, 0xfe, 0xcd, 0x01, 0xff, 0xfe, 0xcd, 0x01, 0xff,
  0xfe, 0xcd, 0x01, 0xff, 0xfe, 0xcd, 0x01, 0xff, 0xfe, 0xcd, 0x01, 0xff,
  0xfe, 0xcd, 0x01, 0xff, 0xfe, 0xcd, 0x01, 0xff, 0xfe, 0xcd, 0x01, 0xff,
  0xfe, 0xcd, 0x01, 0xff, 0xfe, 0xcd, 0x01, 0xff, 0xfe, 0xcd, 0x01, 0xff,
  0xfe, 0xcd, 0x01, 0xff, 0xfe, 0xcd, 0x01, 0xff, 0xfe, 0xcd, 0x01, 0xff,
  0xfe, 0xcd, 0x01, 0xff, 0xfe, 0xcd, 0x01, 0xff, 0xfe, 0xcd, 0x01, 0xff,
  0xfe, 0xcd, 0x01, 0xff, 0xfe, 0xcd, 0x01, 0xff, 0xfe, 0xcd, 0x01, 0xff,
  0xfe, 0xcd, 0x01, 0xff, 0xfe, 0xcd, 0x01, 0xff, 0xfe, 0xcd, 0x01, 0xff,
  0xfe, 0xcd, 0x01, 0xff, 0xfe, 0xcd, 0x01, 0xff, 0xfe, 0xcd, 0x01, 0xff,
  0xfe, 0xcd, 0x01, 0xff, 0xfe, 0xcd, 0x01, 0xff, 0xfe, 0xcd, 0x01, 0xff,
  0xfe, 0xcd, 0x01, 0xff, 0xfe, 0xcd, 0x01, 0xff, 0xfe, 0xcd, 0x01, 0xff,
  0xfe, 0xcd, 0x01, 0xff, 0xfe, 0xcd, 0x01, 0xff, 0xfe, 0xcd, 0x01, 0xff,
  0xfe, 0xcd, 0x01, 0xff, 0xfe, 0xcd, 0x01, 0xff, 0xfe, 0xcd, 0x01, 0xff,
  0xfe, 0xcd, 0x01, 0xff, 0xfe, 0xcd, 0x01, 0xff, 0xfe, 0xcd, 0x01, 0xff,
  0x24, 0x22, 0x17, 0xf6, 0x18, 0x18, 0x18, 0xff, 0x00, 0x00, 0x00, 0xff,
  0x00, 0x00, 0x00, 0xff, 0x00, 0x00, 0x00, 0xb6, 0x00, 0x00, 0x00, 0x00,
  0x00, 0x00, 0x00, 0x00, 0x00, 0x00, 0x00, 0x00, 0x00, 0x00, 0x00, 0x00,
  0x00, 0x00, 0x00, 0x00, 0x00, 0x00, 0x00, 0x00, 0x00, 0x00, 0x00, 0x00,
  0x00, 0x00, 0x00, 0x00, 0x00, 0x00, 0x00, 0x00, 0x00, 0x00, 0x00, 0xc4,
  0x00, 0x00, 0x00, 0xff, 0x00, 0x00, 0x00, 0xff, 0x00, 0x00, 0x00, 0xff,
  0x10, 0x04, 0x00, 0xff, 0xff, 0x49, 0x29, 0xff, 0xff, 0x49, 0x29, 0xff,
  0xff, 0x49, 0x29, 0xff, 0xf9, 0x47, 0x28, 0xff, 0xf9, 0x47, 0x28, 0xff,
  0xf9, 0x47, 0x28, 0xff, 0xf9, 0x47, 0x28, 0xff, 0xf9, 0x47, 0x28, 0xff,
  0xf9, 0x47, 0x28, 0xff, 0xf9, 0x47, 0x28, 0xff, 0xf9, 0x47, 0x28, 0xff,
  0xf9, 0x47, 0x28, 0xff, 0xf9, 0x47, 0x28, 0xff, 0xf9, 0x47, 0x28, 0xff,
  0xf9, 0x47, 0x28, 0xff, 0xf9, 0x47, 0x28, 0xff, 0xf9, 0x47, 0x28, 0xff,
  0xf9, 0x47, 0x28, 0xff, 0xf9, 0x47, 0x28, 0xff, 0xf9, 0x47, 0x28, 0xff,
  0xf9, 0x47, 0x28, 0xff, 0xf9, 0x47, 0x28, 0xff, 0xf9, 0x47, 0x28, 0xff,
  0xf9, 0x47, 0x28, 0xff, 0xf9, 0x47, 0x28, 0xff, 0xf9, 0x47, 0x28, 0xff,
  0xf9, 0x47, 0x28, 0xff, 0xf9, 0x47, 0x28, 0xff, 0xf9, 0x47, 0x28, 0xff,
  0xf9, 0x47, 0x28, 0xff, 0xf9, 0x47, 0x28, 0xff, 0xf9, 0x47, 0x28, 0xff,
  0xf9, 0x47, 0x28, 0xff, 0xf9, 0x47, 0x28, 0xff, 0xf9, 0x47, 0x28, 0xff,
  0xf9, 0x47, 0x28, 0xff, 0xf9, 0x47, 0x28, 0xff, 0xf9, 0x47, 0x28, 0xff,
  0xf9, 0x47, 0x28, 0xff, 0xf9, 0x47, 0x28, 0xff, 0xf9, 0x47, 0x28, 0xff,
  0xf9, 0x47, 0x28, 0xff, 0xf9, 0x47, 0x28, 0xff, 0xf7, 0x45, 0x29, 0xff,
  0xf7, 0x45, 0x29, 0xff, 0xf7, 0x45, 0x29, 0xff, 0xf7, 0x45, 0x29, 0xff,
  0x0d, 0x04, 0x02, 0xff, 0x00, 0x00, 0x00, 0xff, 0x00, 0x00, 0x00, 0xff,
  0x0f, 0x0f, 0x0f, 0xff, 0xfe, 0xcd, 0x01, 0xff, 0xfe, 0xcd, 0x01, 0xff,
  0xfe, 0xcd, 0x01, 0xff, 0xfe, 0xcd, 0x01, 0xff, 0xfe, 0xcd, 0x01, 0xfe,
  0xfe, 0xcd, 0x01, 0xfe, 0xfe, 0xcd, 0x01, 0xfe, 0xfe, 0xcd, 0x01, 0xfe,
  0xfe, 0xcd, 0x01, 0xfe, 0xfe, 0xcd, 0x01, 0xfe, 0xfe, 0xcd, 0x01, 0xfe,
  0xfe, 0xcd, 0x01, 0xfe, 0xfe, 0xcd, 0x01, 0xfe, 0xfe, 0xcd, 0x01, 0xfe,
  0xfe, 0xcd, 0x01, 0xfe, 0xfe, 0xcd, 0x01, 0xfe, 0xfe, 0xcd, 0x01, 0xfe,
  0xfe, 0xcd, 0x01, 0xfe, 0xfe, 0xcd, 0x01, 0xfe, 0xfe, 0xcd, 0x01, 0xfe,
  0xfe, 0xcd, 0x01, 0xfe, 0xfe, 0xcd, 0x01, 0xfe, 0xfe, 0xcd, 0x01, 0xfe,
  0xfe, 0xcd, 0x01, 0xfe, 0xfe, 0xcd, 0x01, 0xfe, 0xfe, 0xcd, 0x01, 0xfe,
  0xfe, 0xcd, 0x01, 0xfe, 0xfe, 0xcd, 0x01, 0xfe, 0xfe, 0xcd, 0x01, 0xfe,
  0xfe, 0xcd, 0x01, 0xfe, 0xfe, 0xcd, 0x01, 0xfe, 0xfe, 0xcd, 0x01, 0xfe,
  0xfe, 0xcd, 0x01, 0xfe, 0xfe, 0xcd, 0x01, 0xfe, 0xfe, 0xcd, 0x01, 0xfe,
  0xfe, 0xcd, 0x01, 0xfe, 0xfe, 0xcd, 0x01, 0xfe, 0xfe, 0xcd, 0x01, 0xfe,
  0xfe, 0xcd, 0x01, 0xfe, 0xfe, 0xcd, 0x01, 0xfe, 0xfe, 0xcd, 0x01, 0xfe,
  0xfe, 0xcd, 0x01, 0xfe, 0xfe, 0xcd, 0x01, 0xfe, 0xfe, 0xcd, 0x01, 0xfe,
  0xfe, 0xcd, 0x01, 0xfe, 0xfe, 0xcd, 0x01, 0xfe, 0xfe, 0xcd, 0x01, 0xfe,
  0xfe, 0xcd, 0x01, 0xfe, 0xfe, 0xcd, 0x01, 0xfe, 0xfe, 0xcd, 0x01, 0xfe,
  0xfe, 0xcd, 0x01, 0xfe, 0xfe, 0xcd, 0x01, 0xfe, 0xfe, 0xcd, 0x01, 0xfe,
  0xfe, 0xcd, 0x01, 0xfe, 0xfe, 0xcd, 0x01, 0xfe, 0xfe, 0xcd, 0x01, 0xfe,
  0xfe, 0xcd, 0x01, 0xfe, 0xfe, 0xcd, 0x01, 0xfe, 0xfe, 0xcd, 0x01, 0xfe,
  0xfe, 0xcd, 0x01, 0xfe, 0xfe, 0xcd, 0x01, 0xfe, 0xfe, 0xcd, 0x01, 0xfe,
  0xfe, 0xcd, 0x01, 0xfe, 0xfe, 0xcd, 0x01, 0xfe, 0xfe, 0xcd, 0x01, 0xfe,
  0xfe, 0xcd, 0x01, 0xfe, 0xfe, 0xcd, 0x01, 0xfe, 0xfe, 0xcd, 0x01, 0xfe,
  0xfe, 0xcd, 0x01, 0xfe, 0xfe, 0xcd, 0x01, 0xfe, 0xfe, 0xcd, 0x01, 0xfe,
  0xfe, 0xcd, 0x01, 0xfe, 0xfe, 0xcd, 0x01, 0xfe, 0xfe, 0xcd, 0x01, 0xfe,
  0xfe, 0xcd, 0x01, 0xfe, 0xfe, 0xcd, 0x01, 0xfe, 0xfe, 0xcd, 0x01, 0xfe,
  0xfe, 0xcd, 0x01, 0xfe, 0xfe, 0xcd, 0x01, 0xfe, 0xfe, 0xcd, 0x01, 0xfe,
  0xfe, 0xcd, 0x01, 0xfe, 0xfe, 0xcd, 0x01, 0xfe, 0xfe, 0xcd, 0x01, 0xfe,
  0xfe, 0xcd, 0x01, 0xfe, 0xfe, 0xcd, 0x01, 0xfe, 0xfe, 0xcd, 0x01, 0xfe,
  0xfe, 0xcd, 0x01, 0xfe, 0xfe, 0xcd, 0x01, 0xfe, 0xfe, 0xcd, 0x01, 0xfe,
  0xfe, 0xcd, 0x01, 0xfe, 0xfe, 0xcd, 0x01, 0xfe, 0xfe, 0xcd, 0x01, 0xfe,
  0xfe, 0xcd, 0x01, 0xfe, 0xfe, 0xcd, 0x01, 0xfe, 0xfe, 0xcd, 0x01, 0xfe,
  0xfe, 0xcd, 0x01, 0xfe, 0xfe, 0xcd, 0x01, 0xfe, 0xfe, 0xcd, 0x01, 0xfe,
  0xfe, 0xcd, 0x01, 0xfe, 0xfe, 0xcd, 0x01, 0xfe, 0xfe, 0xcd, 0x01, 0xfe,
  0xfe, 0xcd, 0x01, 0xfe, 0xfe, 0xcd, 0x01, 0xfe, 0xfe, 0xcd, 0x01, 0xfe,
  0xfe, 0xcd, 0x01, 0xfe, 0xfe, 0xcd, 0x01, 0xfe, 0xfe, 0xcd, 0x01, 0xfe,
  0xfe, 0xcd, 0x01, 0xfe, 0xfe, 0xcd, 0x01, 0xfe, 0xfe, 0xcd, 0x01, 0xfe,
  0xfe, 0xcd, 0x01, 0xfe, 0xfe, 0xcd, 0x01, 0xfe, 0xfe, 0xcd, 0x01, 0xfe,
  0xfe, 0xcd, 0x01, 0xfe, 0xfe, 0xcd, 0x01, 0xfe, 0xfe, 0xcd, 0x01, 0xfe,
  0xfe, 0xcd, 0x01, 0xfe, 0xfe, 0xcd, 0x01, 0xfe, 0xfe, 0xcd, 0x01, 0xfe,
  0xfe, 0xcd, 0x01, 0xfe, 0xfe, 0xcd, 0x01, 0xfe, 0xfe, 0xcd, 0x01, 0xfe,
  0xfe, 0xcd, 0x01, 0xfe, 0xfe, 0xcd, 0x01, 0xfe, 0xfe, 0xcd, 0x01, 0xfe,
  0xfe, 0xcd, 0x01, 0xfe, 0xfe, 0xcd, 0x01, 0xfe, 0xfe, 0xcd, 0x01, 0xfe,
  0xfe, 0xcd, 0x01, 0xfe, 0xfe, 0xcd, 0x01, 0xfe, 0xfe, 0xcd, 0x01, 0xfe,
  0xfe, 0xcd, 0x01, 0xfe, 0xfe, 0xcd, 0x01, 0xfe, 0xfe, 0xcd, 0x01, 0xfe,
  0xfe, 0xcd, 0x01, 0xfe, 0xfe, 0xcd, 0x01, 0xfe, 0xfe, 0xcd, 0x01, 0xfe,
  0xfe, 0xcd, 0x01, 0xfe, 0xfe, 0xcd, 0x01, 0xfe, 0xfe, 0xcd, 0x01, 0xfe,
  0xfe, 0xcd, 0x01, 0xfe, 0xfe, 0xcd, 0x01, 0xfe, 0xfe, 0xcd, 0x01, 0xfe,
  0xfe, 0xcd, 0x01, 0xfe, 0xfe, 0xcd, 0x01, 0xfe, 0xfe, 0xcd, 0x01, 0xfe,
  0xfe, 0xcd, 0x01, 0xfe, 0xfe, 0xcd, 0x01, 0xfe, 0xfe, 0xcd, 0x01, 0xfe,
  0xfe, 0xcd, 0x01, 0xfe, 0xfe, 0xcd, 0x01, 0xfe, 0xfe, 0xcd, 0x01, 0xfe,
  0xfe, 0xcd, 0x01, 0xfe, 0xfe, 0xcd, 0x01, 0xfe, 0xfe, 0xcd, 0x01, 0xfe,
  0xfe, 0xcd, 0x01, 0xfe, 0xfe, 0xcd, 0x01, 0xfe, 0xfe, 0xcd, 0x01, 0xff,
  0xfe, 0xcd, 0x01, 0xff, 0xfe, 0xcd, 0x01, 0xff, 0xfe, 0xcd, 0x01, 0xff,
  0xfe, 0xcd, 0x01, 0xff, 0xfe, 0xcd, 0x01, 0xff, 0xfe, 0xcd, 0x01, 0xff,
  0xfe, 0xcd, 0x01, 0xff, 0xfe, 0xcd, 0x01, 0xff, 0xfe, 0xcd, 0x01, 0xff,
  0xfe, 0xcd, 0x01, 0xff, 0xfe, 0xcd, 0x01, 0xff, 0xfe, 0xcd, 0x01, 0xff,
  0xfe, 0xcd, 0x01, 0xff, 0xfe, 0xcd, 0x01, 0xff, 0xfe, 0xcd, 0x01, 0xff,
  0xfe, 0xcd, 0x01, 0xff, 0xfe, 0xcd, 0x01, 0xff, 0xfe, 0xcd, 0x01, 0xff,
  0xfe, 0xcd, 0x01, 0xff, 0xfe, 0xcd, 0x01, 0xff, 0xfe, 0xcd, 0x01, 0xff,
  0xfe, 0xcd, 0x01, 0xff, 0xfe, 0xcd, 0x01, 0xff, 0xfe, 0xcd, 0x01, 0xff,
  0xfe, 0xcd, 0x01, 0xff, 0xfe, 0xcd, 0x01, 0xff, 0xfe, 0xcd, 0x01, 0xff,
  0xfe, 0xcd, 0x01, 0xff, 0xfe, 0xcd, 0x01, 0xff, 0xfe, 0xcd, 0x01, 0xff,
  0xfe, 0xcd, 0x01, 0xff, 0xfe, 0xcd, 0x01, 0xff, 0xfe, 0xcd, 0x01, 0xff,
  0xfe, 0xcd, 0x01, 0xff, 0xfe, 0xcd, 0x01, 0xff, 0xfe, 0xcd, 0x01, 0xff,
  0xfe, 0xcd, 0x01, 0xff, 0xfe, 0xcd, 0x01, 0xff, 0xfe, 0xcd, 0x01, 0xff,
  0xfe, 0xcd, 0x01, 0xff, 0xfe, 0xcd, 0x01, 0xff, 0xfe, 0xcd, 0x01, 0xff,
  0xfe, 0xcd, 0x01, 0xff, 0xe1, 0xbd, 0x39, 0xff, 0x08, 0x04, 0x08, 0xff,
  0x08, 0x04, 0x08, 0xff, 0x00, 0x00, 0x00, 0xff, 0x00, 0x00, 0x00, 0xff,
  0x00, 0x00, 0x00, 0x40, 0x00, 0x00, 0x00, 0x00, 0x00, 0x00, 0x00, 0x00,
  0x00, 0x00, 0x00, 0x00, 0x00, 0x00, 0x00, 0x00, 0x00, 0x00, 0x00, 0x00,
  0x00, 0x00, 0x00, 0x00, 0x00, 0x00, 0x00, 0x00, 0x00, 0x00, 0x00, 0x00,
  0x00, 0x00, 0x00, 0x00, 0x00, 0x00, 0x00, 0x4c, 0x00, 0x00, 0x00, 0xff,
  0x00, 0x00, 0x00, 0xff, 0x00, 0x00, 0x00, 0xff, 0x10, 0x04, 0x00, 0xff,
  0x5f, 0x1b, 0x0d, 0xff, 0xff, 0x49, 0x29, 0xff, 0xff, 0x49, 0x29, 0xff,
  0xf9, 0x47, 0x28, 0xff, 0xf9, 0x47, 0x28, 0xff, 0xf9, 0x47, 0x28, 0xff,
  0xf9, 0x47, 0x28, 0xff, 0xf9, 0x47, 0x28, 0xff, 0xf9, 0x47, 0x28, 0xff,
  0xf9, 0x47, 0x28, 0xff, 0xf9, 0x47, 0x28, 0xff, 0xf9, 0x47, 0x28, 0xff,
  0xf9, 0x47, 0x28, 0xff, 0xf9, 0x47, 0x28, 0xff, 0xf9, 0x47, 0x28, 0xff,
  0xf9, 0x47, 0x28, 0xff, 0xf9, 0x47, 0x28, 0xff, 0xf9, 0x47, 0x28, 0xff,
  0xf9, 0x47, 0x28, 0xff, 0xf9, 0x47, 0x28, 0xff, 0xf9, 0x47, 0x28, 0xff,
  0xf9, 0x47, 0x28, 0xff, 0xf9, 0x47, 0x28, 0xff, 0xf9, 0x47, 0x28, 0xff,
  0xf9, 0x47, 0x28, 0xff, 0xf9, 0x47, 0x28, 0xff, 0xf9, 0x47, 0x28, 0xff,
  0xf9, 0x47, 0x28, 0xff, 0xf9, 0x47, 0x28, 0xff, 0xf9, 0x47, 0x28, 0xff,
  0xf9, 0x47, 0x28, 0xff, 0xf9, 0x47, 0x28, 0xff, 0xf9, 0x47, 0x28, 0xff,
  0xf9, 0x47, 0x28, 0xff, 0xf9, 0x48, 0x2a, 0xff, 0xf9, 0x47, 0x28, 0xff,
  0xf9, 0x47, 0x28, 0xff, 0xf9, 0x47, 0x28, 0xff, 0xf9, 0x47, 0x28, 0xff,
  0xf9, 0x47, 0x28, 0xff, 0xf9, 0x47, 0x28, 0xff, 0xf9, 0x47, 0x28, 0xff,
  0xf9, 0x47, 0x28, 0xff, 0xf7, 0x45, 0x29, 0xff, 0xf7, 0x45, 0x29, 0xff,
  0xf7, 0x45, 0x29, 0xff, 0x62, 0x1c, 0x0d, 0xff, 0x00, 0x00, 0x00, 0xff,
  0x00, 0x00, 0x00, 0xff, 0x00, 0x00, 0x00, 0xff, 0xbc, 0xa1, 0x2d, 0xff,
  0xfe, 0xcd, 0x01, 0xff, 0xfe, 0xcd, 0x01, 0xff, 0xfe, 0xcd, 0x01, 0xff,
  0xfe, 0xcd, 0x01, 0xff, 0xfe, 0xcd, 0x01, 0xfe, 0xfe, 0xcd, 0x01, 0xfe,
  0xfe, 0xcd, 0x01, 0xfe, 0xfe, 0xcd, 0x01, 0xfe, 0xfe, 0xcd, 0x01, 0xfe,
  0xfe, 0xcd, 0x01, 0xfe, 0xfe, 0xcd, 0x01, 0xfe, 0xfe, 0xcd, 0x01, 0xfe,
  0xfe, 0xcd, 0x01, 0xfe, 0xfe, 0xcd, 0x01, 0xfe, 0xfe, 0xcd, 0x01, 0xfe,
  0xfe, 0xcd, 0x01, 0xfe, 0xfe, 0xcd, 0x01, 0xfe, 0xfe, 0xcd, 0x01, 0xfe,
  0xfe, 0xcd, 0x01, 0xfe, 0xfe, 0xcd, 0x01, 0xfe, 0xfe, 0xcd, 0x01, 0xfe,
  0xfe, 0xcd, 0x01, 0xfe, 0xfe, 0xcd, 0x01, 0xfe, 0xfe, 0xcd, 0x01, 0xfe,
  0xfe, 0xcd, 0x01, 0xfe, 0xfe, 0xcd, 0x01, 0xfe, 0xfe, 0xcd, 0x01, 0xfe,
  0xfe, 0xcd, 0x01, 0xfe, 0xfe, 0xcd, 0x01, 0xfe, 0xfe, 0xcd, 0x01, 0xfe,
  0xfe, 0xcd, 0x01, 0xfe, 0xfe, 0xcd, 0x01, 0xfe, 0xfe, 0xcd, 0x01, 0xfe,
  0xfe, 0xcd, 0x01, 0xfe, 0xfe, 0xcd, 0x01, 0xfe, 0xfe, 0xcd, 0x01, 0xfe,
  0xfe, 0xcd, 0x01, 0xfe, 0xfe, 0xcd, 0x01, 0xfe, 0xfe, 0xcd, 0x01, 0xfe,
  0xfe, 0xcd, 0x01, 0xfe, 0xfe, 0xcd, 0x01, 0xfe, 0xfe, 0xcd, 0x01, 0xfe,
  0xfe, 0xcd, 0x01, 0xfe, 0xfe, 0xcd, 0x01, 0xfe, 0xfe, 0xcd, 0x01, 0xfe,
  0xfe, 0xcd, 0x01, 0xfe, 0xfe, 0xcd, 0x01, 0xfe, 0xfe, 0xcd, 0x01, 0xfe,
  0xfe, 0xcd, 0x01, 0xfe, 0xfe, 0xcd, 0x01, 0xfe, 0xfe, 0xcd, 0x01, 0xfe,
  0xfe, 0xcd, 0x01, 0xfe, 0xfe, 0xcd, 0x01, 0xfe, 0xfe, 0xcd, 0x01, 0xfe,
  0xfe, 0xcd, 0x01, 0xfe, 0xfe, 0xcd, 0x01, 0xfe, 0xfe, 0xcd, 0x01, 0xfe,
  0xfe, 0xcd, 0x01, 0xfe, 0xfe, 0xcd, 0x01, 0xfe, 0xfe, 0xcd, 0x01, 0xfe,
  0xfe, 0xcd, 0x01, 0xfe, 0xfe, 0xcd, 0x01, 0xfe, 0xfe, 0xcd, 0x01, 0xfe,
  0xfe, 0xcd, 0x01, 0xfe, 0xfe, 0xcd, 0x01, 0xfe, 0xfe, 0xcd, 0x01, 0xfe,
  0xfe, 0xcd, 0x01, 0xfe, 0xfe, 0xcd, 0x01, 0xfe, 0xfe, 0xcd, 0x01, 0xfe,
  0xfe, 0xcd, 0x01, 0xfe, 0xfe, 0xcd, 0x01, 0xfe, 0xfe, 0xcd, 0x01, 0xfe,
  0xfe, 0xcd, 0x01, 0xfe, 0xfe, 0xcd, 0x01, 0xfe, 0xfe, 0xcd, 0x01, 0xfe,
  0xfe, 0xcd, 0x01, 0xfe, 0xfe, 0xcd, 0x01, 0xfe, 0xfe, 0xcd, 0x01, 0xfe,
  0xfe, 0xcd, 0x01, 0xfe, 0xfe, 0xcd, 0x01, 0xfe, 0xfe, 0xcd, 0x01, 0xfe,
  0xfe, 0xcd, 0x01, 0xfe, 0xfe, 0xcd, 0x01, 0xfe, 0xfe, 0xcd, 0x01, 0xfe,
  0xfe, 0xcd, 0x01, 0xfe, 0xfe, 0xcd, 0x01, 0xfe, 0xfe, 0xcd, 0x01, 0xfe,
  0xfe, 0xcd, 0x01, 0xfe, 0xfe, 0xcd, 0x01, 0xfe, 0xfe, 0xcd, 0x01, 0xfe,
  0xfe, 0xcd, 0x01, 0xfe, 0xfe, 0xcd, 0x01, 0xfe, 0xfe, 0xcd, 0x01, 0xfe,
  0xfe, 0xcd, 0x01, 0xfe, 0xfe, 0xcd, 0x01, 0xfe, 0xfe, 0xcd, 0x01, 0xfe,
  0xfe, 0xcd, 0x01, 0xfe, 0xfe, 0xcd, 0x01, 0xfe, 0xfe, 0xcd, 0x01, 0xfe,
  0xfe, 0xcd, 0x01, 0xfe, 0xfe, 0xcd, 0x01, 0xfe, 0xfe, 0xcd, 0x01, 0xfe,
  0xfe, 0xcd, 0x01, 0xfe, 0xfe, 0xcd, 0x01, 0xfe, 0xfe, 0xcd, 0x01, 0xfe,
  0xfe, 0xcd, 0x01, 0xfe, 0xfe, 0xcd, 0x01, 0xfe, 0xfe, 0xcd, 0x01, 0xfe,
  0xfe, 0xcd, 0x01, 0xfe, 0xfe, 0xcd, 0x01, 0xfe, 0xfe, 0xcd, 0x01, 0xfe,
  0xfe, 0xcd, 0x01, 0xfe, 0xfe, 0xcd, 0x01, 0xfe, 0xfe, 0xcd, 0x01, 0xfe,
  0xfe, 0xcd, 0x01, 0xfe, 0xfe, 0xcd, 0x01, 0xfe, 0xfe, 0xcd, 0x01, 0xfe,
  0xfe, 0xcd, 0x01, 0xfe, 0xfe, 0xcd, 0x01, 0xfe, 0xfe, 0xcd, 0x01, 0xfe,
  0xfe, 0xcd, 0x01, 0xfe, 0xfe, 0xcd, 0x01, 0xfe, 0xfe, 0xcd, 0x01, 0xfe,
  0xfe, 0xcd, 0x01, 0xfe, 0xfe, 0xcd, 0x01, 0xfe, 0xfe, 0xcd, 0x01, 0xfe,
  0xfe, 0xcd, 0x01, 0xfe, 0xfe, 0xcd, 0x01, 0xfe, 0xfe, 0xcd, 0x01, 0xfe,
  0xfe, 0xcd, 0x01, 0xfe, 0xfe, 0xcd, 0x01, 0xfe, 0xfe, 0xcd, 0x01, 0xfe,
  0xfe, 0xcd, 0x01, 0xfe, 0xfe, 0xcd, 0x01, 0xfe, 0xfe, 0xcd, 0x01, 0xfe,
  0xfe, 0xcd, 0x01, 0xfe, 0xfe, 0xcd, 0x01, 0xfe, 0xfe, 0xcd, 0x01, 0xfe,
  0xfe, 0xcd, 0x01, 0xfe, 0xfe, 0xcd, 0x01, 0xfe, 0xfe, 0xcd, 0x01, 0xfe,
  0xfe, 0xcd, 0x01, 0xfe, 0xfe, 0xcd, 0x01, 0xfe, 0xfe, 0xcd, 0x01, 0xfe,
  0xfe, 0xcd, 0x01, 0xfe, 0xfe, 0xcd, 0x01, 0xfe, 0xfe, 0xcd, 0x01, 0xfe,
  0xfe, 0xcd, 0x01, 0xfe, 0xfe, 0xcd, 0x01, 0xfe, 0xfe, 0xcd, 0x01, 0xfe,
  0xfe, 0xcd, 0x01, 0xfe, 0xfe, 0xcd, 0x01, 0xfe, 0xfe, 0xcd, 0x01, 0xfe,
  0xfe, 0xcd, 0x01, 0xfe, 0xfe, 0xcd, 0x01, 0xfe, 0xfe, 0xcd, 0x01, 0xfe,
  0xfe, 0xcd, 0x01, 0xfe, 0xfe, 0xcd, 0x01, 0xfe, 0xfe, 0xcd, 0x01, 0xff,
  0xfe, 0xcd, 0x01, 0xff, 0xfe, 0xcd, 0x01, 0xff, 0xfe, 0xcd, 0x01, 0xff,
  0xfe, 0xcd, 0x01, 0xff, 0xfe, 0xcd, 0x01, 0xff, 0xfe, 0xcd, 0x01, 0xff,
  0xfe, 0xcd, 0x01, 0xff, 0xfe, 0xcd, 0x01, 0xff, 0xfe, 0xcd, 0x01, 0xff,
  0xfe, 0xcd, 0x01, 0xff, 0xfe, 0xcd, 0x01, 0xff, 0xfe, 0xcd, 0x01, 0xff,
  0xfe, 0xcd, 0x01, 0xff, 0xfe, 0xcd, 0x01, 0xff, 0xfe, 0xcd, 0x01, 0xff,
  0xfe, 0xcd, 0x01, 0xff, 0xfe, 0xcd, 0x01, 0xff, 0xfe, 0xcd, 0x01, 0xff,
  0xfe, 0xcd, 0x01, 0xff, 0xfe, 0xcd, 0x01, 0xff, 0xfe, 0xcd, 0x01, 0xff,
  0xfe, 0xcd, 0x01, 0xff, 0xfe, 0xcd, 0x01, 0xff, 0xfe, 0xcd, 0x01, 0xff,
  0xfe, 0xcd, 0x01, 0xff, 0xfe, 0xcd, 0x01, 0xff, 0xfe, 0xcd, 0x01, 0xff,
  0xfe, 0xcd, 0x01, 0xff, 0xfe, 0xcd, 0x01, 0xff, 0xfe, 0xcd, 0x01, 0xff,
  0xfe, 0xcd, 0x01, 0xff, 0xfe, 0xcd, 0x01, 0xff, 0xfe, 0xcd, 0x01, 0xff,
  0xfe, 0xcd, 0x01, 0xff, 0xfe, 0xcd, 0x01, 0xff, 0xfe, 0xcd, 0x01, 0xff,
  0xfe, 0xcd, 0x01, 0xff, 0xfe, 0xcd, 0x01, 0xff, 0xfe, 0xcd, 0x01, 0xff,
  0xfe, 0xcd, 0x01, 0xff, 0xfe, 0xcd, 0x01, 0xff, 0xfe, 0xcd, 0x01, 0xff,
  0x13, 0x0d, 0x08, 0xff, 0x08, 0x04, 0x08, 0xff, 0x08, 0x04, 0x08, 0xff,
  0x00, 0x00, 0x00, 0xff, 0x00, 0x00, 0x00, 0xe0, 0x00, 0x00, 0x00, 0x00,
  0x00, 0x00, 0x00, 0x00, 0x00, 0x00, 0x00, 0x00, 0x00, 0x00, 0x00, 0x00,
  0x00, 0x00, 0x00, 0x00, 0x00, 0x00, 0x00, 0x00, 0x00, 0x00, 0x00, 0x00,
  0x00, 0x00, 0x00, 0x00, 0x00, 0x00, 0x00, 0x00, 0x00, 0x00, 0x00, 0x00,
  0x00, 0x00, 0x00, 0x00, 0x00, 0x00, 0x00, 0xc4, 0x00, 0x00, 0x00, 0xff,
  0x00, 0x00, 0x00, 0xff, 0x10, 0x04, 0x00, 0xff, 0x10, 0x04, 0x00, 0xff,
  0xaf, 0x32, 0x1b, 0xff, 0xff, 0x49, 0x29, 0xff, 0xf9, 0x47, 0x28, 0xff,
  0xf9, 0x47, 0x28, 0xff, 0xf9, 0x47, 0x28, 0xff, 0xf9, 0x47, 0x28, 0xff,
  0xf8, 0x46, 0x25, 0xff, 0xf9, 0x47, 0x28, 0xff, 0xf9, 0x47, 0x28, 0xff,
  0xf9, 0x47, 0x28, 0xff, 0xf9, 0x47, 0x28, 0xff, 0xf9, 0x47, 0x28, 0xff,
  0xf9, 0x47, 0x28, 0xff, 0xf9, 0x47, 0x28, 0xff, 0xf9, 0x47, 0x28, 0xff,
  0xf9, 0x47, 0x28, 0xff, 0xf9, 0x47, 0x28, 0xff, 0xf9, 0x47, 0x28, 0xff,
  0xf9, 0x47, 0x28, 0xff, 0xf9, 0x47, 0x28, 0xff, 0xf9, 0x47, 0x28, 0xff,
  0xf9, 0x47, 0x28, 0xff, 0xf9, 0x47, 0x28, 0xff, 0xf9, 0x47, 0x28, 0xff,
  0xf9, 0x47, 0x28, 0xff, 0xf9, 0x47, 0x28, 0xff, 0xf9, 0x47, 0x28, 0xff,
  0xf9, 0x47, 0x28, 0xff, 0xf9, 0x47, 0x28, 0xff, 0xf9, 0x47, 0x28, 0xff,
  0xf9, 0x48, 0x29, 0xff, 0xf9, 0x48, 0x29, 0xff, 0xf8, 0x4a, 0x2c, 0xff,
  0xf7, 0x4c, 0x2f, 0xff, 0xf9, 0x47, 0x28, 0xff, 0xf9, 0x47, 0x28, 0xff,
  0xf9, 0x47, 0x28, 0xff, 0xf9, 0x47, 0x28, 0xff, 0xf9, 0x47, 0x28, 0xff,
  0xf9, 0x47, 0x28, 0xff, 0xf9, 0x47, 0x28, 0xff, 0xf9, 0x47, 0x28, 0xff,
  0xf7, 0x45, 0x29, 0xff, 0xf7, 0x45, 0x29, 0xff, 0xac, 0x30, 0x1b, 0xff,
  0x18, 0x08, 0x00, 0xff, 0x00, 0x00, 0x00, 0xff, 0x00, 0x00, 0x00, 0xff,
  0x0f, 0x0f, 0x0f, 0xff, 0xfe, 0xcd, 0x01, 0xff, 0xfe, 0xcd, 0x01, 0xff,
  0xfe, 0xcd, 0x01, 0xff, 0xfe, 0xcd, 0x01, 0xff, 0xfe, 0xcd, 0x01, 0xfe,
  0xfe, 0xcd, 0x01, 0xfe, 0xfe, 0xcd, 0x01, 0xfe, 0xfe, 0xcd, 0x01, 0xfe,
  0xfe, 0xcd, 0x01, 0xfe, 0xfe, 0xcd, 0x01, 0xfe, 0xfe, 0xcd, 0x01, 0xfe,
  0xfe, 0xcd, 0x01, 0xfe, 0xfe, 0xcd, 0x01, 0xfe, 0xfe, 0xcd, 0x01, 0xfe,
  0xfe, 0xcd, 0x01, 0xfe, 0xfe, 0xcd, 0x01, 0xfe, 0xfe, 0xcd, 0x01, 0xfe,
  0xfe, 0xcd, 0x01, 0xfe, 0xfe, 0xcd, 0x01, 0xfe, 0xfe, 0xcd, 0x01, 0xfe,
  0xfe, 0xcd, 0x01, 0xfe, 0xfe, 0xcd, 0x01, 0xfe, 0xfe, 0xcd, 0x01, 0xfe,
  0xfe, 0xcd, 0x01, 0xfe, 0xfe, 0xcd, 0x01, 0xfe, 0xfe, 0xcd, 0x01, 0xfe,
  0xfe, 0xcd, 0x01, 0xfe, 0xfe, 0xcd, 0x01, 0xfe, 0xfe, 0xcd, 0x01, 0xfe,
  0xfe, 0xcd, 0x01, 0xfe, 0xfe, 0xcd, 0x01, 0xfe, 0xfe, 0xcd, 0x01, 0xfe,
  0xfe, 0xcd, 0x01, 0xfe, 0xfe, 0xcd, 0x01, 0xfe, 0xfe, 0xcd, 0x01, 0xfe,
  0xfe, 0xcd, 0x01, 0xfe, 0xfe, 0xcd, 0x01, 0xfe, 0xfe, 0xcd, 0x01, 0xfe,
  0xfe, 0xcd, 0x01, 0xfe, 0xfe, 0xcd, 0x01, 0xfe, 0xfe, 0xcd, 0x01, 0xfe,
  0xfe, 0xcd, 0x01, 0xfe, 0xfe, 0xcd, 0x01, 0xfe, 0xfe, 0xcd, 0x01, 0xfe,
  0xfe, 0xcd, 0x01, 0xfe, 0xfe, 0xcd, 0x01, 0xfe, 0xfe, 0xcd, 0x01, 0xfe,
  0xfe, 0xcd, 0x01, 0xfe, 0xfe, 0xcd, 0x01, 0xfe, 0xfe, 0xcd, 0x01, 0xfe,
  0xfe, 0xcd, 0x01, 0xfe, 0xfe, 0xcd, 0x01, 0xfe, 0xfe, 0xcd, 0x01, 0xfe,
  0xfe, 0xcd, 0x01, 0xfe, 0xfe, 0xcd, 0x01, 0xfe, 0xfe, 0xcd, 0x01, 0xfe,
  0xfe, 0xcd, 0x01, 0xfe, 0xfe, 0xcd, 0x01, 0xfe, 0xfe, 0xcd, 0x01, 0xfe,
  0xfe, 0xcd, 0x01, 0xfe, 0xfe, 0xcd, 0x01, 0xfe, 0xfe, 0xcd, 0x01, 0xfe,
  0xfe, 0xcd, 0x01, 0xfe, 0xfe, 0xcd, 0x01, 0xfe, 0xfe, 0xcd, 0x01, 0xfe,
  0xfe, 0xcd, 0x01, 0xfe, 0xfe, 0xcd, 0x01, 0xfe, 0xfe, 0xcd, 0x01, 0xfe,
  0xfe, 0xcd, 0x01, 0xfe, 0xfe, 0xcd, 0x01, 0xfe, 0xfe, 0xcd, 0x01, 0xfe,
  0xfe, 0xcd, 0x01, 0xfe, 0xfe, 0xcd, 0x01, 0xfe, 0xfe, 0xcd, 0x01, 0xfe,
  0xfe, 0xcd, 0x01, 0xfe, 0xfe, 0xcd, 0x01, 0xfe, 0xfe, 0xcd, 0x01, 0xfe,
  0xfe, 0xcd, 0x01, 0xfe, 0xfe, 0xcd, 0x01, 0xfe, 0xfe, 0xcd, 0x01, 0xfe,
  0xfe, 0xcd, 0x01, 0xfe, 0xfe, 0xcd, 0x01, 0xfe, 0xfe, 0xcd, 0x01, 0xfe,
  0xfe, 0xcd, 0x01, 0xfe, 0xfe, 0xcd, 0x01, 0xfe, 0xfe, 0xcd, 0x01, 0xfe,
  0xfe, 0xcd, 0x01, 0xfe, 0xfe, 0xcd, 0x01, 0xfe, 0xfe, 0xcd, 0x01, 0xfe,
  0xfe, 0xcd, 0x01, 0xfe, 0xfe, 0xcd, 0x01, 0xfe, 0xfe, 0xcd, 0x01, 0xfe,
  0xfe, 0xcd, 0x01, 0xfe, 0xfe, 0xcd, 0x01, 0xfe, 0xfe, 0xcd, 0x01, 0xfe,
  0xfe, 0xcd, 0x01, 0xfe, 0xfe, 0xcd, 0x01, 0xfe, 0xfe, 0xcd, 0x01, 0xfe,
  0xfe, 0xcd, 0x01, 0xfe, 0xfe, 0xcd, 0x01, 0xfe, 0xfe, 0xcd, 0x01, 0xfe,
  0xfe, 0xcd, 0x01, 0xfe, 0xfe, 0xcd, 0x01, 0xfe, 0xfe, 0xcd, 0x01, 0xfe,
  0xfe, 0xcd, 0x01, 0xfe, 0xfe, 0xcd, 0x01, 0xfe, 0xfe, 0xcd, 0x01, 0xfe,
  0xfe, 0xcd, 0x01, 0xfe, 0xfe, 0xcd, 0x01, 0xfe, 0xfe, 0xcd, 0x01, 0xfe,
  0xfe, 0xcd, 0x01, 0xfe, 0xfe, 0xcd, 0x01, 0xfe, 0xfe, 0xcd, 0x01, 0xfe,
  0xfe, 0xcd, 0x01, 0xfe, 0xfe, 0xcd, 0x01, 0xfe, 0xfe, 0xcd, 0x01, 0xfe,
  0xfe, 0xcd, 0x01, 0xfe, 0xfe, 0xcd, 0x01, 0xfe, 0xfe, 0xcd, 0x01, 0xfe,
  0xfe, 0xcd, 0x01, 0xfe, 0xfe, 0xcd, 0x01, 0xfe, 0xfe, 0xcd, 0x01, 0xfe,
  0xfe, 0xcd, 0x01, 0xfe, 0xfe, 0xcd, 0x01, 0xfe, 0xfe, 0xcd, 0x01, 0xfe,
  0xfe, 0xcd, 0x01, 0xfe, 0xfe, 0xcd, 0x01, 0xfe, 0xfe, 0xcd, 0x01, 0xfe,
  0xfe, 0xcd, 0x01, 0xfe, 0xfe, 0xcd, 0x01, 0xfe, 0xfe, 0xcd, 0x01, 0xfe,
  0xfe, 0xcd, 0x01, 0xfe, 0xfe, 0xcd, 0x01, 0xfe, 0xfe, 0xcd, 0x01, 0xfe,
  0xfe, 0xcd, 0x01, 0xfe, 0xfe, 0xcd, 0x01, 0xfe, 0xfe, 0xcd, 0x01, 0xfe,
  0xfe, 0xcd, 0x01, 0xfe, 0xfe, 0xcd, 0x01, 0xfe, 0xfe, 0xcd, 0x01, 0xfe,
  0xfe, 0xcd, 0x01, 0xfe, 0xfe, 0xcd, 0x01, 0xfe, 0xfe, 0xcd, 0x01, 0xfe,
  0xfe, 0xcd, 0x01, 0xfe, 0xfe, 0xcd, 0x01, 0xfe, 0xfe, 0xcd, 0x01, 0xfe,
  0xfe, 0xcd, 0x01, 0xfe, 0xfe, 0xcd, 0x01, 0xfe, 0xfe, 0xcd, 0x01, 0xfe,
  0xfe, 0xcd, 0x01, 0xfe, 0xfe, 0xcd, 0x01, 0xfe, 0xfe, 0xcd, 0x01, 0xfe,
  0xfe, 0xcd, 0x01, 0xfe, 0xfe, 0xcd, 0x01, 0xfe, 0xfe, 0xcd, 0x01, 0xfe,
  0xfe, 0xcd, 0x01, 0xfe, 0xfe, 0xcd, 0x01, 0xfe, 0xfe, 0xcd, 0x01, 0xfe,
  0xfe, 0xcd, 0x01, 0xfe, 0xfe, 0xcd, 0x01, 0xfe, 0xfe, 0xcd, 0x01, 0xff,
  0xfe, 0xcd, 0x01, 0xff, 0xfe, 0xcd, 0x01, 0xff, 0xfe, 0xcd, 0x01, 0xff,
  0xfe, 0xcd, 0x01, 0xff, 0xfe, 0xcd, 0x01, 0xff, 0xfe, 0xcd, 0x01, 0xff,
  0xfe, 0xcd, 0x01, 0xff, 0xfe, 0xcd, 0x01, 0xff, 0xfe, 0xcd, 0x01, 0xff,
  0xfe, 0xcd, 0x01, 0xff, 0xfe, 0xcd, 0x01, 0xff, 0xfe, 0xcd, 0x01, 0xff,
  0xfe, 0xcd, 0x01, 0xff, 0xfe, 0xcd, 0x01, 0xff, 0xfe, 0xcd, 0x01, 0xff,
  0xfe, 0xcd, 0x01, 0xff, 0xfe, 0xcd, 0x01, 0xff, 0xfe, 0xcd, 0x01, 0xff,
  0xfe, 0xcd, 0x01, 0xff, 0xfe, 0xcd, 0x01, 0xff, 0xfe, 0xcd, 0x01, 0xff,
  0xfe, 0xcd, 0x01, 0xff, 0xfe, 0xcd, 0x01, 0xff, 0xfe, 0xcd, 0x01, 0xff,
  0xfe, 0xcd, 0x01, 0xff, 0xfe, 0xcd, 0x01, 0xff, 0xfe, 0xcd, 0x01, 0xff,
  0xfe, 0xcd, 0x01, 0xff, 0xfe, 0xcd, 0x01, 0xff, 0xfe, 0xcd, 0x01, 0xff,
  0xfe, 0xcd, 0x01, 0xff, 0xfe, 0xcd, 0x01, 0xff, 0xfe, 0xcd, 0x01, 0xff,
  0xfe, 0xcd, 0x01, 0xff, 0xfe, 0xcd, 0x01, 0xff, 0xfe, 0xcd, 0x01, 0xff,
  0xfe, 0xcd, 0x01, 0xff, 0xfe, 0xcd, 0x01, 0xff, 0xfe, 0xcd, 0x01, 0xff,
  0xfe, 0xcd, 0x01, 0xff, 0xbf, 0x9e, 0x21, 0xff, 0x0a, 0x06, 0x08, 0xff,
  0x08, 0x04, 0x08, 0xff, 0x08, 0x04, 0x08, 0xff, 0x00, 0x00, 0x00, 0xff,
  0x00, 0x00, 0x00, 0x40, 0x00, 0x00, 0x00, 0x00, 0x00, 0x00, 0x00, 0x00,
  0x00, 0x00, 0x00, 0x00, 0x00, 0x00, 0x00, 0x00, 0x00, 0x00, 0x00, 0x00,
  0x00, 0x00, 0x00, 0x00, 0x00, 0x00, 0x00, 0x00, 0x00, 0x00, 0x00, 0x00,
  0x00, 0x00, 0x00, 0x00, 0x00, 0x00, 0x00, 0x00, 0x00, 0x00, 0x00, 0x00,
  0x00, 0x00, 0x00, 0x30, 0x00, 0x00, 0x00, 0xff, 0x00, 0x00, 0x00, 0xff,
  0x10, 0x04, 0x00, 0xff, 0x10, 0x04, 0x00, 0xff, 0x10, 0x04, 0x00, 0xff,
  0xff, 0x49, 0x29, 0xff, 0xf9, 0x47, 0x28, 0xff, 0xf9, 0x47, 0x28, 0xff,
  0xf9, 0x47, 0x28, 0xff, 0xf9, 0x47, 0x28, 0xff, 0xf7, 0x45, 0x22, 0xff,
  0xf8, 0x46, 0x26, 0xff, 0xf9, 0x47, 0x28, 0xff, 0xf9, 0x47, 0x28, 0xff,
  0xf9, 0x47, 0x28, 0xff, 0xf9, 0x47, 0x28, 0xff, 0xf9, 0x47, 0x28, 0xff,
  0xf9, 0x47, 0x28, 0xff, 0xf9, 0x47, 0x28, 0xff, 0xf9, 0x47, 0x28, 0xff,
  0xf9, 0x47, 0x28, 0xff, 0xf9, 0x47, 0x28, 0xff, 0xf9, 0x47, 0x28, 0xff,
  0xf9, 0x47, 0x28, 0xff, 0xf9, 0x47, 0x28, 0xff, 0xf9, 0x47, 0x28, 0xff,
  0xf9, 0x47, 0x28, 0xff, 0xf9, 0x47, 0x28, 0xff, 0xf9, 0x47, 0x28, 0xff,
  0xf9, 0x47, 0x28, 0xff, 0xf9, 0x47, 0x28, 0xff, 0xf9, 0x47, 0x28, 0xff,
  0xf9, 0x47, 0x28, 0xff, 0xf9, 0x47, 0x28, 0xff, 0xf9, 0x48, 0x2a, 0xff,
  0xf8, 0x4b, 0x2f, 0xff, 0xf7, 0x4d, 0x31, 0xff, 0xf7, 0x4d, 0x31, 0xff,
  0xf9, 0x47, 0x28, 0xff, 0xf9, 0x47, 0x28, 0xff, 0xf9, 0x47, 0x28, 0xff,
  0xf9, 0x47, 0x28, 0xff, 0xf9, 0x47, 0x28, 0xff, 0xf9, 0x47, 0x28, 0xff,
  0xf9, 0x47, 0x28, 0xff, 0xf9, 0x47, 0x28, 0xff, 0xf7, 0x45, 0x29, 0xff,
  0xf7, 0x45, 0x29, 0xff, 0x18, 0x08, 0x00, 0xff, 0x18, 0x08, 0x00, 0xff,
  0x00, 0x00, 0x00, 0xff, 0x00, 0x00, 0x00, 0xff, 0xe0, 0xbd, 0x2b, 0xff,
  0xfe, 0xcd, 0x01, 0xff, 0xfe, 0xcd, 0x01, 0xff, 0xfe, 0xcd, 0x01, 0xff,
  0xfe, 0xcd, 0x01, 0xff, 0xfe, 0xcd, 0x01, 0xfe, 0xfe, 0xcd, 0x01, 0xfe,
  0xfe, 0xcd, 0x01, 0xfe, 0xfe, 0xcd, 0x01, 0xfe, 0xfe, 0xcd, 0x01, 0xfe,
  0xfe, 0xcd, 0x01, 0xfe, 0xfe, 0xcd, 0x01, 0xfe, 0xfe, 0xcd, 0x01, 0xfe,
  0xfe, 0xcd, 0x01, 0xfe, 0xfe, 0xcd, 0x01, 0xfe, 0xfe, 0xcd, 0x01, 0xfe,
  0xfe, 0xcd, 0x01, 0xfe, 0xfe, 0xcd, 0x01, 0xfe, 0xfe, 0xcd, 0x01, 0xfe,
  0xfe, 0xcd, 0x01, 0xfe, 0xfe, 0xcd, 0x01, 0xfe, 0xfe, 0xcd, 0x01, 0xfe,
  0xfe, 0xcd, 0x01, 0xfe, 0xfe, 0xcd, 0x01, 0xfe, 0xfe, 0xcd, 0x01, 0xfe,
  0xfe, 0xcd, 0x01, 0xfe, 0xfe, 0xcd, 0x01, 0xfe, 0xfe, 0xcd, 0x01, 0xfe,
  0xfe, 0xcd, 0x01, 0xfe, 0xfe, 0xcd, 0x01, 0xfe, 0xfe, 0xcd, 0x01, 0xfe,
  0xfe, 0xcd, 0x01, 0xfe, 0xfe, 0xcd, 0x01, 0xfe, 0xfe, 0xcd, 0x01, 0xfe,
  0xfe, 0xcd, 0x01, 0xfe, 0xfe, 0xcd, 0x01, 0xfe, 0xfe, 0xcd, 0x01, 0xfe,
  0xfe, 0xcd, 0x01, 0xfe, 0xfe, 0xcd, 0x01, 0xfe, 0xfe, 0xcd, 0x01, 0xfe,
  0xfe, 0xcd, 0x01, 0xfe, 0xfe, 0xcd, 0x01, 0xfe, 0xfe, 0xcd, 0x01, 0xfe,
  0xfe, 0xcd, 0x01, 0xfe, 0xfe, 0xcd, 0x01, 0xfe, 0xfe, 0xcd, 0x01, 0xfe,
  0xfe, 0xcd, 0x01, 0xfe, 0xfe, 0xcd, 0x01, 0xfe, 0xfe, 0xcd, 0x01, 0xfe,
  0xfe, 0xcd, 0x01, 0xfe, 0xfe, 0xcd, 0x01, 0xfe, 0xfe, 0xcd, 0x01, 0xfe,
  0xfe, 0xcd, 0x01, 0xfe, 0xfe, 0xcd, 0x01, 0xfe, 0xfe, 0xcd, 0x01, 0xfe,
  0xfe, 0xcd, 0x01, 0xfe, 0xfe, 0xcd, 0x01, 0xfe, 0xfe, 0xcd, 0x01, 0xfe,
  0xfe, 0xcd, 0x01, 0xfe, 0xfe, 0xcd, 0x01, 0xfe, 0xfe, 0xcd, 0x01, 0xfe,
  0xfe, 0xcd, 0x01, 0xfe, 0xfe, 0xcd, 0x01, 0xfe, 0xfe, 0xcd, 0x01, 0xfe,
  0xfe, 0xcd, 0x01, 0xfe, 0xfe, 0xcd, 0x01, 0xfe, 0xfe, 0xcd, 0x01, 0xfe,
  0xfe, 0xcd, 0x01, 0xfe, 0xfe, 0xcd, 0x01, 0xfe, 0xfe, 0xcd, 0x01, 0xfe,
  0xfe, 0xcd, 0x01, 0xfe, 0xfe, 0xcd, 0x01, 0xfe, 0xfe, 0xcd, 0x01, 0xfe,
  0xfe, 0xcd, 0x01, 0xfe, 0xfe, 0xcd, 0x01, 0xfe, 0xfe, 0xcd, 0x01, 0xfe,
  0xfe, 0xcd, 0x01, 0xfe, 0xfe, 0xcd, 0x01, 0xfe, 0xfe, 0xcd, 0x01, 0xfe,
  0xfe, 0xcd, 0x01, 0xfe, 0xfe, 0xcd, 0x01, 0xfe, 0xfe, 0xcd, 0x01, 0xfe,
  0xfe, 0xcd, 0x01, 0xfe, 0xfe, 0xcd, 0x01, 0xfe, 0xfe, 0xcd, 0x01, 0xfe,
  0xfe, 0xcd, 0x01, 0xfe, 0xfe, 0xcd, 0x01, 0xfe, 0xfe, 0xcd, 0x01, 0xfe,
  0xfe, 0xcd, 0x01, 0xfe, 0xfe, 0xcd, 0x01, 0xfe, 0xfe, 0xcd, 0x01, 0xfe,
  0xfe, 0xcd, 0x01, 0xfe, 0xfe, 0xcd, 0x01, 0xfe, 0xfe, 0xcd, 0x01, 0xfe,
  0xfe, 0xcd, 0x01, 0xfe, 0xfe, 0xcd, 0x01, 0xfe, 0xfe, 0xcd, 0x01, 0xfe,
  0xfe, 0xcd, 0x01, 0xfe, 0xfe, 0xcd, 0x01, 0xfe, 0xfe, 0xcd, 0x01, 0xfe,
  0xfe, 0xcd, 0x01, 0xfe, 0xfe, 0xcd, 0x01, 0xfe, 0xfe, 0xcd, 0x01, 0xfe,
  0xfe, 0xcd, 0x01, 0xfe, 0xfe, 0xcd, 0x01, 0xfe, 0xfe, 0xcd, 0x01, 0xfe,
  0xfe, 0xcd, 0x01, 0xfe, 0xfe, 0xcd, 0x01, 0xfe, 0xfe, 0xcd, 0x01, 0xfe,
  0xfe, 0xcd, 0x01, 0xfe, 0xfe, 0xcd, 0x01, 0xfe, 0xfe, 0xcd, 0x01, 0xfe,
  0xfe, 0xcd, 0x01, 0xfe, 0xfe, 0xcd, 0x01, 0xfe, 0xfe, 0xcd, 0x01, 0xfe,
  0xfe, 0xcd, 0x01, 0xfe, 0xfe, 0xcd, 0x01, 0xfe, 0xfe, 0xcd, 0x01, 0xfe,
  0xfe, 0xcd, 0x01, 0xfe, 0xfe, 0xcd, 0x01, 0xfe, 0xfe, 0xcd, 0x01, 0xfe,
  0xfe, 0xcd, 0x01, 0xfe, 0xfe, 0xcd, 0x01, 0xfe, 0xfe, 0xcd, 0x01, 0xfe,
  0xfe, 0xcd, 0x01, 0xfe, 0xfe, 0xcd, 0x01, 0xfe, 0xfe, 0xcd, 0x01, 0xfe,
  0xfe, 0xcd, 0x01, 0xfe, 0xfe, 0xcd, 0x01, 0xfe, 0xfe, 0xcd, 0x01, 0xfe,
  0xfe, 0xcd, 0x01, 0xfe, 0xfe, 0xcd, 0x01, 0xfe, 0xfe, 0xcd, 0x01, 0xfe,
  0xfe, 0xcd, 0x01, 0xfe, 0xfe, 0xcd, 0x01, 0xfe, 0xfe, 0xcd, 0x01, 0xfe,
  0xfe, 0xcd, 0x01, 0xfe, 0xfe, 0xcd, 0x01, 0xfe, 0xfe, 0xcd, 0x01, 0xfe,
  0xfe, 0xcd, 0x01, 0xfe, 0xfe, 0xcd, 0x01, 0xfe, 0xfe, 0xcd, 0x01, 0xfe,
  0xfe, 0xcd, 0x01, 0xfe, 0xfe, 0xcd, 0x01, 0xfe, 0xfe, 0xcd, 0x01, 0xfe,
  0xfe, 0xcd, 0x01, 0xfe, 0xfe, 0xcd, 0x01, 0xfe, 0xfe, 0xcd, 0x01, 0xfe,
  0xfe, 0xcd, 0x01, 0xfe, 0xfe, 0xcd, 0x01, 0xfe, 0xfe, 0xcd, 0x01, 0xfe,
  0xfe, 0xcd, 0x01, 0xfe, 0xfe, 0xcd, 0x01, 0xfe, 0xfe, 0xcd, 0x01, 0xfe,
  0xfe, 0xcd, 0x01, 0xfe, 0xfe, 0xcd, 0x01, 0xfe, 0xfe, 0xcd, 0x01, 0xfe,
  0xfe, 0xcd, 0x01, 0xfe, 0xfe, 0xcd, 0x01, 0xfe, 0xfe, 0xcd, 0x01, 0xfe,
  0xfe, 0xcd, 0x01, 0xfe, 0xfe, 0xcd, 0x01, 0xff, 0xfe, 0xcd, 0x01, 0xff,
  0xfe, 0xcd, 0x01, 0xff, 0xfe, 0xcd, 0x01, 0xff, 0xfe, 0xcd, 0x01, 0xff,
  0xfe, 0xcd, 0x01, 0xff, 0xfe, 0xcd, 0x01, 0xff, 0xfe, 0xcd, 0x01, 0xff,
  0xfe, 0xcd, 0x01, 0xff, 0xfe, 0xcd, 0x01, 0xff, 0xfe, 0xcd, 0x01, 0xff,
  0xfe, 0xcd, 0x01, 0xff, 0xfe, 0xcd, 0x01, 0xff, 0xfe, 0xcd, 0x01, 0xff,
  0xfe, 0xcd, 0x01, 0xff, 0xfe, 0xcd, 0x01, 0xff, 0xfe, 0xcd, 0x01, 0xff,
  0xfe, 0xcd, 0x01, 0xff, 0xfe, 0xcd, 0x01, 0xff, 0xfe, 0xcd, 0x01, 0xff,
  0xfe, 0xcd, 0x01, 0xff, 0xfe, 0xcd, 0x01, 0xff, 0xfe, 0xcd, 0x01, 0xff,
  0xfe, 0xcd, 0x01, 0xff, 0xfe, 0xcd, 0x01, 0xff, 0xfe, 0xcd, 0x01, 0xff,
  0xfe, 0xcd, 0x01, 0xff, 0xfe, 0xcd, 0x01, 0xff, 0xfe, 0xcd, 0x01, 0xff,
  0xfe, 0xcd, 0x01, 0xff, 0xfe, 0xcd, 0x01, 0xff, 0xfe, 0xcd, 0x01, 0xff,
  0xfe, 0xcd, 0x01, 0xff, 0xfe, 0xcd, 0x01, 0xff, 0xfe, 0xcd, 0x01, 0xff,
  0xfe, 0xcd, 0x01, 0xff, 0xfe, 0xcd, 0x01, 0xff, 0xfe, 0xcd, 0x01, 0xff,
  0xfe, 0xcd, 0x01, 0xff, 0xfe, 0xcd, 0x01, 0xff, 0xe3, 0xc1, 0x3b, 0xff,
  0x0a, 0x06, 0x08, 0xff, 0x08, 0x04, 0x08, 0xff, 0x08, 0x04, 0x08, 0xff,
  0x08, 0x04, 0x08, 0xff, 0x00, 0x00, 0x00, 0xc0, 0x00, 0x00, 0x00, 0x00,
  0x00, 0x00, 0x00, 0x00, 0x00, 0x00, 0x00, 0x00, 0x00, 0x00, 0x00, 0x00,
  0x00, 0x00, 0x00, 0x00, 0x00, 0x00, 0x00, 0x00, 0x00, 0x00, 0x00, 0x00,
  0x00, 0x00, 0x00, 0x00, 0x00, 0x00, 0x00, 0x00, 0x00, 0x00, 0x00, 0x00,
  0x00, 0x00, 0x00, 0x00, 0x00, 0x00, 0x00, 0x00, 0x00, 0x00, 0x00, 0x00,
  0x00, 0x00, 0x00, 0x90, 0x00, 0x00, 0x00, 0xff, 0x00, 0x00, 0x00, 0xff,
  0x00, 0x00, 0x00, 0xff, 0x00, 0x00, 0x00, 0xff, 0x5d, 0x1a, 0x10, 0xff,
  0xf7, 0x45, 0x29, 0xff, 0xf7, 0x45, 0x29, 0xff, 0xf7, 0x45, 0x29, 0xff,
  0xf7, 0x45, 0x29, 0xff, 0xf9, 0x47, 0x28, 0xff, 0xf9, 0x47, 0x28, 0xff,
  0xf9, 0x47, 0x28, 0xff, 0xf9, 0x47, 0x28, 0xff, 0xf9, 0x47, 0x28, 0xff,
  0xf9, 0x47, 0x28, 0xff, 0xf9, 0x47, 0x28, 0xff, 0xf9, 0x47, 0x28, 0xff,
  0xf9, 0x47, 0x28, 0xff, 0xf9, 0x47, 0x28, 0xff, 0xf9, 0x47, 0x28, 0xff,
  0xf9, 0x47, 0x28, 0xff, 0xf9, 0x47, 0x28, 0xff, 0xf9, 0x47, 0x28, 0xff,
  0xf9, 0x47, 0x28, 0xff, 0xf9, 0x47, 0x28, 0xff, 0xf9, 0x47, 0x28, 0xff,
  0xf9, 0x47, 0x28, 0xff, 0xf9, 0x47, 0x28, 0xff, 0xf9, 0x47, 0x28, 0xff,
  0xf9, 0x47, 0x28, 0xff, 0xf9, 0x47, 0x28, 0xff, 0xf9, 0x47, 0x28, 0xff,
  0xf9, 0x47, 0x28, 0xff, 0xf9, 0x47, 0x28, 0xff, 0xf9, 0x47, 0x28, 0xff,
  0xf9, 0x47, 0x28, 0xff, 0xf9, 0x47, 0x28, 0xff, 0xf9, 0x47, 0x28, 0xff,
  0xf9, 0x47, 0x28, 0xff, 0xf9, 0x47, 0x28, 0xff, 0xf9, 0x47, 0x28, 0xff,
  0xf7, 0x45, 0x29, 0xff, 0xf7, 0x45, 0x29, 0xff, 0xf7, 0x45, 0x29, 0xff,
  0xf7, 0x45, 0x29, 0xff, 0xef, 0x45, 0x29, 0xff, 0x4f, 0x17, 0x0d, 0xff,
  0x00, 0x00, 0x00, 0xff, 0x00, 0x00, 0x00, 0xff, 0x00, 0x00, 0x00, 0xff,
  0x35, 0x35, 0x35, 0xff, 0xfe, 0xcd, 0x01, 0xff, 0xfe, 0xcd, 0x01, 0xff,
  0xfe, 0xcd, 0x01, 0xff, 0xfe, 0xcd, 0x01, 0xff, 0xfe, 0xcd, 0x01, 0xfe,
  0xfe, 0xcd, 0x01, 0xfe, 0xfe, 0xcd, 0x01, 0xfe, 0xfe, 0xcd, 0x01, 0xfe,
  0xfe, 0xcd, 0x01, 0xfe, 0xfe, 0xcd, 0x01, 0xfe, 0xfe, 0xcd, 0x01, 0xfe,
  0xfe, 0xcd, 0x01, 0xfe, 0xfe, 0xcd, 0x01, 0xfe, 0xfe, 0xcd, 0x01, 0xfe,
  0xfe, 0xcd, 0x01, 0xfe, 0xfe, 0xcd, 0x01, 0xfe, 0xfe, 0xcd, 0x01, 0xfe,
  0xfe, 0xcd, 0x01, 0xfe, 0xfe, 0xcd, 0x01, 0xfe, 0xfe, 0xcd, 0x01, 0xfe,
  0xfe, 0xcd, 0x01, 0xfe, 0xfe, 0xcd, 0x01, 0xfe, 0xfe, 0xcd, 0x01, 0xfe,
  0xfe, 0xcd, 0x01, 0xfe, 0xfe, 0xcd, 0x01, 0xfe, 0xfe, 0xcd, 0x01, 0xfe,
  0xfe, 0xcd, 0x01, 0xfe, 0xfe, 0xcd, 0x01, 0xfe, 0xfe, 0xcd, 0x01, 0xfe,
  0xfe, 0xcd, 0x01, 0xfe, 0xfe, 0xcd, 0x01, 0xfe, 0xfe, 0xcd, 0x01, 0xfe,
  0xfe, 0xcd, 0x01, 0xfe, 0xfe, 0xcd, 0x01, 0xfe, 0xfe, 0xcd, 0x01, 0xfe,
  0xfe, 0xcd, 0x01, 0xfe, 0xfe, 0xcd, 0x01, 0xfe, 0xfe, 0xcd, 0x01, 0xfe,
  0xfe, 0xcd, 0x01, 0xfe, 0xfe, 0xcd, 0x01, 0xfe, 0xfe, 0xcd, 0x01, 0xfe,
  0xfe, 0xcd, 0x01, 0xfe, 0xfe, 0xcd, 0x01, 0xfe, 0xfe, 0xcd, 0x01, 0xfe,
  0xfe, 0xcd, 0x01, 0xfe, 0xfe, 0xcd, 0x01, 0xfe, 0xfe, 0xcd, 0x01, 0xfe,
  0xfe, 0xcd, 0x01, 0xfe, 0xfe, 0xcd, 0x01, 0xfe, 0xfe, 0xcd, 0x01, 0xfe,
  0xfe, 0xcd, 0x01, 0xfe, 0xfe, 0xcd, 0x01, 0xfe, 0xfe, 0xcd, 0x01, 0xfe,
  0xfe, 0xcd, 0x01, 0xfe, 0xfe, 0xcd, 0x01, 0xfe, 0xfe, 0xcd, 0x01, 0xfe,
  0xfe, 0xcd, 0x01, 0xfe, 0xfe, 0xcd, 0x01, 0xfe, 0xfe, 0xcd, 0x01, 0xfe,
  0xfe, 0xcd, 0x01, 0xfe, 0xfe, 0xcd, 0x01, 0xfe, 0xfe, 0xcd, 0x01, 0xfe,
  0xfe, 0xcd, 0x01, 0xfe, 0xfe, 0xcd, 0x01, 0xfe, 0xfe, 0xcd, 0x01, 0xfe,
  0xfe, 0xcd, 0x01, 0xfe, 0xfe, 0xcd, 0x01, 0xfe, 0xfe, 0xcd, 0x01, 0xfe,
  0xfe, 0xcd, 0x01, 0xfe, 0xfe, 0xcd, 0x01, 0xfe, 0xfe, 0xcd, 0x01, 0xfe,
  0xfe, 0xcd, 0x01, 0xfe, 0xfe, 0xcd, 0x01, 0xfe, 0xfe, 0xcd, 0x01, 0xfe,
  0xfe, 0xcd, 0x01, 0xfe, 0xfe, 0xcd, 0x01, 0xfe, 0xfe, 0xcd, 0x01, 0xfe,
  0xfe, 0xcd, 0x01, 0xfe, 0xfe, 0xcd, 0x01, 0xfe, 0xfe, 0xcd, 0x01, 0xfe,
  0xfe, 0xcd, 0x01, 0xfe, 0xfe, 0xcd, 0x01, 0xfe, 0xfe, 0xcd, 0x01, 0xfe,
  0xfe, 0xcd, 0x01, 0xfe, 0xfe, 0xcd, 0x01, 0xfe, 0xfe, 0xcd, 0x01, 0xfe,
  0xfe, 0xcd, 0x01, 0xfe, 0xfe, 0xcd, 0x01, 0xfe, 0xfe, 0xcd, 0x01, 0xfe,
  0xfe, 0xcd, 0x01, 0xfe, 0xfe, 0xcd, 0x01, 0xfe, 0xfe, 0xcd, 0x01, 0xfe,
  0xfe, 0xcd, 0x01, 0xfe, 0xfe, 0xcd, 0x01, 0xfe, 0xfe, 0xcd, 0x01, 0xfe,
  0xfe, 0xcd, 0x01, 0xfe, 0xfe, 0xcd, 0x01, 0xfe, 0xfe, 0xcd, 0x01, 0xfe,
  0xfe, 0xcd, 0x01, 0xfe, 0xfe, 0xcd, 0x01, 0xfe, 0xfe, 0xcd, 0x01, 0xfe,
  0xfe, 0xcd, 0x01, 0xfe, 0xfe, 0xcd, 0x01, 0xfe, 0xfe, 0xcd, 0x01, 0xfe,
  0xfe, 0xcd, 0x01, 0xfe, 0xfe, 0xcd, 0x01, 0xfe, 0xfe, 0xcd, 0x01, 0xfe,
  0xfe, 0xcd, 0x01, 0xfe, 0xfe, 0xcd, 0x01, 0xfe, 0xfe, 0xcd, 0x01, 0xfe,
  0xfe, 0xcd, 0x01, 0xfe, 0xfe, 0xcd, 0x01, 0xfe, 0xfe, 0xcd, 0x01, 0xfe,
  0xfe, 0xcd, 0x01, 0xfe, 0xfe, 0xcd, 0x01, 0xfe, 0xfe, 0xcd, 0x01, 0xfe,
  0xfe, 0xcd, 0x01, 0xfe, 0xfe, 0xcd, 0x01, 0xfe, 0xfe, 0xcd, 0x01, 0xfe,
  0xfe, 0xcd, 0x01, 0xfe, 0xfe, 0xcd, 0x01, 0xfe, 0xfe, 0xcd, 0x01, 0xfe,
  0xfe, 0xcd, 0x01, 0xfe, 0xfe, 0xcd, 0x01, 0xfe, 0xfe, 0xcd, 0x01, 0xfe,
  0xfe, 0xcd, 0x01, 0xfe, 0xfe, 0xcd, 0x01, 0xfe, 0xfe, 0xcd, 0x01, 0xfe,
  0xfe, 0xcd, 0x01, 0xfe, 0xfe, 0xcd, 0x01, 0xfe, 0xfe, 0xcd, 0x01, 0xfe,
  0xfe, 0xcd, 0x01, 0xfe, 0xfe, 0xcd, 0x01, 0xfe, 0xfe, 0xcd, 0x01, 0xfe,
  0xfe, 0xcd, 0x01, 0xfe, 0xfe, 0xcd, 0x01, 0xfe, 0xfe, 0xcd, 0x01, 0xfe,
  0xfe, 0xcd, 0x01, 0xfe, 0xfe, 0xcd, 0x01, 0xfe, 0xfe, 0xcd, 0x01, 0xfe,
  0xfe, 0xcd, 0x01, 0xfe, 0xfe, 0xcd, 0x01, 0xfe, 0xfe, 0xcd, 0x01, 0xfe,
  0xfe, 0xcd, 0x01, 0xfe, 0xfe, 0xcd, 0x01, 0xfe, 0xfe, 0xcd, 0x01, 0xfe,
  0xfe, 0xcd, 0x01, 0xfe, 0xfe, 0xcd, 0x01, 0xfe, 0xfe, 0xcd, 0x01, 0xfe,
  0xfe, 0xcd, 0x01, 0xfe, 0xfe, 0xcd, 0x01, 0xfe, 0xfe, 0xcd, 0x01, 0xfe,
  0xfe, 0xcd, 0x01, 0xfe, 0xfe, 0xcd, 0x01, 0xfe, 0xfe, 0xcd, 0x01, 0xfe,
  0xfe, 0xcd, 0x01, 0xfe, 0xfe, 0xcd, 0x01, 0xfe, 0xfe, 0xcd, 0x01, 0xfe,
  0xfe, 0xcd, 0x01, 0xfe, 0xfe, 0xcd, 0x01, 0xfe, 0xfe, 0xcd, 0x01, 0xfe,
  0xfe, 0xcd, 0x01, 0xfe, 0xfe, 0xcd, 0x01, 0xff, 0xfe, 0xcd, 0x01, 0xff,
  0xfe, 0xcd, 0x01, 0xff, 0xfe, 0xcd, 0x01, 0xff, 0xfe, 0xcd, 0x01, 0xff,
  0xfe, 0xcd, 0x01, 0xff, 0xfe, 0xcd, 0x01, 0xff, 0xfe, 0xcd, 0x01, 0xff,
  0xfe, 0xcd, 0x01, 0xff, 0xfe, 0xcd, 0x01, 0xff, 0xfe, 0xcd, 0x01, 0xff,
  0xfe, 0xcd, 0x01, 0xff, 0xfe, 0xcd, 0x01, 0xff, 0xfe, 0xcd, 0x01, 0xff,
  0xfe, 0xcd, 0x01, 0xff, 0xfe, 0xcd, 0x01, 0xff, 0xfe, 0xcd, 0x01, 0xff,
  0xfe, 0xcd, 0x01, 0xff, 0xfe, 0xcd, 0x01, 0xff, 0xfe, 0xcd, 0x01, 0xff,
  0xfe, 0xcd, 0x01, 0xff, 0xfe, 0xcd, 0x01, 0xff, 0xfe, 0xcd, 0x01, 0xff,
  0xfe, 0xcd, 0x01, 0xff, 0xfe, 0xcd, 0x01, 0xff, 0xfe, 0xcd, 0x01, 0xff,
  0xfe, 0xcd, 0x01, 0xff, 0xfe, 0xcd, 0x01, 0xff, 0xfe, 0xcd, 0x01, 0xff,
  0xfe, 0xcd, 0x01, 0xff, 0xfe, 0xcd, 0x01, 0xff, 0xfe, 0xcd, 0x01, 0xff,
  0xfe, 0xcd, 0x01, 0xff, 0xfe, 0xcd, 0x01, 0xff, 0xfe, 0xcd, 0x01, 0xff,
  0xfe, 0xcd, 0x01, 0xff, 0xfe, 0xcd, 0x01, 0xff, 0xfe, 0xcd, 0x01, 0xff,
  0xec, 0xc5, 0x24, 0xff, 0x10, 0x10, 0x10, 0xff, 0x00, 0x00, 0x00, 0xff,
  0x00, 0x00, 0x00, 0xff, 0x00, 0x00, 0x00, 0xff, 0x00, 0x00, 0x00, 0xf0,
  0x00, 0x00, 0x00, 0x20, 0x00, 0x00, 0x00, 0x00, 0x00, 0x00, 0x00, 0x00,
  0x00, 0x00, 0x00, 0x00, 0x00, 0x00, 0x00, 0x00, 0x00, 0x00, 0x00, 0x00,
  0x00, 0x00, 0x00, 0x00, 0x00, 0x00, 0x00, 0x00, 0x00, 0x00, 0x00, 0x00,
  0x00, 0x00, 0x00, 0x00, 0x00, 0x00, 0x00, 0x00, 0x00, 0x00, 0x00, 0x00,
  0x00, 0x00, 0x00, 0x00, 0x00, 0x00, 0x00, 0x00, 0x00, 0x00, 0x00, 0x00,
  0x00, 0x00, 0x00, 0xd9, 0x00, 0x00, 0x00, 0xff, 0x00, 0x00, 0x00, 0xff,
  0x00, 0x00, 0x00, 0xff, 0x00, 0x00, 0x00, 0xff, 0xa4, 0x2e, 0x1b, 0xff,
  0xf7, 0x45, 0x29, 0xff, 0xf7, 0x45, 0x29, 0xff, 0xf7, 0x45, 0x29, 0xff,
  0xf9, 0x47, 0x28, 0xff, 0xf9, 0x47, 0x28, 0xff, 0xf9, 0x47, 0x28, 0xff,
  0xf9, 0x47, 0x28, 0xff, 0xf9, 0x47, 0x28, 0xff, 0xf9, 0x47, 0x28, 0xff,
  0xf9, 0x47, 0x28, 0xff, 0xf9, 0x47, 0x28, 0xff, 0xf9, 0x47, 0x28, 0xff,
  0xf9, 0x47, 0x28, 0xff, 0xf9, 0x47, 0x28, 0xff, 0xf9, 0x47, 0x28, 0xff,
  0xf9, 0x47, 0x28, 0xff, 0xf9, 0x47, 0x28, 0xff, 0xf9, 0x47, 0x28, 0xff,
  0xf9, 0x47, 0x28, 0xff, 0xf9, 0x47, 0x28, 0xff, 0xf9, 0x47, 0x28, 0xff,
  0xf9, 0x47, 0x28, 0xff, 0xf9, 0x47, 0x28, 0xff, 0xf9, 0x47, 0x28, 0xff,
  0xf9, 0x47, 0x28, 0xff, 0xf9, 0x47, 0x28, 0xff, 0xf8, 0x47, 0x28, 0xff,
  0xf9, 0x47, 0x28, 0xff, 0xf9, 0x47, 0x28, 0xff, 0xf9, 0x47, 0x28, 0xff,
  0xf9, 0x47, 0x28, 0xff, 0xf9, 0x47, 0x28, 0xff, 0xf9, 0x47, 0x28, 0xff,
  0xf9, 0x47, 0x28, 0xff, 0xf9, 0x47, 0x28, 0xff, 0xf7, 0x45, 0x29, 0xff,
  0xf7, 0x45, 0x29, 0xff, 0xf7, 0x45, 0x29, 0xff, 0xf7, 0x45, 0x29, 0xff,
  0x9f, 0x2e, 0x1b, 0xff, 0x00, 0x00, 0x00, 0xff, 0x00, 0x00, 0x00, 0xff,
  0x00, 0x00, 0x00, 0xff, 0x0f, 0x0f, 0x0f, 0xff, 0xfe, 0xcc, 0x01, 0xff,
  0xfe, 0xcd, 0x01, 0xff, 0xfe, 0xcd, 0x01, 0xff, 0xfe, 0xcd, 0x01, 0xff,
  0xfe, 0xcd, 0x01, 0xfe, 0xfe, 0xcd, 0x01, 0xfe, 0xfe, 0xcd, 0x01, 0xfe,
  0xfe, 0xcd, 0x01, 0xfe, 0xfe, 0xcd, 0x01, 0xfe, 0xfe, 0xcd, 0x01, 0xfe,
  0xfe, 0xcd, 0x01, 0xfe, 0xfe, 0xcd, 0x01, 0xfe, 0xfe, 0xcd, 0x01, 0xfe,
  0xfe, 0xcd, 0x01, 0xfe, 0xfe, 0xcd, 0x01, 0xfe, 0xfe, 0xcd, 0x01, 0xfe,
  0xfe, 0xcd, 0x01, 0xfe, 0xfe, 0xcd, 0x01, 0xfe, 0xfe, 0xcd, 0x01, 0xfe,
  0xfe, 0xcd, 0x01, 0xfe, 0xfe, 0xcd, 0x01, 0xfe, 0xfe, 0xcd, 0x01, 0xfe,
  0xfe, 0xcd, 0x01, 0xfe, 0xfe, 0xcd, 0x01, 0xfe, 0xfe, 0xcd, 0x01, 0xfe,
  0xfe, 0xcd, 0x01, 0xfe, 0xfe, 0xcd, 0x01, 0xfe, 0xfe, 0xcd, 0x01, 0xfe,
  0xfe, 0xcd, 0x01, 0xfe, 0xfe, 0xcd, 0x01, 0xfe, 0xfe, 0xcd, 0x01, 0xfe,
  0xfe, 0xcd, 0x01, 0xfe, 0xfe, 0xcd, 0x01, 0xfe, 0xfe, 0xcd, 0x01, 0xfe,
  0xfe, 0xcd, 0x01, 0xfe, 0xfe, 0xcd, 0x01, 0xfe, 0xfe, 0xcd, 0x01, 0xfe,
  0xfe, 0xcd, 0x01, 0xfe, 0xfe, 0xcd, 0x01, 0xfe, 0xfe, 0xcd, 0x01, 0xfe,
  0xfe, 0xcd, 0x01, 0xfe, 0xfe, 0xcd, 0x01, 0xfe, 0xfe, 0xcd, 0x01, 0xfe,
  0xfe, 0xcd, 0x01, 0xfe, 0xfe, 0xcd, 0x01, 0xfe, 0xfe, 0xcd, 0x01, 0xfe,
  0xfe, 0xcd, 0x01, 0xfe, 0xfe, 0xcd, 0x01, 0xfe, 0xfe, 0xcd, 0x01, 0xfe,
  0xfe, 0xcd, 0x01, 0xfe, 0xfe, 0xcd, 0x01, 0xfe, 0xfe, 0xcd, 0x01, 0xfe,
  0xfe, 0xcd, 0x01, 0xfe, 0xfe, 0xcd, 0x01, 0xfe, 0xfe, 0xcd, 0x01, 0xfe,
  0xfe, 0xcd, 0x01, 0xfe, 0xfe, 0xcd, 0x01, 0xfe, 0xfe, 0xcd, 0x01, 0xfe,
  0xfe, 0xcd, 0x01, 0xfe, 0xfe, 0xcd, 0x01, 0xfe, 0xfe, 0xcd, 0x01, 0xfe,
  0xfe, 0xcd, 0x01, 0xfe, 0xfe, 0xcd, 0x01, 0xfe, 0xfe, 0xcd, 0x01, 0xfe,
  0xfe, 0xcd, 0x01, 0xfe, 0xfe, 0xcd, 0x01, 0xfe, 0xfe, 0xcd, 0x01, 0xfe,
  0xfe, 0xcd, 0x01, 0xfe, 0xfe, 0xcd, 0x01, 0xfe, 0xfe, 0xcd, 0x01, 0xfe,
  0xfe, 0xcd, 0x01, 0xfe, 0xfe, 0xcd, 0x01, 0xfe, 0xfe, 0xcd, 0x01, 0xfe,
  0xfe, 0xcd, 0x01, 0xfe, 0xfe, 0xcd, 0x01, 0xfe, 0xfe, 0xcd, 0x01, 0xfe,
  0xfe, 0xcd, 0x01, 0xfe, 0xfe, 0xcd, 0x01, 0xfe, 0xfe, 0xcd, 0x01, 0xfe,
  0xfe, 0xcd, 0x01, 0xfe, 0xfe, 0xcd, 0x01, 0xfe, 0xfe, 0xcd, 0x01, 0xfe,
  0xfe, 0xcd, 0x01, 0xfe, 0xfe, 0xcd, 0x01, 0xfe, 0xfe, 0xcd, 0x01, 0xfe,
  0xfe, 0xcd, 0x01, 0xfe, 0xfe, 0xcd, 0x01, 0xfe, 0xfe, 0xcd, 0x01, 0xfe,
  0xfe, 0xcd, 0x01, 0xfe, 0xfe, 0xcd, 0x01, 0xfe, 0xfe, 0xcd, 0x01, 0xfe,
  0xfe, 0xcd, 0x01, 0xfe, 0xfe, 0xcd, 0x01, 0xfe, 0xfe, 0xcd, 0x01, 0xfe,
  0xfe, 0xcd, 0x01, 0xfe, 0xfe, 0xcd, 0x01, 0xfe, 0xfe, 0xcd, 0x01, 0xfe,
  0xfe, 0xcd, 0x01, 0xfe, 0xfe, 0xcd, 0x01, 0xfe, 0xfe, 0xcd, 0x01, 0xfe,
  0xfe, 0xcd, 0x01, 0xfe, 0xfe, 0xcd, 0x01, 0xfe, 0xfe, 0xcd, 0x01, 0xfe,
  0xfe, 0xcd, 0x01, 0xfe, 0xfe, 0xcd, 0x01, 0xfe, 0xfe, 0xcd, 0x01, 0xfe,
  0xfe, 0xcd, 0x01, 0xfe, 0xfe, 0xcd, 0x01, 0xfe, 0xfe, 0xcd, 0x01, 0xfe,
  0xfe, 0xcd, 0x01, 0xfe, 0xfe, 0xcd, 0x01, 0xfe, 0xfe, 0xcd, 0x01, 0xfe,
  0xfe, 0xcd, 0x01, 0xfe, 0xfe, 0xcd, 0x01, 0xfe, 0xfe, 0xcd, 0x01, 0xfe,
  0xfe, 0xcd, 0x01, 0xfe, 0xfe, 0xcd, 0x01, 0xfe, 0xfe, 0xcd, 0x01, 0xfe,
  0xfe, 0xcd, 0x01, 0xfe, 0xfe, 0xcd, 0x01, 0xfe, 0xfe, 0xcd, 0x01, 0xfe,
  0xfe, 0xcd, 0x01, 0xfe, 0xfe, 0xcd, 0x01, 0xfe, 0xfe, 0xcd, 0x01, 0xfe,
  0xfe, 0xcd, 0x01, 0xfe, 0xfe, 0xcd, 0x01, 0xfe, 0xfe, 0xcd, 0x01, 0xfe,
  0xfe, 0xcd, 0x01, 0xfe, 0xfe, 0xcd, 0x01, 0xfe, 0xfe, 0xcd, 0x01, 0xfe,
  0xfe, 0xcd, 0x01, 0xfe, 0xfe, 0xcd, 0x01, 0xfe, 0xfe, 0xcd, 0x01, 0xfe,
  0xfe, 0xcd, 0x01, 0xfe, 0xfe, 0xcd, 0x01, 0xfe, 0xfe, 0xcd, 0x01, 0xfe,
  0xfe, 0xcd, 0x01, 0xfe, 0xfe, 0xcd, 0x01, 0xfe, 0xfe, 0xcd, 0x01, 0xfe,
  0xfe, 0xcd, 0x01, 0xfe, 0xfe, 0xcd, 0x01, 0xfe, 0xfe, 0xcd, 0x01, 0xfe,
  0xfe, 0xcd, 0x01, 0xfe, 0xfe, 0xcd, 0x01, 0xfe, 0xfe, 0xcd, 0x01, 0xfe,
  0xfe, 0xcd, 0x01, 0xfe, 0xfe, 0xcd, 0x01, 0xfe, 0xfe, 0xcd, 0x01, 0xfe,
  0xfe, 0xcd, 0x01, 0xfe, 0xfe, 0xcd, 0x01, 0xfe, 0xfe, 0xcd, 0x01, 0xfe,
  0xfe, 0xcd, 0x01, 0xfe, 0xfe, 0xcd, 0x01, 0xfe, 0xfe, 0xcd, 0x01, 0xfe,
  0xfe, 0xcd, 0x01, 0xfe, 0xfe, 0xcd, 0x01, 0xfe, 0xfe, 0xcd, 0x01, 0xfe,
  0xfe, 0xcd, 0x01, 0xfe, 0xfe, 0xcd, 0x01, 0xfe, 0xfe, 0xcd, 0x01, 0xfe,
  0xfe, 0xcd, 0x01, 0xfe, 0xfe, 0xcd, 0x01, 0xfe, 0xfe, 0xcd, 0x01, 0xfe,
  0xfe, 0xcd, 0x01, 0xfe, 0xfe, 0xcd, 0x01, 0xfe, 0xfe, 0xcd, 0x01, 0xff,
  0xfe, 0xcd, 0x01, 0xff, 0xfe, 0xcd, 0x01, 0xff, 0xfe, 0xcd, 0x01, 0xff,
  0xfe, 0xcd, 0x01, 0xff, 0xfe, 0xcd, 0x01, 0xff, 0xfe, 0xcd, 0x01, 0xff,
  0xfe, 0xcd, 0x01, 0xff, 0xfe, 0xcd, 0x01, 0xff, 0xfe, 0xcd, 0x01, 0xff,
  0xfe, 0xcd, 0x01, 0xff, 0xfe, 0xcd, 0x01, 0xff, 0xfe, 0xcd, 0x01, 0xff,
  0xfe, 0xcd, 0x01, 0xff, 0xfe, 0xcd, 0x01, 0xff, 0xfe, 0xcd, 0x01, 0xff,
  0xfe, 0xcd, 0x01, 0xff, 0xfe, 0xcd, 0x01, 0xff, 0xfe, 0xcd, 0x01, 0xff,
  0xfe, 0xcd, 0x01, 0xff, 0xfe, 0xcd, 0x01, 0xff, 0xfe, 0xcd, 0x01, 0xff,
  0xfe, 0xcd, 0x01, 0xff, 0xfe, 0xcd, 0x01, 0xff, 0xfe, 0xcd, 0x01, 0xff,
  0xfe, 0xcd, 0x01, 0xff, 0xfe, 0xcd, 0x01, 0xff, 0xfe, 0xcd, 0x01, 0xff,
  0xfe, 0xcd, 0x01, 0xff, 0xfe, 0xcd, 0x01, 0xff, 0xfe, 0xcd, 0x01, 0xff,
  0xfe, 0xcd, 0x01, 0xff, 0xfe, 0xcd, 0x01, 0xff, 0xfe, 0xcd, 0x01, 0xff,
  0xfe, 0xcd, 0x01, 0xff, 0xfe, 0xcd, 0x01, 0xff, 0x1a, 0x18, 0x0f, 0xff,
  0x10, 0x10, 0x10, 0xff, 0x00, 0x00, 0x00, 0xff, 0x00, 0x00, 0x00, 0xff,
  0x00, 0x00, 0x00, 0xff, 0x00, 0x00, 0x00, 0x60, 0x00, 0x00, 0x00, 0x00,
  0x00, 0x00, 0x00, 0x00, 0x00, 0x00, 0x00, 0x00, 0x00, 0x00, 0x00, 0x00,
  0x00, 0x00, 0x00, 0x00, 0x00, 0x00, 0x00, 0x00, 0x00, 0x00, 0x00, 0x00,
  0x00, 0x00, 0x00, 0x00, 0x00, 0x00, 0x00, 0x00, 0x00, 0x00, 0x00, 0x00,
  0x00, 0x00, 0x00, 0x00, 0x00, 0x00, 0x00, 0x00, 0x00, 0x00, 0x00, 0x00,
  0x00, 0x00, 0x00, 0x00, 0x00, 0x00, 0x00, 0x00, 0x00, 0x00, 0x00, 0x30,
  0x00, 0x00, 0x00, 0xf7, 0x00, 0x00, 0x00, 0xff, 0x00, 0x00, 0x00, 0xff,
  0x00, 0x00, 0x00, 0xff, 0x00, 0x00, 0x00, 0xff, 0xa4, 0x2e, 0x1b, 0xff,
  0xf7, 0x45, 0x29, 0xff, 0xf7, 0x45, 0x29, 0xff, 0xf9, 0x47, 0x28, 0xff,
  0xf9, 0x47, 0x28, 0xff, 0xf9, 0x47, 0x28, 0xff, 0xf9, 0x47, 0x28, 0xff,
  0xf8, 0x47, 0x28, 0xff, 0xf8, 0x47, 0x28, 0xff, 0xf9, 0x47, 0x28, 0xff,
  0xf9, 0x47, 0x28, 0xff, 0xf9, 0x47, 0x28, 0xff, 0xf9, 0x47, 0x28, 0xff,
  0xf9, 0x47, 0x28, 0xff, 0xf9, 0x47, 0x28, 0xff, 0xf9, 0x47, 0x28, 0xff,
  0xf9, 0x47, 0x28, 0xff, 0xf9, 0x47, 0x28, 0xff, 0xf9, 0x47, 0x28, 0xff,
  0xf9, 0x47, 0x28, 0xff, 0xf9, 0x47, 0x28, 0xff, 0xf9, 0x47, 0x28, 0xff,
  0xf9, 0x47, 0x28, 0xff, 0xf9, 0x47, 0x28, 0xff, 0xf8, 0x47, 0x28, 0xff,
  0xf8, 0x47, 0x28, 0xff, 0xf7, 0x47, 0x28, 0xff, 0xf9, 0x47, 0x28, 0xff,
  0xf9, 0x47, 0x28, 0xff, 0xf9, 0x47, 0x28, 0xff, 0xf9, 0x47, 0x28, 0xff,
  0xf9, 0x47, 0x28, 0xff, 0xf9, 0x47, 0x28, 0xff, 0xf9, 0x47, 0x28, 0xff,
  0xf9, 0x47, 0x28, 0xff, 0xf7, 0x45, 0x29, 0xff, 0xf7, 0x45, 0x29, 0xff,
  0xf7, 0x45, 0x29, 0xff, 0xa4, 0x2e, 0x1b, 0xff, 0x00, 0x00, 0x00, 0xff,
  0x00, 0x00, 0x00, 0xff, 0x00, 0x00, 0x00, 0xff, 0x00, 0x00, 0x00, 0xff,
  0xe5, 0xc2, 0x30, 0xff, 0xfe, 0xcd, 0x01, 0xff, 0xfe, 0xcd, 0x01, 0xff,
  0xfe, 0xcd, 0x01, 0xff, 0xfe, 0xcd, 0x01, 0xff, 0xfe, 0xcd, 0x01, 0xfe,
  0xfe, 0xcd, 0x01, 0xfe, 0xfe, 0xcd, 0x01, 0xfe, 0xfe, 0xcd, 0x01, 0xfe,
  0xfe, 0xcd, 0x01, 0xfe, 0xfe, 0xcd, 0x01, 0xfe, 0xfe, 0xcd, 0x01, 0xfe,
  0xfe, 0xcd, 0x01, 0xfe, 0xfe, 0xcd, 0x01, 0xfe, 0xfe, 0xcd, 0x01, 0xfe,
  0xfe, 0xcd, 0x01, 0xfe, 0xfe, 0xcd, 0x01, 0xfe, 0xfe, 0xcd, 0x01, 0xfe,
  0xfe, 0xcd, 0x01, 0xfe, 0xfe, 0xcd, 0x01, 0xfe, 0xfe, 0xcd, 0x01, 0xfe,
  0xfe, 0xcd, 0x01, 0xfe, 0xfe, 0xcd, 0x01, 0xfe, 0xfe, 0xcd, 0x01, 0xfe,
  0xfe, 0xcd, 0x01, 0xfe, 0xfe, 0xcd, 0x01, 0xfe, 0xfe, 0xcd, 0x01, 0xfe,
  0xfe, 0xcd, 0x01, 0xfe, 0xfe, 0xcd, 0x01, 0xfe, 0xfe, 0xcd, 0x01, 0xfe,
  0xfe, 0xcd, 0x01, 0xfe, 0xfe, 0xcd, 0x01, 0xfe, 0xfe, 0xcd, 0x01, 0xfe,
  0xfe, 0xcd, 0x01, 0xfe, 0xfe, 0xcd, 0x01, 0xfe, 0xfe, 0xcd, 0x01, 0xfe,
  0xfe, 0xcd, 0x01, 0xfe, 0xfe, 0xcd, 0x01, 0xfe, 0xfe, 0xcd, 0x01, 0xfe,
  0xfe, 0xcd, 0x01, 0xfe, 0xfe, 0xcd, 0x01, 0xfe, 0xfe, 0xcd, 0x01, 0xfe,
  0xfe, 0xcd, 0x01, 0xfe, 0xfe, 0xcd, 0x01, 0xfe, 0xfe, 0xcd, 0x01, 0xfe,
  0xfe, 0xcd, 0x01, 0xfe, 0xfe, 0xcd, 0x01, 0xfe, 0xfe, 0xcd, 0x01, 0xfe,
  0xfe, 0xcd, 0x01, 0xfe, 0xfe, 0xcd, 0x01, 0xfe, 0xfe, 0xcd, 0x01, 0xfe,
  0xfe, 0xcd, 0x01, 0xfe, 0xfe, 0xcd, 0x01, 0xfe, 0xfe, 0xcd, 0x01, 0xfe,
  0xfe, 0xcd, 0x01, 0xfe, 0xfe, 0xcd, 0x01, 0xfe, 0xfe, 0xcd, 0x01, 0xfe,
  0xfe, 0xcd, 0x01, 0xfe, 0xfe, 0xcd, 0x01, 0xfe, 0xfe, 0xcd, 0x01, 0xfe,
  0xfe, 0xcd, 0x01, 0xfe, 0xfe, 0xcd, 0x01, 0xfe, 0xfe, 0xcd, 0x01, 0xfe,
  0xfe, 0xcd, 0x01, 0xfe, 0xfe, 0xcd, 0x01, 0xfe, 0xfe, 0xcd, 0x01, 0xfe,
  0xfe, 0xcd, 0x01, 0xfe, 0xfe, 0xcd, 0x01, 0xfe, 0xfe, 0xcd, 0x01, 0xfe,
  0xfe, 0xcd, 0x01, 0xfe, 0xfe, 0xcd, 0x01, 0xfe, 0xfe, 0xcd, 0x01, 0xfe,
  0xfe, 0xcd, 0x01, 0xfe, 0xfe, 0xcd, 0x01, 0xfe, 0xfe, 0xcd, 0x01, 0xfe,
  0xfe, 0xcd, 0x01, 0xfe, 0xfe, 0xcd, 0x01, 0xfe, 0xfe, 0xcd, 0x01, 0xfe,
  0xfe, 0xcd, 0x01, 0xfe, 0xfe, 0xcd, 0x01, 0xfe, 0xfe, 0xcd, 0x01, 0xfe,
  0xfe, 0xcd, 0x01, 0xfe, 0xfe, 0xcd, 0x01, 0xfe, 0xfe, 0xcd, 0x01, 0xfe,
  0xfe, 0xcd, 0x01, 0xfe, 0xfe, 0xcd, 0x01, 0xfe, 0xfe, 0xcd, 0x01, 0xfe,
  0xfe, 0xcd, 0x01, 0xfe, 0xfe, 0xcd, 0x01, 0xfe, 0xfe, 0xcd, 0x01, 0xfe,
  0xfe, 0xcd, 0x01, 0xfe, 0xfe, 0xcd, 0x01, 0xfe, 0xfe, 0xcd, 0x01, 0xfe,
  0xfe, 0xcd, 0x01, 0xfe, 0xfe, 0xcd, 0x01, 0xfe, 0xfe, 0xcd, 0x01, 0xfe,
  0xfe, 0xcd, 0x01, 0xfe, 0xfe, 0xcd, 0x01, 0xfe, 0xfe, 0xcd, 0x01, 0xfe,
  0xfe, 0xcd, 0x01, 0xfe, 0xfe, 0xcd, 0x01, 0xfe, 0xfe, 0xcd, 0x01, 0xfe,
  0xfe, 0xcd, 0x01, 0xfe, 0xfe, 0xcd, 0x01, 0xfe, 0xfe, 0xcd, 0x01, 0xfe,
  0xfe, 0xcd, 0x01, 0xfe, 0xfe, 0xcd, 0x01, 0xfe, 0xfe, 0xcd, 0x01, 0xfe,
  0xfe, 0xcd, 0x01, 0xfe, 0xfe, 0xcd, 0x01, 0xfe, 0xfe, 0xcd, 0x01, 0xfe,
  0xfe, 0xcd, 0x01, 0xfe, 0xfe, 0xcd, 0x01, 0xfe, 0xfe, 0xcd, 0x01, 0xfe,
  0xfe, 0xcd, 0x01, 0xfe, 0xfe, 0xcd, 0x01, 0xfe, 0xfe, 0xcd, 0x01, 0xfe,
  0xfe, 0xcd, 0x01, 0xfe, 0xfe, 0xcd, 0x01, 0xfe, 0xfe, 0xcd, 0x01, 0xfe,
  0xfe, 0xcd, 0x01, 0xfe, 0xfe, 0xcd, 0x01, 0xfe, 0xfe, 0xcd, 0x01, 0xfe,
  0xfe, 0xcd, 0x01, 0xfe, 0xfe, 0xcd, 0x01, 0xfe, 0xfe, 0xcd, 0x01, 0xfe,
  0xfe, 0xcd, 0x01, 0xfe, 0xfe, 0xcd, 0x01, 0xfe, 0xfe, 0xcd, 0x01, 0xfe,
  0xfe, 0xcd, 0x01, 0xfe, 0xfe, 0xcd, 0x01, 0xfe, 0xfe, 0xcd, 0x01, 0xfe,
  0xfe, 0xcd, 0x01, 0xfe, 0xfe, 0xcd, 0x01, 0xfe, 0xfe, 0xcd, 0x01, 0xfe,
  0xfe, 0xcd, 0x01, 0xfe, 0xfe, 0xcd, 0x01, 0xfe, 0xfe, 0xcd, 0x01, 0xfe,
  0xfe, 0xcd, 0x01, 0xfe, 0xfe, 0xcd, 0x01, 0xfe, 0xfe, 0xcd, 0x01, 0xfe,
  0xfe, 0xcd, 0x01, 0xfe, 0xfe, 0xcd, 0x01, 0xfe, 0xfe, 0xcd, 0x01, 0xfe,
  0xfe, 0xcd, 0x01, 0xfe, 0xfe, 0xcd, 0x01, 0xfe, 0xfe, 0xcd, 0x01, 0xfe,
  0xfe, 0xcd, 0x01, 0xfe, 0xfe, 0xcd, 0x01, 0xfe, 0xfe, 0xcd, 0x01, 0xfe,
  0xfe, 0xcd, 0x01, 0xfe, 0xfe, 0xcd, 0x01, 0xfe, 0xfe, 0xcd, 0x01, 0xfe,
  0xfe, 0xcd, 0x01, 0xfe, 0xfe, 0xcd, 0x01, 0xfe, 0xfe, 0xcd, 0x01, 0xfe,
  0xfe, 0xcd, 0x01, 0xfe, 0xfe, 0xcd, 0x01, 0xfe, 0xfe, 0xcd, 0x01, 0xfe,
  0xfe, 0xcd, 0x01, 0xfe, 0xfe, 0xcd, 0x01, 0xfe, 0xfe, 0xcd, 0x01, 0xfe,
  0xfe, 0xcd, 0x01, 0xfe, 0xfe, 0xcd, 0x01, 0xfe, 0xfe, 0xcd, 0x01, 0xfe,
  0xfe, 0xcd, 0x01, 0xfe, 0xfe, 0xcd, 0x01, 0xfe, 0xfe, 0xcd, 0x01, 0xfe,
  0xfe, 0xcd, 0x01, 0xff, 0xfe, 0xcd, 0x01, 0xff, 0xfe, 0xcd, 0x01, 0xff,
  0xfe, 0xcd, 0x01, 0xff, 0xfe, 0xcd, 0x01, 0xff, 0xfe, 0xcd, 0x01, 0xff,
  0xfe, 0xcd, 0x01, 0xff, 0xfe, 0xcd, 0x01, 0xff, 0xfe, 0xcd, 0x01, 0xff,
  0xfe, 0xcd, 0x01, 0xff, 0xfe, 0xcd, 0x01, 0xff, 0xfe, 0xcd, 0x01, 0xff,
  0xfe, 0xcd, 0x01, 0xff, 0xfe, 0xcd, 0x01, 0xff, 0xfe, 0xcd, 0x01, 0xff,
  0xfe, 0xcd, 0x01, 0xff, 0xfe, 0xcd, 0x01, 0xff, 0xfe, 0xcd, 0x01, 0xff,
  0xfe, 0xcd, 0x01, 0xff, 0xfe, 0xcd, 0x01, 0xff, 0xfe, 0xcd, 0x01, 0xff,
  0xfe, 0xcd, 0x01, 0xff, 0xfe, 0xcd, 0x01, 0xff, 0xfe, 0xcd, 0x01, 0xff,
  0xfe, 0xcd, 0x01, 0xff, 0xfe, 0xcd, 0x01, 0xff, 0xfe, 0xcd, 0x01, 0xff,
  0xfe, 0xcd, 0x01, 0xff, 0xfe, 0xcd, 0x01, 0xff, 0xfe, 0xcd, 0x01, 0xff,
  0xfe, 0xcd, 0x01, 0xff, 0xfe, 0xcd, 0x01, 0xff, 0xfe, 0xcd, 0x01, 0xff,
  0x1a, 0x18, 0x0f, 0xff, 0x10, 0x10, 0x10, 0xff, 0x10, 0x10, 0x10, 0xff,
  0x00, 0x00, 0x00, 0xff, 0x00, 0x00, 0x00, 0xff, 0x00, 0x00, 0x00, 0x99,
  0x00, 0x00, 0x00, 0x00, 0x00, 0x00, 0x00, 0x00, 0x00, 0x00, 0x00, 0x00,
  0x00, 0x00, 0x00, 0x00, 0x00, 0x00, 0x00, 0x00, 0x00, 0x00, 0x00, 0x00,
  0x00, 0x00, 0x00, 0x00, 0x00, 0x00, 0x00, 0x00, 0x00, 0x00, 0x00, 0x00,
  0x00, 0x00, 0x00, 0x00, 0x00, 0x00, 0x00, 0x00, 0x00, 0x00, 0x00, 0x00,
  0x00, 0x00, 0x00, 0x00, 0x00, 0x00, 0x00, 0x00, 0x00, 0x00, 0x00, 0x00,
  0x00, 0x00, 0x00, 0x00, 0x00, 0x00, 0x00, 0x00, 0x00, 0x00, 0x00, 0x40,
  0x00, 0x00, 0x00, 0xff, 0x00, 0x00, 0x00, 0xff, 0x00, 0x00, 0x00, 0xff,
  0x00, 0x00, 0x00, 0xff, 0x00, 0x00, 0x00, 0xff, 0xa4, 0x2e, 0x1b, 0xff,
  0xf7, 0x45, 0x29, 0xff, 0xf9, 0x47, 0x28, 0xff, 0xf9, 0x47, 0x28, 0xff,
  0xf9, 0x47, 0x28, 0xff, 0xf9, 0x47, 0x28, 0xff, 0xf7, 0x47, 0x28, 0xff,
  0xf7, 0x47, 0x28, 0xff, 0xf7, 0x47, 0x28, 0xff, 0xf8, 0x47, 0x28, 0xff,
  0xf8, 0x47, 0x28, 0xff, 0xf8, 0x47, 0x28, 0xff, 0xf9, 0x47, 0x28, 0xff,
  0xf9, 0x47, 0x28, 0xff, 0xf9, 0x47, 0x28, 0xff, 0xf9, 0x47, 0x28, 0xff,
  0xf9, 0x47, 0x28, 0xff, 0xf9, 0x47, 0x28, 0xff, 0xf7, 0x47, 0x26, 0xff,
  0xf7, 0x47, 0x26, 0xff, 0xf7, 0x47, 0x26, 0xff, 0xf7, 0x47, 0x26, 0xff,
  0xf7, 0x47, 0x28, 0xff, 0xf7, 0x47, 0x28, 0xff, 0xf7, 0x47, 0x28, 0xff,
  0xf7, 0x47, 0x28, 0xff, 0xf9, 0x47, 0x28, 0xff, 0xf9, 0x47, 0x28, 0xff,
  0xf9, 0x47, 0x28, 0xff, 0xf9, 0x47, 0x28, 0xff, 0xf9, 0x47, 0x28, 0xff,
  0xf9, 0x47, 0x28, 0xff, 0xf9, 0x47, 0x28, 0xff, 0xf9, 0x47, 0x28, 0xff,
  0xf7, 0x45, 0x29, 0xff, 0xf7, 0x45, 0x29, 0xff, 0xa4, 0x2e, 0x1b, 0xff,
  0x00, 0x00, 0x00, 0xff, 0x00, 0x00, 0x00, 0xff, 0x00, 0x00, 0x00, 0xff,
  0x00, 0x00, 0x00, 0xff, 0x94, 0x84, 0x3e, 0xff, 0xfe, 0xcd, 0x01, 0xff,
  0xfe, 0xcd, 0x01, 0xff, 0xfe, 0xcd, 0x01, 0xff, 0xfe, 0xcd, 0x01, 0xff,
  0xfe, 0xcd, 0x01, 0xfe, 0xfe, 0xcd, 0x01, 0xfe, 0xfe, 0xcd, 0x01, 0xfe,
  0xfe, 0xcd, 0x01, 0xfe, 0xfe, 0xcd, 0x01, 0xfe, 0xfe, 0xcd, 0x01, 0xfe,
  0xfe, 0xcd, 0x01, 0xfe, 0xfe, 0xcd, 0x01, 0xfe, 0xfe, 0xcd, 0x01, 0xfe,
  0xfe, 0xcd, 0x01, 0xfe, 0xfe, 0xcd, 0x01, 0xfe, 0xfe, 0xcd, 0x01, 0xfe,
  0xfe, 0xcd, 0x01, 0xfe, 0xfe, 0xcd, 0x01, 0xfe, 0xfe, 0xcd, 0x01, 0xfe,
  0xfe, 0xcd, 0x01, 0xfe, 0xfe, 0xcd, 0x01, 0xfe, 0xfe, 0xcd, 0x01, 0xfe,
  0xfe, 0xcd, 0x01, 0xfe, 0xfe, 0xcd, 0x01, 0xfe, 0xfe, 0xcd, 0x01, 0xfe,
  0xfe, 0xcd, 0x01, 0xfe, 0xfe, 0xcd, 0x01, 0xfe, 0xfe, 0xcd, 0x01, 0xfe,
  0xfe, 0xcd, 0x01, 0xfe, 0xfe, 0xcd, 0x01, 0xfe, 0xfe, 0xcd, 0x01, 0xfe,
  0xfe, 0xcd, 0x01, 0xfe, 0xfe, 0xcd, 0x01, 0xfe, 0xfe, 0xcd, 0x01, 0xfe,
  0xfe, 0xcd, 0x01, 0xfe, 0xfe, 0xcd, 0x01, 0xfe, 0xfe, 0xcd, 0x01, 0xfe,
  0xfe, 0xcd, 0x01, 0xfe, 0xfe, 0xcd, 0x01, 0xfe, 0xfe, 0xcd, 0x01, 0xfe,
  0xfe, 0xcd, 0x01, 0xfe, 0xfe, 0xcd, 0x01, 0xfe, 0xfe, 0xcd, 0x01, 0xfe,
  0xfe, 0xcd, 0x01, 0xfe, 0xfe, 0xcd, 0x01, 0xfe, 0xfe, 0xcd, 0x01, 0xfe,
  0xfe, 0xcd, 0x01, 0xfe, 0xfe, 0xcd, 0x01, 0xfe, 0xfe, 0xcd, 0x01, 0xfe,
  0xfe, 0xcd, 0x01, 0xfe, 0xfe, 0xcd, 0x01, 0xfe, 0xfe, 0xcd, 0x01, 0xfe,
  0xfe, 0xcd, 0x01, 0xfe, 0xfe, 0xcd, 0x01, 0xfe, 0xfe, 0xcd, 0x01, 0xfe,
  0xfe, 0xcd, 0x01, 0xfe, 0xfe, 0xcd, 0x01, 0xfe, 0xfe, 0xcd, 0x01, 0xfe,
  0xfe, 0xcd, 0x01, 0xfe, 0xfe, 0xcd, 0x01, 0xfe, 0xfe, 0xcd, 0x01, 0xfe,
  0xfe, 0xcd, 0x01, 0xfe, 0xfe, 0xcd, 0x01, 0xfe, 0xfe, 0xcd, 0x01, 0xfe,
  0xfe, 0xcd, 0x01, 0xfe, 0xfe, 0xcd, 0x01, 0xfe, 0xfe, 0xcd, 0x01, 0xfe,
  0xfe, 0xcd, 0x01, 0xfe, 0xfe, 0xcd, 0x01, 0xfe, 0xfe, 0xcd, 0x01, 0xfe,
  0xfe, 0xcd, 0x01, 0xfe, 0xfe, 0xcd, 0x01, 0xfe, 0xfe, 0xcd, 0x01, 0xfe,
  0xfe, 0xcd, 0x01, 0xfe, 0xfe, 0xcd, 0x01, 0xfe, 0xfe, 0xcd, 0x01, 0xfe,
  0xfe, 0xcd, 0x01, 0xfe, 0xfe, 0xcd, 0x01, 0xfe, 0xfe, 0xcd, 0x01, 0xfe,
  0xfe, 0xcd, 0x01, 0xfe, 0xfe, 0xcd, 0x01, 0xfe, 0xfe, 0xcd, 0x01, 0xfe,
  0xfe, 0xcd, 0x01, 0xfe, 0xfe, 0xcd, 0x01, 0xfe, 0xfe, 0xcd, 0x01, 0xfe,
  0xfe, 0xcd, 0x01, 0xfe, 0xfe, 0xcd, 0x01, 0xfe, 0xfe, 0xcd, 0x01, 0xfe,
  0xfe, 0xcd, 0x01, 0xfe, 0xfe, 0xcd, 0x01, 0xfe, 0xfe, 0xcd, 0x01, 0xfe,
  0xfe, 0xcd, 0x01, 0xfe, 0xfe, 0xcd, 0x01, 0xfe, 0xfe, 0xcd, 0x01, 0xfe,
  0xfe, 0xcd, 0x01, 0xfe, 0xfe, 0xcd, 0x01, 0xfe, 0xfe, 0xcd, 0x01, 0xfe,
  0xfe, 0xcd, 0x01, 0xfe, 0xfe, 0xcd, 0x01, 0xfe, 0xfe, 0xcd, 0x01, 0xfe,
  0xfe, 0xcd, 0x01, 0xfe, 0xfe, 0xcd, 0x01, 0xfe, 0xfe, 0xcd, 0x01, 0xfe,
  0xfe, 0xcd, 0x01, 0xfe, 0xfe, 0xcd, 0x01, 0xfe, 0xfe, 0xcd, 0x01, 0xfe,
  0xfe, 0xcd, 0x01, 0xfe, 0xfe, 0xcd, 0x01, 0xfe, 0xfe, 0xcd, 0x01, 0xfe,
  0xfe, 0xcd, 0x01, 0xfe, 0xfe, 0xcd, 0x01, 0xfe, 0xfe, 0xcd, 0x01, 0xfe,
  0xfe, 0xcd, 0x01, 0xfe, 0xfe, 0xcd, 0x01, 0xfe, 0xfe, 0xcd, 0x01, 0xfe,
  0xfe, 0xcd, 0x01, 0xfe, 0xfe, 0xcd, 0x01, 0xfe, 0xfe, 0xcd, 0x01, 0xfe,
  0xfe, 0xcd, 0x01, 0xfe, 0xfe, 0xcd, 0x01, 0xfe, 0xfe, 0xcd, 0x01, 0xfe,
  0xfe, 0xcd, 0x01, 0xfe, 0xfe, 0xcd, 0x01, 0xfe, 0xfe, 0xcd, 0x01, 0xfe,
  0xfe, 0xcd, 0x01, 0xfe, 0xfe, 0xcd, 0x01, 0xfe, 0xfe, 0xcd, 0x01, 0xfe,
  0xfe, 0xcd, 0x01, 0xfe, 0xfe, 0xcd, 0x01, 0xfe, 0xfe, 0xcd, 0x01, 0xfe,
  0xfe, 0xcd, 0x01, 0xfe, 0xfe, 0xcd, 0x01, 0xfe, 0xfe, 0xcd, 0x01, 0xfe,
  0xfe, 0xcd, 0x01, 0xfe, 0xfe, 0xcd, 0x01, 0xfe, 0xfe, 0xcd, 0x01, 0xfe,
  0xfe, 0xcd, 0x01, 0xfe, 0xfe, 0xcd, 0x01, 0xfe, 0xfe, 0xcd, 0x01, 0xfe,
  0xfe, 0xcd, 0x01, 0xfe, 0xfe, 0xcd, 0x01, 0xfe, 0xfe, 0xcd, 0x01, 0xfe,
  0xfe, 0xcd, 0x01, 0xfe, 0xfe, 0xcd, 0x01, 0xfe, 0xfe, 0xcd, 0x01, 0xfe,
  0xfe, 0xcd, 0x01, 0xfe, 0xfe, 0xcd, 0x01, 0xfe, 0xfe, 0xcd, 0x01, 0xfe,
  0xfe, 0xcd, 0x01, 0xfe, 0xfe, 0xcd, 0x01, 0xfe, 0xfe, 0xcd, 0x01, 0xfe,
  0xfe, 0xcd, 0x01, 0xfe, 0xfe, 0xcd, 0x01, 0xfe, 0xfe, 0xcd, 0x01, 0xfe,
  0xfe, 0xcd, 0x01, 0xfe, 0xfe, 0xcd, 0x01, 0xfe, 0xfe, 0xcd, 0x01, 0xfe,
  0xfe, 0xcd, 0x01, 0xfe, 0xfe, 0xcd, 0x01, 0xfe, 0xfe, 0xcd, 0x01, 0xfe,
  0xfe, 0xcd, 0x01, 0xfe, 0xfe, 0xcd, 0x01, 0xfe, 0xfe, 0xcd, 0x01, 0xfe,
  0xfe, 0xcd, 0x01, 0xfe, 0xfe, 0xcd, 0x01, 0xfe, 0xfe, 0xcd, 0x01, 0xfe,
  0xfe, 0xcd, 0x01, 0xfe, 0xfe, 0xcd, 0x01, 0xfe, 0xfe, 0xcd, 0x01, 0xfe,
  0xfe, 0xcd, 0x01, 0xff, 0xfe, 0xcd, 0x01, 0xff, 0xfe, 0xcd, 0x01, 0xff,
  0xfe, 0xcd, 0x01, 0xff, 0xfe, 0xcd, 0x01, 0xff, 0xfe, 0xcd, 0x01, 0xff,
  0xfe, 0xcd, 0x01, 0xff, 0xfe, 0xcd, 0x01, 0xff, 0xfe, 0xcd, 0x01, 0xff,
  0xfe, 0xcd, 0x01, 0xff, 0xfe, 0xcd, 0x01, 0xff, 0xfe, 0xcd, 0x01, 0xff,
  0xfe, 0xcd, 0x01, 0xff, 0xfe, 0xcd, 0x01, 0xff, 0xfe, 0xcd, 0x01, 0xff,
  0xfe, 0xcd, 0x01, 0xff, 0xfe, 0xcd, 0x01, 0xff, 0xfe, 0xcd, 0x01, 0xff,
  0xfe, 0xcd, 0x01, 0xff, 0xfe, 0xcd, 0x01, 0xff, 0xfe, 0xcd, 0x01, 0xff,
  0xfe, 0xcd, 0x01, 0xff, 0xfe, 0xcd, 0x01, 0xff, 0xfe, 0xcd, 0x01, 0xff,
  0xfe, 0xcd, 0x01, 0xff, 0xfe, 0xcd, 0x01, 0xff, 0xfe, 0xcd, 0x01, 0xff,
  0xfe, 0xcd, 0x01, 0xff, 0xfe, 0xcd, 0x01, 0xff, 0xfe, 0xcd, 0x01, 0xff,
  0xfe, 0xcd, 0x01, 0xff, 0x1a, 0x18, 0x0f, 0xff, 0x10, 0x10, 0x10, 0xff,
  0x10, 0x10, 0x10, 0xff, 0x10, 0x10, 0x10, 0xff, 0x00, 0x00, 0x00, 0xff,
  0x00, 0x00, 0x00, 0xd3, 0x00, 0x00, 0x00, 0x00, 0x00, 0x00, 0x00, 0x00,
  0x00, 0x00, 0x00, 0x00, 0x00, 0x00, 0x00, 0x00, 0x00, 0x00, 0x00, 0x00,
  0x00, 0x00, 0x00, 0x00, 0x00, 0x00, 0x00, 0x00, 0x00, 0x00, 0x00, 0x00,
  0x00, 0x00, 0x00, 0x00, 0x00, 0x00, 0x00, 0x00, 0x00, 0x00, 0x00, 0x00,
  0x00, 0x00, 0x00, 0x00, 0x00, 0x00, 0x00, 0x00, 0x00, 0x00, 0x00, 0x00,
  0x00, 0x00, 0x00, 0x00, 0x00, 0x00, 0x00, 0x00, 0x00, 0x00, 0x00, 0x00,
  0x00, 0x00, 0x00, 0x00, 0x00, 0x00, 0x00, 0x00, 0x00, 0x00, 0x00, 0x60,
  0x00, 0x00, 0x00, 0xff, 0x00, 0x00, 0x00, 0xff, 0x00, 0x00, 0x00, 0xff,
  0x00, 0x00, 0x00, 0xff, 0x00, 0x00, 0x00, 0xff, 0x7b, 0x24, 0x10, 0xff,
  0xef, 0x45, 0x29, 0xff, 0xef, 0x45, 0x29, 0xff, 0xef, 0x45, 0x29, 0xff,
  0xef, 0x45, 0x29, 0xff, 0xf7, 0x49, 0x29, 0xff, 0xf7, 0x49, 0x29, 0xff,
  0xf7, 0x49, 0x29, 0xff, 0xf7, 0x49, 0x29, 0xff, 0xf9, 0x47, 0x28, 0xff,
  0xf9, 0x47, 0x28, 0xff, 0xf9, 0x47, 0x28, 0xff, 0xf9, 0x47, 0x28, 0xff,
  0xf9, 0x47, 0x28, 0xff, 0xf9, 0x47, 0x28, 0xff, 0xf9, 0x47, 0x28, 0xff,
  0xf9, 0x47, 0x28, 0xff, 0xf9, 0x47, 0x28, 0xff, 0xf9, 0x47, 0x28, 0xff,
  0xf9, 0x47, 0x28, 0xff, 0xf9, 0x47, 0x28, 0xff, 0xf9, 0x47, 0x28, 0xff,
  0xf9, 0x47, 0x28, 0xff, 0xf9, 0x47, 0x28, 0xff, 0xf9, 0x47, 0x28, 0xff,
  0xf9, 0x47, 0x28, 0xff, 0xf9, 0x47, 0x28, 0xff, 0xf9, 0x47, 0x28, 0xff,
  0xf9, 0x47, 0x28, 0xff, 0xf7, 0x45, 0x29, 0xff, 0xf7, 0x45, 0x29, 0xff,
  0xf7, 0x45, 0x29, 0xff, 0xf7, 0x45, 0x29, 0xff, 0xf7, 0x49, 0x29, 0xff,
  0x52, 0x18, 0x0d, 0xff, 0x00, 0x00, 0x00, 0xff, 0x00, 0x00, 0x00, 0xff,
  0x00, 0x00, 0x00, 0xff, 0x00, 0x00, 0x00, 0xff, 0x94, 0x84, 0x3e, 0xff,
  0xfe, 0xcd, 0x01, 0xff, 0xfe, 0xcd, 0x01, 0xff, 0xfe, 0xcd, 0x01, 0xff,
  0xfe, 0xcd, 0x01, 0xff, 0xfe, 0xcd, 0x01, 0xfe, 0xfe, 0xcd, 0x01, 0xfe,
  0xfe, 0xcd, 0x01, 0xfe, 0xfe, 0xcd, 0x01, 0xfe, 0xfe, 0xcd, 0x01, 0xfe,
  0xfe, 0xcd, 0x01, 0xfe, 0xfe, 0xcd, 0x01, 0xfe, 0xfe, 0xcd, 0x01, 0xfe,
  0xfe, 0xcd, 0x01, 0xfe, 0xfe, 0xcd, 0x01, 0xfe, 0xfe, 0xcd, 0x01, 0xfe,
  0xfe, 0xcd, 0x01, 0xfe, 0xfe, 0xcd, 0x01, 0xfe, 0xfe, 0xcd, 0x01, 0xfe,
  0xfe, 0xcd, 0x01, 0xfe, 0xfe, 0xcd, 0x01, 0xfe, 0xfe, 0xcd, 0x01, 0xfe,
  0xfe, 0xcd, 0x01, 0xfe, 0xfe, 0xcd, 0x01, 0xfe, 0xfe, 0xcd, 0x01, 0xfe,
  0xfe, 0xcd, 0x01, 0xfe, 0xfe, 0xcd, 0x01, 0xfe, 0xfe, 0xcd, 0x01, 0xfe,
  0xfe, 0xcd, 0x01, 0xfe, 0xfe, 0xcd, 0x01, 0xfe, 0xfe, 0xcd, 0x01, 0xfe,
  0xfe, 0xcd, 0x01, 0xfe, 0xfe, 0xcd, 0x01, 0xfe, 0xfe, 0xcd, 0x01, 0xfe,
  0xfe, 0xcd, 0x01, 0xfe, 0xfe, 0xcd, 0x01, 0xfe, 0xfe, 0xcd, 0x01, 0xfe,
  0xfe, 0xcd, 0x01, 0xfe, 0xfe, 0xcd, 0x01, 0xfe, 0xfe, 0xcd, 0x01, 0xfe,
  0xfe, 0xcd, 0x01, 0xfe, 0xfe, 0xcd, 0x01, 0xfe, 0xfe, 0xcd, 0x01, 0xfe,
  0xfe, 0xcd, 0x01, 0xfe, 0xfe, 0xcd, 0x01, 0xfe, 0xfe, 0xcd, 0x01, 0xfe,
  0xfe, 0xcd, 0x01, 0xfe, 0xfe, 0xcd, 0x01, 0xfe, 0xfe, 0xcd, 0x01, 0xfe,
  0xfe, 0xcd, 0x01, 0xfe, 0xfe, 0xcd, 0x01, 0xfe, 0xfe, 0xcd, 0x01, 0xfe,
  0xfe, 0xcd, 0x01, 0xfe, 0xfe, 0xcd, 0x01, 0xfe, 0xfe, 0xcd, 0x01, 0xfe,
  0xfe, 0xcd, 0x01, 0xfe, 0xfe, 0xcd, 0x01, 0xfe, 0xfe, 0xcd, 0x01, 0xfe,
  0xfe, 0xcd, 0x01, 0xfe, 0xfe, 0xcd, 0x01, 0xfe, 0xfe, 0xcd, 0x01, 0xfe,
  0xfe, 0xcd, 0x01, 0xfe, 0xfe, 0xcd, 0x01, 0xfe, 0xfe, 0xcd, 0x01, 0xfe,
  0xfe, 0xcd, 0x01, 0xfe, 0xfe, 0xcd, 0x01, 0xfe, 0xfe, 0xcd, 0x01, 0xfe,
  0xfe, 0xcd, 0x01, 0xfe, 0xfe, 0xcd, 0x01, 0xfe, 0xfe, 0xcd, 0x01, 0xfe,
  0xfe, 0xcd, 0x01, 0xfe, 0xfe, 0xcd, 0x01, 0xfe, 0xfe, 0xcd, 0x01, 0xfe,
  0xfe, 0xcd, 0x01, 0xfe, 0xfe, 0xcd, 0x01, 0xfe, 0xfe, 0xcd, 0x01, 0xfe,
  0xfe, 0xcd, 0x01, 0xfe, 0xfe, 0xcd, 0x01, 0xfe, 0xfe, 0xcd, 0x01, 0xfe,
  0xfe, 0xcd, 0x01, 0xfe, 0xfe, 0xcd, 0x01, 0xfe, 0xfe, 0xcd, 0x01, 0xfe,
  0xfe, 0xcd, 0x01, 0xfe, 0xfe, 0xcd, 0x01, 0xfe, 0xfe, 0xcd, 0x01, 0xfe,
  0xfe, 0xcd, 0x01, 0xfe, 0xfe, 0xcd, 0x01, 0xfe, 0xfe, 0xcd, 0x01, 0xfe,
  0xfe, 0xcd, 0x01, 0xfe, 0xfe, 0xcd, 0x01, 0xfe, 0xfe, 0xcd, 0x01, 0xfe,
  0xfe, 0xcd, 0x01, 0xfe, 0xfe, 0xcd, 0x01, 0xfe, 0xfe, 0xcd, 0x01, 0xfe,
  0xfe, 0xcd, 0x01, 0xfe, 0xfe, 0xcd, 0x01, 0xfe, 0xfe, 0xcd, 0x01, 0xfe,
  0xfe, 0xcd, 0x01, 0xfe, 0xfe, 0xcd, 0x01, 0xfe, 0xfe, 0xcd, 0x01, 0xfe,
  0xfe, 0xcd, 0x01, 0xfe, 0xfe, 0xcd, 0x01, 0xfe, 0xfe, 0xcd, 0x01, 0xfe,
  0xfe, 0xcd, 0x01, 0xfe, 0xfe, 0xcd, 0x01, 0xfe, 0xfe, 0xcd, 0x01, 0xfe,
  0xfe, 0xcd, 0x01, 0xfe, 0xfe, 0xcd, 0x01, 0xfe, 0xfe, 0xcd, 0x01, 0xfe,
  0xfe, 0xcd, 0x01, 0xfe, 0xfe, 0xcd, 0x01, 0xfe, 0xfe, 0xcd, 0x01, 0xfe,
  0xfe, 0xcd, 0x01, 0xfe, 0xfe, 0xcd, 0x01, 0xfe, 0xfe, 0xcd, 0x01, 0xfe,
  0xfe, 0xcd, 0x01, 0xfe, 0xfe, 0xcd, 0x01, 0xfe, 0xfe, 0xcd, 0x01, 0xfe,
  0xfe, 0xcd, 0x01, 0xfe, 0xfe, 0xcd, 0x01, 0xfe, 0xfe, 0xcd, 0x01, 0xfe,
  0xfe, 0xcd, 0x01, 0xfe, 0xfe, 0xcd, 0x01, 0xfe, 0xfe, 0xcd, 0x01, 0xfe,
  0xfe, 0xcd, 0x01, 0xfe, 0xfe, 0xcd, 0x01, 0xfe, 0xfe, 0xcd, 0x01, 0xfe,
  0xfe, 0xcd, 0x01, 0xfe, 0xfe, 0xcd, 0x01, 0xfe, 0xfe, 0xcd, 0x01, 0xfe,
  0xfe, 0xcd, 0x01, 0xfe, 0xfe, 0xcd, 0x01, 0xfe, 0xfe, 0xcd, 0x01, 0xfe,
  0xfe, 0xcd, 0x01, 0xfe, 0xfe, 0xcd, 0x01, 0xfe, 0xfe, 0xcd, 0x01, 0xfe,
  0xfe, 0xcd, 0x01, 0xfe, 0xfe, 0xcd, 0x01, 0xfe, 0xfe, 0xcd, 0x01, 0xfe,
  0xfe, 0xcd, 0x01, 0xfe, 0xfe, 0xcd, 0x01, 0xfe, 0xfe, 0xcd, 0x01, 0xfe,
  0xfe, 0xcd, 0x01, 0xfe, 0xfe, 0xcd, 0x01, 0xfe, 0xfe, 0xcd, 0x01, 0xfe,
  0xfe, 0xcd, 0x01, 0xfe, 0xfe, 0xcd, 0x01, 0xfe, 0xfe, 0xcd, 0x01, 0xfe,
  0xfe, 0xcd, 0x01, 0xfe, 0xfe, 0xcd, 0x01, 0xfe, 0xfe, 0xcd, 0x01, 0xfe,
  0xfe, 0xcd, 0x01, 0xfe, 0xfe, 0xcd, 0x01, 0xfe, 0xfe, 0xcd, 0x01, 0xfe,
  0xfe, 0xcd, 0x01, 0xfe, 0xfe, 0xcd, 0x01, 0xfe, 0xfe, 0xcd, 0x01, 0xfe,
  0xfe, 0xcd, 0x01, 0xfe, 0xfe, 0xcd, 0x01, 0xfe, 0xfe, 0xcd, 0x01, 0xfe,
  0xfe, 0xcd, 0x01, 0xfe, 0xfe, 0xcd, 0x01, 0xfe, 0xfe, 0xcd, 0x01, 0xfe,
  0xfe, 0xcd, 0x01, 0xfe, 0xfe, 0xcd, 0x01, 0xfe, 0xfe, 0xcd, 0x01, 0xfe,
  0xfe, 0xcd, 0x01, 0xfe, 0xfe, 0xcd, 0x01, 0xfe, 0xfe, 0xcd, 0x01, 0xfe,
  0xfe, 0xcd, 0x01, 0xfe, 0xfe, 0xcd, 0x01, 0xfe, 0xfe, 0xcd, 0x01, 0xfe,
  0xfe, 0xcd, 0x01, 0xfe, 0xfe, 0xcd, 0x01, 0xff, 0xfe, 0xcd, 0x01, 0xff,
  0xfe, 0xcd, 0x01, 0xff, 0xfe, 0xcd, 0x01, 0xff, 0xfe, 0xcd, 0x01, 0xff,
  0xfe, 0xcd, 0x01, 0xff, 0xfe, 0xcd, 0x01, 0xff, 0xfe, 0xcd, 0x01, 0xff,
  0xfe, 0xcd, 0x01, 0xff, 0xfe, 0xcd, 0x01, 0xff, 0xfe, 0xcd, 0x01, 0xff,
  0xfe, 0xcd, 0x01, 0xff, 0xfe, 0xcd, 0x01, 0xff, 0xfe, 0xcd, 0x01, 0xff,
  0xfe, 0xcd, 0x01, 0xff, 0xfe, 0xcd, 0x01, 0xff, 0xfe, 0xcd, 0x01, 0xff,
  0xfe, 0xcd, 0x01, 0xff, 0xfe, 0xcd, 0x01, 0xff, 0xfe, 0xcd, 0x01, 0xff,
  0xfe, 0xcd, 0x01, 0xff, 0xfe, 0xcd, 0x01, 0xff, 0xfe, 0xcd, 0x01, 0xff,
  0xfe, 0xcd, 0x01, 0xff, 0xfe, 0xcd, 0x01, 0xff, 0xfe, 0xcd, 0x01, 0xff,
  0xfe, 0xcd, 0x01, 0xff, 0xdf, 0xbe, 0x37, 0xff, 0x08, 0x08, 0x08, 0xff,
  0x00, 0x00, 0x00, 0xff, 0x00, 0x00, 0x00, 0xff, 0x00, 0x00, 0x00, 0xff,
  0x00, 0x00, 0x00, 0xff, 0x00, 0x00, 0x00, 0xd0, 0x00, 0x00, 0x00, 0x10,
  0x00, 0x00, 0x00, 0x00, 0x00, 0x00, 0x00, 0x00, 0x00, 0x00, 0x00, 0x00,
  0x00, 0x00, 0x00, 0x00, 0x00, 0x00, 0x00, 0x00, 0x00, 0x00, 0x00, 0x00,
  0x00, 0x00, 0x00, 0x00, 0x00, 0x00, 0x00, 0x00, 0x00, 0x00, 0x00, 0x00,
  0x00, 0x00, 0x00, 0x00, 0x00, 0x00, 0x00, 0x00, 0x00, 0x00, 0x00, 0x00,
  0x00, 0x00, 0x00, 0x00, 0x00, 0x00, 0x00, 0x00, 0x00, 0x00, 0x00, 0x00,
  0x00, 0x00, 0x00, 0x00, 0x00, 0x00, 0x00, 0x00, 0x00, 0x00, 0x00, 0x00,
  0x00, 0x00, 0x00, 0x00, 0x00, 0x00, 0x00, 0x00, 0x00, 0x00, 0x00, 0x6a,
  0x00, 0x00, 0x00, 0xff, 0x00, 0x00, 0x00, 0xff, 0x00, 0x00, 0x00, 0xff,
  0x00, 0x00, 0x00, 0xff, 0x00, 0x00, 0x00, 0xff, 0x4f, 0x17, 0x0d, 0xff,
  0xef, 0x45, 0x29, 0xff, 0xef, 0x45, 0x29, 0xff, 0xef, 0x45, 0x29, 0xff,
  0xf7, 0x49, 0x29, 0xff, 0xf7, 0x49, 0x29, 0xff, 0xf7, 0x49, 0x29, 0xff,
  0xf7, 0x49, 0x29, 0xff, 0xf9, 0x47, 0x28, 0xff, 0xf9, 0x47, 0x28, 0xff,
  0xf9, 0x47, 0x28, 0xff, 0xf9, 0x47, 0x28, 0xff, 0xf9, 0x47, 0x28, 0xff,
  0xf9, 0x47, 0x28, 0xff, 0xf9, 0x47, 0x28, 0xff, 0xf9, 0x47, 0x28, 0xff,
  0xf9, 0x47, 0x28, 0xff, 0xf9, 0x47, 0x28, 0xff, 0xf9, 0x47, 0x28, 0xff,
  0xf9, 0x47, 0x28, 0xff, 0xf9, 0x47, 0x28, 0xff, 0xf9, 0x47, 0x28, 0xff,
  0xf9, 0x47, 0x28, 0xff, 0xf9, 0x47, 0x28, 0xff, 0xf9, 0x47, 0x28, 0xff,
  0xf9, 0x47, 0x28, 0xff, 0xf9, 0x47, 0x28, 0xff, 0xf9, 0x47, 0x28, 0xff,
  0xf7, 0x45, 0x29, 0xff, 0xf7, 0x45, 0x29, 0xff, 0xf7, 0x45, 0x29, 0xff,
  0xf7, 0x45, 0x29, 0xff, 0x52, 0x18, 0x0d, 0xff, 0x00, 0x00, 0x00, 0xff,
  0x00, 0x00, 0x00, 0xff, 0x00, 0x00, 0x00, 0xff, 0x00, 0x00, 0x00, 0xff,
  0x94, 0x84, 0x3e, 0xff, 0xfe, 0xcd, 0x01, 0xff, 0xfe, 0xcd, 0x01, 0xff,
  0xfe, 0xcd, 0x01, 0xff, 0xfe, 0xcd, 0x01, 0xff, 0xfe, 0xcd, 0x01, 0xfe,
  0xfe, 0xcd, 0x01, 0xfe, 0xfe, 0xcd, 0x01, 0xfe, 0xfe, 0xcd, 0x01, 0xfe,
  0xfe, 0xcd, 0x01, 0xfe, 0xfe, 0xcd, 0x01, 0xfe, 0xfe, 0xcd, 0x01, 0xfe,
  0xfe, 0xcd, 0x01, 0xfe, 0xfe, 0xcd, 0x01, 0xfe, 0xfe, 0xcd, 0x01, 0xfe,
  0xfe, 0xcd, 0x01, 0xfe, 0xfe, 0xcd, 0x01, 0xfe, 0xfe, 0xcd, 0x01, 0xfe,
  0xfe, 0xcd, 0x01, 0xfe, 0xfe, 0xcd, 0x01, 0xfe, 0xfe, 0xcd, 0x01, 0xfe,
  0xfe, 0xcd, 0x01, 0xfe, 0xfe, 0xcd, 0x01, 0xfe, 0xfe, 0xcd, 0x01, 0xfe,
  0xfe, 0xcd, 0x01, 0xfe, 0xfe, 0xcd, 0x01, 0xfe, 0xfe, 0xcd, 0x01, 0xfe,
  0xfe, 0xcd, 0x01, 0xfe, 0xfe, 0xcd, 0x01, 0xfe, 0xfe, 0xcd, 0x01, 0xfe,
  0xfe, 0xcd, 0x01, 0xfe, 0xfe, 0xcd, 0x01, 0xfe, 0xfe, 0xcd, 0x01, 0xfe,
  0xfe, 0xcd, 0x01, 0xfe, 0xfe, 0xcd, 0x01, 0xfe, 0xfe, 0xcd, 0x01, 0xfe,
  0xfe, 0xcd, 0x01, 0xfe, 0xfe, 0xcd, 0x01, 0xfe, 0xfe, 0xcd, 0x01, 0xfe,
  0xfe, 0xcd, 0x01, 0xfe, 0xfe, 0xcd, 0x01, 0xfe, 0xfe, 0xcd, 0x01, 0xfe,
  0xfe, 0xcd, 0x01, 0xfe, 0xfe, 0xcd, 0x01, 0xfe, 0xfe, 0xcd, 0x01, 0xfe,
  0xfe, 0xcd, 0x01, 0xfe, 0xfe, 0xcd, 0x01, 0xfe, 0xfe, 0xcd, 0x01, 0xfe,
  0xfe, 0xcd, 0x01, 0xfe, 0xfe, 0xcd, 0x01, 0xfe, 0xfe, 0xcd, 0x01, 0xfe,
  0xfe, 0xcd, 0x01, 0xfe, 0xfe, 0xcd, 0x01, 0xfe, 0xfe, 0xcd, 0x01, 0xfe,
  0xfe, 0xcd, 0x01, 0xfe, 0xfe, 0xcd, 0x01, 0xfe, 0xfe, 0xcd, 0x01, 0xfe,
  0xfe, 0xcd, 0x01, 0xfe, 0xfe, 0xcd, 0x01, 0xfe, 0xfe, 0xcd, 0x01, 0xfe,
  0xfe, 0xcd, 0x01, 0xfe, 0xfe, 0xcd, 0x01, 0xfe, 0xfe, 0xcd, 0x01, 0xfe,
  0xfe, 0xcd, 0x01, 0xfe, 0xfe, 0xcd, 0x01, 0xfe, 0xfe, 0xcd, 0x01, 0xfe,
  0xfe, 0xcd, 0x01, 0xfe, 0xfe, 0xcd, 0x01, 0xfe, 0xfe, 0xcd, 0x01, 0xfe,
  0xfe, 0xcd, 0x01, 0xfe, 0xfe, 0xcd, 0x01, 0xfe, 0xfe, 0xcd, 0x01, 0xfe,
  0xfe, 0xcd, 0x01, 0xfe, 0xfe, 0xcd, 0x01, 0xfe, 0xfe, 0xcd, 0x01, 0xfe,
  0xfe, 0xcd, 0x01, 0xfe, 0xfe, 0xcd, 0x01, 0xfe, 0xfe, 0xcd, 0x01, 0xfe,
  0xfe, 0xcd, 0x01, 0xfe, 0xfe, 0xcd, 0x01, 0xfe, 0xfe, 0xcd, 0x01, 0xfe,
  0xfe, 0xcd, 0x01, 0xfe, 0xfe, 0xcd, 0x01, 0xfe, 0xfe, 0xcd, 0x01, 0xfe,
  0xfe, 0xcd, 0x01, 0xfe, 0xfe, 0xcd, 0x01, 0xfe, 0xfe, 0xcd, 0x01, 0xfe,
  0xfe, 0xcd, 0x01, 0xfe, 0xfe, 0xcd, 0x01, 0xfe, 0xfe, 0xcd, 0x01, 0xfe,
  0xfe, 0xcd, 0x01, 0xfe, 0xfe, 0xcd, 0x01, 0xfe, 0xfe, 0xcd, 0x01, 0xfe,
  0xfe, 0xcd, 0x01, 0xfe, 0xfe, 0xcd, 0x01, 0xfe, 0xfe, 0xcd, 0x01, 0xfe,
  0xfe, 0xcd, 0x01, 0xfe, 0xfe, 0xcd, 0x01, 0xfe, 0xfe, 0xcd, 0x01, 0xfe,
  0xfe, 0xcd, 0x01, 0xfe, 0xfe, 0xcd, 0x01, 0xfe, 0xfe, 0xcd, 0x01, 0xfe,
  0xfe, 0xcd, 0x01, 0xfe, 0xfe, 0xcd, 0x01, 0xfe, 0xfe, 0xcd, 0x01, 0xfe,
  0xfe, 0xcd, 0x01, 0xfe, 0xfe, 0xcd, 0x01, 0xfe, 0xfe, 0xcd, 0x01, 0xfe,
  0xfe, 0xcd, 0x01, 0xfe, 0xfe, 0xcd, 0x01, 0xfe, 0xfe, 0xcd, 0x01, 0xfe,
  0xfe, 0xcd, 0x01, 0xfe, 0xfe, 0xcd, 0x01, 0xfe, 0xfe, 0xcd, 0x01, 0xfe,
  0xfe, 0xcd, 0x01, 0xfe, 0xfe, 0xcd, 0x01, 0xfe, 0xfe, 0xcd, 0x01, 0xfe,
  0xfe, 0xcd, 0x01, 0xfe, 0xfe, 0xcd, 0x01, 0xfe, 0xfe, 0xcd, 0x01, 0xfe,
  0xfe, 0xcd, 0x01, 0xfe, 0xfe, 0xcd, 0x01, 0xfe, 0xfe, 0xcd, 0x01, 0xfe,
  0xfe, 0xcd, 0x01, 0xfe, 0xfe, 0xcd, 0x01, 0xfe, 0xfe, 0xcd, 0x01, 0xfe,
  0xfe, 0xcd, 0x01, 0xfe, 0xfe, 0xcd, 0x01, 0xfe, 0xfe, 0xcd, 0x01, 0xfe,
  0xfe, 0xcd, 0x01, 0xfe, 0xfe, 0xcd, 0x01, 0xfe, 0xfe, 0xcd, 0x01, 0xfe,
  0xfe, 0xcd, 0x01, 0xfe, 0xfe, 0xcd, 0x01, 0xfe, 0xfe, 0xcd, 0x01, 0xfe,
  0xfe, 0xcd, 0x01, 0xfe, 0xfe, 0xcd, 0x01, 0xfe, 0xfe, 0xcd, 0x01, 0xfe,
  0xfe, 0xcd, 0x01, 0xfe, 0xfe, 0xcd, 0x01, 0xfe, 0xfe, 0xcd, 0x01, 0xfe,
  0xfe, 0xcd, 0x01, 0xfe, 0xfe, 0xcd, 0x01, 0xfe, 0xfe, 0xcd, 0x01, 0xfe,
  0xfe, 0xcd, 0x01, 0xfe, 0xfe, 0xcd, 0x01, 0xfe, 0xfe, 0xcd, 0x01, 0xfe,
  0xfe, 0xcd, 0x01, 0xfe, 0xfe, 0xcd, 0x01, 0xfe, 0xfe, 0xcd, 0x01, 0xfe,
  0xfe, 0xcd, 0x01, 0xfe, 0xfe, 0xcd, 0x01, 0xfe, 0xfe, 0xcd, 0x01, 0xfe,
  0xfe, 0xcd, 0x01, 0xfe, 0xfe, 0xcd, 0x01, 0xfe, 0xfe, 0xcd, 0x01, 0xfe,
  0xfe, 0xcd, 0x01, 0xfe, 0xfe, 0xcd, 0x01, 0xfe, 0xfe, 0xcd, 0x01, 0xfe,
  0xfe, 0xcd, 0x01, 0xfe, 0xfe, 0xcd, 0x01, 0xfe, 0xfe, 0xcd, 0x01, 0xfe,
  0xfe, 0xcd, 0x01, 0xfe, 0xfe, 0xcd, 0x01, 0xfe, 0xfe, 0xcd, 0x01, 0xfe,
  0xfe, 0xcd, 0x01, 0xfe, 0xfe, 0xcd, 0x01, 0xfe, 0xfe, 0xcd, 0x01, 0xfe,
  0xfe, 0xcd, 0x01, 0xfe, 0xfe, 0xcd, 0x01, 0xfe, 0xfe, 0xcd, 0x01, 0xfe,
  0xfe, 0xcd, 0x01, 0xfe, 0xfe, 0xcd, 0x01, 0xfe, 0xfe, 0xcd, 0x01, 0xfe,
  0xfe, 0xcd, 0x01, 0xfe, 0xfe, 0xcd, 0x01, 0xfe, 0xfe, 0xcd, 0x01, 0xff,
  0xfe, 0xcd, 0x01, 0xff, 0xfe, 0xcd, 0x01, 0xff, 0xfe, 0xcd, 0x01, 0xff,
  0xfe, 0xcd, 0x01, 0xff, 0xfe, 0xcd, 0x01, 0xff, 0xfe, 0xcd, 0x01, 0xff,
  0xfe, 0xcd, 0x01, 0xff, 0xfe, 0xcd, 0x01, 0xff, 0xfe, 0xcd, 0x01, 0xff,
  0xfe, 0xcd, 0x01, 0xff, 0xfe, 0xcd, 0x01, 0xff, 0xfe, 0xcd, 0x01, 0xff,
  0xfe, 0xcd, 0x01, 0xff, 0xfe, 0xcd, 0x01, 0xff, 0xfe, 0xcd, 0x01, 0xff,
  0xfe, 0xcd, 0x01, 0xff, 0xfe, 0xcd, 0x01, 0xff, 0xfe, 0xcd, 0x01, 0xff,
  0xfe, 0xcd, 0x01, 0xff, 0xfe, 0xcd, 0x01, 0xff, 0xfe, 0xcd, 0x01, 0xff,
  0xfe, 0xcd, 0x01, 0xff, 0xfe, 0xcd, 0x01, 0xff, 0xbf, 0xa0, 0x20, 0xff,
  0x0c, 0x0b, 0x08, 0xff, 0x08, 0x08, 0x08, 0xff, 0x00, 0x00, 0x00, 0xff,
  0x00, 0x00, 0x00, 0xff, 0x00, 0x00, 0x00, 0xff, 0x00, 0x00, 0x00, 0xd0,
  0x00, 0x00, 0x00, 0x10, 0x00, 0x00, 0x00, 0x00, 0x00, 0x00, 0x00, 0x00,
  0x00, 0x00, 0x00, 0x00, 0x00, 0x00, 0x00, 0x00, 0x00, 0x00, 0x00, 0x00,
  0x00, 0x00, 0x00, 0x00, 0x00, 0x00, 0x00, 0x00, 0x00, 0x00, 0x00, 0x00,
  0x00, 0x00, 0x00, 0x00, 0x00, 0x00, 0x00, 0x00, 0x00, 0x00, 0x00, 0x00,
  0x00, 0x00, 0x00, 0x00, 0x00, 0x00, 0x00, 0x00, 0x00, 0x00, 0x00, 0x00,
  0x00, 0x00, 0x00, 0x00, 0x00, 0x00, 0x00, 0x00, 0x00, 0x00, 0x00, 0x00,
  0x00, 0x00, 0x00, 0x00, 0x00, 0x00, 0x00, 0x00, 0x00, 0x00, 0x00, 0x00,
  0x00, 0x00, 0x00, 0x00, 0x00, 0x00, 0x00, 0x00, 0x00, 0x00, 0x00, 0x60,
  0x00, 0x00, 0x00, 0xff, 0x00, 0x00, 0x00, 0xff, 0x00, 0x00, 0x00, 0xff,
  0x00, 0x00, 0x00, 0xff, 0x00, 0x00, 0x00, 0xff, 0x00, 0x00, 0x00, 0xff,
  0x9f, 0x2e, 0x1b, 0xff, 0xef, 0x45, 0x29, 0xff, 0xf7, 0x49, 0x29, 0xff,
  0xf7, 0x49, 0x29, 0xff, 0xf7, 0x49, 0x29, 0xff, 0xf7, 0x49, 0x29, 0xff,
  0xf9, 0x47, 0x28, 0xff, 0xf9, 0x47, 0x28, 0xff, 0xf9, 0x47, 0x28, 0xff,
  0xf9, 0x47, 0x28, 0xff, 0xf9, 0x47, 0x28, 0xff, 0xf9, 0x47, 0x28, 0xff,
  0xf9, 0x47, 0x28, 0xff, 0xf9, 0x47, 0x28, 0xff, 0xf9, 0x47, 0x28, 0xff,
  0xf9, 0x47, 0x28, 0xff, 0xf9, 0x47, 0x28, 0xff, 0xf9, 0x47, 0x28, 0xff,
  0xf9, 0x47, 0x28, 0xff, 0xf9, 0x47, 0x28, 0xff, 0xf9, 0x47, 0x28, 0xff,
  0xf9, 0x47, 0x28, 0xff, 0xf9, 0x47, 0x28, 0xff, 0xf9, 0x47, 0x28, 0xff,
  0xf9, 0x47, 0x28, 0xff, 0xf9, 0x47, 0x28, 0xff, 0xf7, 0x45, 0x29, 0xff,
  0xf7, 0x45, 0x29, 0xff, 0xa4, 0x2e, 0x1b, 0xff, 0x00, 0x00, 0x00, 0xff,
  0x00, 0x00, 0x00, 0xff, 0x00, 0x00, 0x00, 0xff, 0x00, 0x00, 0x00, 0xff,
  0x00, 0x00, 0x00, 0xff, 0x94, 0x84, 0x3e, 0xff, 0xfe, 0xcd, 0x01, 0xff,
  0xfe, 0xcd, 0x01, 0xff, 0xfe, 0xcd, 0x01, 0xff, 0xfe, 0xcd, 0x01, 0xff,
  0xfe, 0xcd, 0x01, 0xfe, 0xfe, 0xcd, 0x01, 0xfe, 0xfe, 0xcd, 0x01, 0xfe,
  0xfe, 0xcd, 0x01, 0xfe, 0xfe, 0xcd, 0x01, 0xfe, 0xfe, 0xcd, 0x01, 0xfe,
  0xfe, 0xcd, 0x01, 0xfe, 0xfe, 0xcd, 0x01, 0xfe, 0xfe, 0xcd, 0x01, 0xfe,
  0xfe, 0xcd, 0x01, 0xfe, 0xfe, 0xcd, 0x01, 0xfe, 0xfe, 0xcd, 0x01, 0xfe,
  0xfe, 0xcd, 0x01, 0xfe, 0xfe, 0xcd, 0x01, 0xfe, 0xfe, 0xcd, 0x01, 0xfe,
  0xfe, 0xcd, 0x01, 0xfe, 0xfe, 0xcd, 0x01, 0xfe, 0xfe, 0xcd, 0x01, 0xfe,
  0xfe, 0xcd, 0x01, 0xfe, 0xfe, 0xcd, 0x01, 0xfe, 0xfe, 0xcd, 0x01, 0xfe,
  0xfe, 0xcd, 0x01, 0xfe, 0xfe, 0xcd, 0x01, 0xfe, 0xfe, 0xcd, 0x01, 0xfe,
  0xfe, 0xcd, 0x01, 0xfe, 0xfe, 0xcd, 0x01, 0xfe, 0xfe, 0xcd, 0x01, 0xfe,
  0xfe, 0xcd, 0x01, 0xfe, 0xfe, 0xcd, 0x01, 0xfe, 0xfe, 0xcd, 0x01, 0xfe,
  0xfe, 0xcd, 0x01, 0xfe, 0xfe, 0xcd, 0x01, 0xfe, 0xfe, 0xcd, 0x01, 0xfe,
  0xfe, 0xcd, 0x01, 0xfe, 0xfe, 0xcd, 0x01, 0xfe, 0xfe, 0xcd, 0x01, 0xfe,
  0xfe, 0xcd, 0x01, 0xfe, 0xfe, 0xcd, 0x01, 0xfe, 0xfe, 0xcd, 0x01, 0xfe,
  0xfe, 0xcd, 0x01, 0xfe, 0xfe, 0xcd, 0x01, 0xfe, 0xfe, 0xcd, 0x01, 0xfe,
  0xfe, 0xcd, 0x01, 0xfe, 0xfe, 0xcd, 0x01, 0xfe, 0xfe, 0xcd, 0x01, 0xfe,
  0xfe, 0xcd, 0x01, 0xfe, 0xfe, 0xcd, 0x01, 0xfe, 0xfe, 0xcd, 0x01, 0xfe,
  0xfe, 0xcd, 0x01, 0xfe, 0xfe, 0xcd, 0x01, 0xfe, 0xfe, 0xcd, 0x01, 0xfe,
  0xfe, 0xcd, 0x01, 0xfe, 0xfe, 0xcd, 0x01, 0xfe, 0xfe, 0xcd, 0x01, 0xfe,
  0xfe, 0xcd, 0x01, 0xfe, 0xfe, 0xcd, 0x01, 0xfe, 0xfe, 0xcd, 0x01, 0xfe,
  0xfe, 0xcd, 0x01, 0xfe, 0xfe, 0xcd, 0x01, 0xfe, 0xfe, 0xcd, 0x01, 0xfe,
  0xfe, 0xcd, 0x01, 0xfe, 0xfe, 0xcd, 0x01, 0xfe, 0xfe, 0xcd, 0x01, 0xfe,
  0xfe, 0xcd, 0x01, 0xfe, 0xfe, 0xcd, 0x01, 0xfe, 0xfe, 0xcd, 0x01, 0xfe,
  0xfe, 0xcd, 0x01, 0xfe, 0xfe, 0xcd, 0x01, 0xfe, 0xfe, 0xcd, 0x01, 0xfe,
  0xfe, 0xcd, 0x01, 0xfe, 0xfe, 0xcd, 0x01, 0xfe, 0xfe, 0xcd, 0x01, 0xfe,
  0xfe, 0xcd, 0x01, 0xfe, 0xfe, 0xcd, 0x01, 0xfe, 0xfe, 0xcd, 0x01, 0xfe,
  0xfe, 0xcd, 0x01, 0xfe, 0xfe, 0xcd, 0x01, 0xfe, 0xfe, 0xcd, 0x01, 0xfe,
  0xfe, 0xcd, 0x01, 0xfe, 0xfe, 0xcd, 0x01, 0xfe, 0xfe, 0xcd, 0x01, 0xfe,
  0xfe, 0xcd, 0x01, 0xfe, 0xfe, 0xcd, 0x01, 0xfe, 0xfe, 0xcd, 0x01, 0xfe,
  0xfe, 0xcd, 0x01, 0xfe, 0xfe, 0xcd, 0x01, 0xfe, 0xfe, 0xcd, 0x01, 0xfe,
  0xfe, 0xcd, 0x01, 0xfe, 0xfe, 0xcd, 0x01, 0xfe, 0xfe, 0xcd, 0x01, 0xfe,
  0xfe, 0xcd, 0x01, 0xfe, 0xfe, 0xcd, 0x01, 0xfe, 0xfe, 0xcd, 0x01, 0xfe,
  0xfe, 0xcd, 0x01, 0xfe, 0xfe, 0xcd, 0x01, 0xfe, 0xfe, 0xcd, 0x01, 0xfe,
  0xfe, 0xcd, 0x01, 0xfe, 0xfe, 0xcd, 0x01, 0xfe, 0xfe, 0xcd, 0x01, 0xfe,
  0xfe, 0xcd, 0x01, 0xfe, 0xfe, 0xcd, 0x01, 0xfe, 0xfe, 0xcd, 0x01, 0xfe,
  0xfe, 0xcd, 0x01, 0xfe, 0xfe, 0xcd, 0x01, 0xfe, 0xfe, 0xcd, 0x01, 0xfe,
  0xfe, 0xcd, 0x01, 0xfe, 0xfe, 0xcd, 0x01, 0xfe, 0xfe, 0xcd, 0x01, 0xfe,
  0xfe, 0xcd, 0x01, 0xfe, 0xfe, 0xcd, 0x01, 0xfe, 0xfe, 0xcd, 0x01, 0xfe,
  0xfe, 0xcd, 0x01, 0xfe, 0xfe, 0xcd, 0x01, 0xfe, 0xfe, 0xcd, 0x01, 0xfe,
  0xfe, 0xcd, 0x01, 0xfe, 0xfe, 0xcd, 0x01, 0xfe, 0xfe, 0xcd, 0x01, 0xfe,
  0xfe, 0xcd, 0x01, 0xfe, 0xfe, 0xcd, 0x01, 0xfe, 0xfe, 0xcd, 0x01, 0xfe,
  0xfe, 0xcd, 0x01, 0xfe, 0xfe, 0xcd, 0x01, 0xfe, 0xfe, 0xcd, 0x01, 0xfe,
  0xfe, 0xcd, 0x01, 0xfe, 0xfe, 0xcd, 0x01, 0xfe, 0xfe, 0xcd, 0x01, 0xfe,
  0xfe, 0xcd, 0x01, 0xfe, 0xfe, 0xcd, 0x01, 0xfe, 0xfe, 0xcd, 0x01, 0xfe,
  0xfe, 0xcd, 0x01, 0xfe, 0xfe, 0xcd, 0x01, 0xfe, 0xfe, 0xcd, 0x01, 0xfe,
  0xfe, 0xcd, 0x01, 0xfe, 0xfe, 0xcd, 0x01, 0xfe, 0xfe, 0xcd, 0x01, 0xfe,
  0xfe, 0xcd, 0x01, 0xfe, 0xfe, 0xcd, 0x01, 0xfe, 0xfe, 0xcd, 0x01, 0xfe,
  0xfe, 0xcd, 0x01, 0xfe, 0xfe, 0xcd, 0x01, 0xfe, 0xfe, 0xcd, 0x01, 0xfe,
  0xfe, 0xcd, 0x01, 0xfe, 0xfe, 0xcd, 0x01, 0xfe, 0xfe, 0xcd, 0x01, 0xfe,
  0xfe, 0xcd, 0x01, 0xfe, 0xfe, 0xcd, 0x01, 0xfe, 0xfe, 0xcd, 0x01, 0xfe,
  0xfe, 0xcd, 0x01, 0xfe, 0xfe, 0xcd, 0x01, 0xfe, 0xfe, 0xcd, 0x01, 0xfe,
  0xfe, 0xcd, 0x01, 0xfe, 0xfe, 0xcd, 0x01, 0xfe, 0xfe, 0xcd, 0x01, 0xfe,
  0xfe, 0xcd, 0x01, 0xfe, 0xfe, 0xcd, 0x01, 0xfe, 0xfe, 0xcd, 0x01, 0xfe,
  0xfe, 0xcd, 0x01, 0xfe, 0xfe, 0xcd, 0x01, 0xfe, 0xfe, 0xcd, 0x01, 0xfe,
  0xfe, 0xcd, 0x01, 0xfe, 0xfe, 0xcd, 0x01, 0xfe, 0xfe, 0xcd, 0x01, 0xfe,
  0xfe, 0xcd, 0x01, 0xfe, 0xfe, 0xcd, 0x01, 0xfe, 0xfe, 0xcd, 0x01, 0xfe,
  0xfe, 0xcd, 0x01, 0xfe, 0xfe, 0xcd, 0x01, 0xfe, 0xfe, 0xcd, 0x01, 0xfe,
  0xfe, 0xcd, 0x01, 0xfe, 0xfe, 0xcd, 0x01, 0xfe, 0xfe, 0xcd, 0x01, 0xfe,
  0xfe, 0xcd, 0x01, 0xfe, 0xfe, 0xcd, 0x01, 0xfe, 0xfe, 0xcd, 0x01, 0xff,
  0xfe, 0xcd, 0x01, 0xff, 0xfe, 0xcd, 0x01, 0xff, 0xfe, 0xcd, 0x01, 0xff,
  0xfe, 0xcd, 0x01, 0xff, 0xfe, 0xcd, 0x01, 0xff, 0xfe, 0xcd, 0x01, 0xff,
  0xfe, 0xcd, 0x01, 0xff, 0xfe, 0xcd, 0x01, 0xff, 0xfe, 0xcd, 0x01, 0xff,
  0xfe, 0xcd, 0x01, 0xff, 0xfe, 0xcd, 0x01, 0xff, 0xfe, 0xcd, 0x01, 0xff,
  0xfe, 0xcd, 0x01, 0xff, 0xfe, 0xcd, 0x01, 0xff, 0xfe, 0xcd, 0x01, 0xff,
  0xfe, 0xcd, 0x01, 0xff, 0xfe, 0xcd, 0x01, 0xff, 0xfe, 0xcd, 0x01, 0xff,
  0xfe, 0xcd, 0x01, 0xff, 0xfe, 0xcd, 0x01, 0xff, 0xea, 0xc2, 0x26, 0xff,
  0x12, 0x10, 0x08, 0xff, 0x0c, 0x0b, 0x08, 0xff, 0x08, 0x08, 0x08, 0xff,
  0x08, 0x08, 0x08, 0xff, 0x00, 0x00, 0x00, 0xff, 0x00, 0x00, 0x00, 0xff,
  0x00, 0x00, 0x00, 0xd0, 0x00, 0x00, 0x00, 0x10, 0x00, 0x00, 0x00, 0x00,
  0x00, 0x00, 0x00, 0x00, 0x00, 0x00, 0x00, 0x00, 0x00, 0x00, 0x00, 0x00,
  0x00, 0x00, 0x00, 0x00, 0x00, 0x00, 0x00, 0x00, 0x00, 0x00, 0x00, 0x00,
  0x00, 0x00, 0x00, 0x00, 0x00, 0x00, 0x00, 0x00, 0x00, 0x00, 0x00, 0x00,
  0x00, 0x00, 0x00, 0x00, 0x00, 0x00, 0x00, 0x00, 0x00, 0x00, 0x00, 0x00,
  0x00, 0x00, 0x00, 0x00, 0x00, 0x00, 0x00, 0x00, 0x00, 0x00, 0x00, 0x00,
  0x00, 0x00, 0x00, 0x00, 0x00, 0x00, 0x00, 0x00, 0x00, 0x00, 0x00, 0x00,
  0x00, 0x00, 0x00, 0x00, 0x00, 0x00, 0x00, 0x00, 0x00, 0x00, 0x00, 0x00,
  0x00, 0x00, 0x00, 0x00, 0x00, 0x00, 0x00, 0x00, 0x00, 0x00, 0x00, 0x30,
  0x00, 0x00, 0x00, 0xf2, 0x00, 0x00, 0x00, 0xff, 0x00, 0x00, 0x00, 0xff,
  0x00, 0x00, 0x00, 0xff, 0x00, 0x00, 0x00, 0xff, 0x00, 0x00, 0x00, 0xff,
  0x4f, 0x17, 0x0d, 0xff, 0xb7, 0x36, 0x1e, 0xff, 0xf7, 0x49, 0x29, 0xff,
  0xf7, 0x49, 0x29, 0xff, 0xf7, 0x49, 0x29, 0xff, 0xf9, 0x47, 0x28, 0xff,
  0xf9, 0x47, 0x28, 0xff, 0xf9, 0x47, 0x28, 0xff, 0xf9, 0x47, 0x28, 0xff,
  0xf9, 0x47, 0x28, 0xff, 0xf9, 0x47, 0x28, 0xff, 0xf9, 0x47, 0x28, 0xff,
  0xf9, 0x47, 0x28, 0xff, 0xf9, 0x47, 0x28, 0xff, 0xf9, 0x47, 0x28, 0xff,
  0xf9, 0x47, 0x28, 0xff, 0xf9, 0x47, 0x28, 0xff, 0xf9, 0x47, 0x28, 0xff,
  0xf9, 0x47, 0x28, 0xff, 0xf9, 0x47, 0x28, 0xff, 0xf9, 0x47, 0x28, 0xff,
  0xf9, 0x47, 0x28, 0xff, 0xf9, 0x47, 0x28, 0xff, 0xf9, 0x47, 0x28, 0xff,
  0xf9, 0x47, 0x28, 0xff, 0xa4, 0x2e, 0x1b, 0xff, 0x52, 0x17, 0x0d, 0xff,
  0x00, 0x00, 0x00, 0xff, 0x00, 0x00, 0x00, 0xff, 0x00, 0x00, 0x00, 0xff,
  0x00, 0x00, 0x00, 0xff, 0x00, 0x00, 0x00, 0xff, 0xa9, 0x98, 0x53, 0xff,
  0xfe, 0xcd, 0x01, 0xff, 0xfe, 0xcd, 0x01, 0xff, 0xfe, 0xcd, 0x01, 0xff,
  0xfe, 0xcd, 0x01, 0xff, 0xfe, 0xcd, 0x01, 0xfe, 0xfe, 0xcd, 0x01, 0xfe,
  0xfe, 0xcd, 0x01, 0xfe, 0xfe, 0xcd, 0x01, 0xfe, 0xfe, 0xcd, 0x01, 0xfe,
  0xfe, 0xcd, 0x01, 0xfe, 0xfe, 0xcd, 0x01, 0xfe, 0xfe, 0xcd, 0x01, 0xfe,
  0xfe, 0xcd, 0x01, 0xfe, 0xfe, 0xcd, 0x01, 0xfe, 0xfe, 0xcd, 0x01, 0xfe,
  0xfe, 0xcd, 0x01, 0xfe, 0xfe, 0xcd, 0x01, 0xfe, 0xfe, 0xcd, 0x01, 0xfe,
  0xfe, 0xcd, 0x01, 0xfe, 0xfe, 0xcd, 0x01, 0xfe, 0xfe, 0xcd, 0x01, 0xfe,
  0xfe, 0xcd, 0x01, 0xfe, 0xfe, 0xcd, 0x01, 0xfe, 0xfe, 0xcd, 0x01, 0xfe,
  0xfe, 0xcd, 0x01, 0xfe, 0xfe, 0xcd, 0x01, 0xfe, 0xfe, 0xcd, 0x01, 0xfe,
  0xfe, 0xcd, 0x01, 0xfe, 0xfe, 0xcd, 0x01, 0xfe, 0xfe, 0xcd, 0x01, 0xfe,
  0xfe, 0xcd, 0x01, 0xfe, 0xfe, 0xcd, 0x01, 0xfe, 0xfe, 0xcd, 0x01, 0xfe,
  0xfe, 0xcd, 0x01, 0xfe, 0xfe, 0xcd, 0x01, 0xfe, 0xfe, 0xcd, 0x01, 0xfe,
  0xfe, 0xcd, 0x01, 0xfe, 0xfe, 0xcd, 0x01, 0xfe, 0xfe, 0xcd, 0x01, 0xfe,
  0xfe, 0xcd, 0x01, 0xfe, 0xfe, 0xcd, 0x01, 0xfe, 0xfe, 0xcd, 0x01, 0xfe,
  0xfe, 0xcd, 0x01, 0xfe, 0xfe, 0xcd, 0x01, 0xfe, 0xfe, 0xcd, 0x01, 0xfe,
  0xfe, 0xcd, 0x01, 0xfe, 0xfe, 0xcd, 0x01, 0xfe, 0xfe, 0xcd, 0x01, 0xfe,
  0xfe, 0xcd, 0x01, 0xfe, 0xfe, 0xcd, 0x01, 0xfe, 0xfe, 0xcd, 0x01, 0xfe,
  0xfe, 0xcd, 0x01, 0xfe, 0xfe, 0xcd, 0x01, 0xfe, 0xfe, 0xcd, 0x01, 0xfe,
  0xfe, 0xcd, 0x01, 0xfe, 0xfe, 0xcd, 0x01, 0xfe, 0xfe, 0xcd, 0x01, 0xfe,
  0xfe, 0xcd, 0x01, 0xfe, 0xfe, 0xcd, 0x01, 0xfe, 0xfe, 0xcd, 0x01, 0xfe,
  0xfe, 0xcd, 0x01, 0xfe, 0xfe, 0xcd, 0x01, 0xfe, 0xfe, 0xcd, 0x01, 0xfe,
  0xfe, 0xcd, 0x01, 0xfe, 0xfe, 0xcd, 0x01, 0xfe, 0xfe, 0xcd, 0x01, 0xfe,
  0xfe, 0xcd, 0x01, 0xfe, 0xfe, 0xcd, 0x01, 0xfe, 0xfe, 0xcd, 0x01, 0xfe,
  0xfe, 0xcd, 0x01, 0xfe, 0xfe, 0xcd, 0x01, 0xfe, 0xfe, 0xcd, 0x01, 0xfe,
  0xfe, 0xcd, 0x01, 0xfe, 0xfe, 0xcd, 0x01, 0xfe, 0xfe, 0xcd, 0x01, 0xfe,
  0xfe, 0xcd, 0x01, 0xfe, 0xfe, 0xcd, 0x01, 0xfe, 0xfe, 0xcd, 0x01, 0xfe,
  0xfe, 0xcd, 0x01, 0xfe, 0xfe, 0xcd, 0x01, 0xfe, 0xfe, 0xcd, 0x01, 0xfe,
  0xfe, 0xcd, 0x01, 0xfe, 0xfe, 0xcd, 0x01, 0xfe, 0xfe, 0xcd, 0x01, 0xfe,
  0xfe, 0xcd, 0x01, 0xfe, 0xfe, 0xcd, 0x01, 0xfe, 0xfe, 0xcd, 0x01, 0xfe,
  0xfe, 0xcd, 0x01, 0xfe, 0xfe, 0xcd, 0x01, 0xfe, 0xfe, 0xcd, 0x01, 0xfe,
  0xfe, 0xcd, 0x01, 0xfe, 0xfe, 0xcd, 0x01, 0xfe, 0xfe, 0xcd, 0x01, 0xfe,
  0xfe, 0xcd, 0x01, 0xfe, 0xfe, 0xcd, 0x01, 0xfe, 0xfe, 0xcd, 0x01, 0xfe,
  0xfe, 0xcd, 0x01, 0xfe, 0xfe, 0xcd, 0x01, 0xfe, 0xfe, 0xcd, 0x01, 0xfe,
  0xfe, 0xcd, 0x01, 0xfe, 0xfe, 0xcd, 0x01, 0xfe, 0xfe, 0xcd, 0x01, 0xfe,
  0xfe, 0xcd, 0x01, 0xfe, 0xfe, 0xcd, 0x01, 0xfe, 0xfe, 0xcd, 0x01, 0xfe,
  0xfe, 0xcd, 0x01, 0xfe, 0xfe, 0xcd, 0x01, 0xfe, 0xfe, 0xcd, 0x01, 0xfe,
  0xfe, 0xcd, 0x01, 0xfe, 0xfe, 0xcd, 0x01, 0xfe, 0xfe, 0xcd, 0x01, 0xfe,
  0xfe, 0xcd, 0x01, 0xfe, 0xfe, 0xcd, 0x01, 0xfe, 0xfe, 0xcd, 0x01, 0xfe,
  0xfe, 0xcd, 0x01, 0xfe, 0xfe, 0xcd, 0x01, 0xfe, 0xfe, 0xcd, 0x01, 0xfe,
  0xfe, 0xcd, 0x01, 0xfe, 0xfe, 0xcd, 0x01, 0xfe, 0xfe, 0xcd, 0x01, 0xfe,
  0xfe, 0xcd, 0x01, 0xfe, 0xfe, 0xcd, 0x01, 0xfe, 0xfe, 0xcd, 0x01, 0xfe,
  0xfe, 0xcd, 0x01, 0xfe, 0xfe, 0xcd, 0x01, 0xfe, 0xfe, 0xcd, 0x01, 0xfe,
  0xfe, 0xcd, 0x01, 0xfe, 0xfe, 0xcd, 0x01, 0xfe, 0xfe, 0xcd, 0x01, 0xfe,
  0xfe, 0xcd, 0x01, 0xfe, 0xfe, 0xcd, 0x01, 0xfe, 0xfe, 0xcd, 0x01, 0xfe,
  0xfe, 0xcd, 0x01, 0xfe, 0xfe, 0xcd, 0x01, 0xfe, 0xfe, 0xcd, 0x01, 0xfe,
  0xfe, 0xcd, 0x01, 0xfe, 0xfe, 0xcd, 0x01, 0xfe, 0xfe, 0xcd, 0x01, 0xfe,
  0xfe, 0xcd, 0x01, 0xfe, 0xfe, 0xcd, 0x01, 0xfe, 0xfe, 0xcd, 0x01, 0xfe,
  0xfe, 0xcd, 0x01, 0xfe, 0xfe, 0xcd, 0x01, 0xfe, 0xfe, 0xcd, 0x01, 0xfe,
  0xfe, 0xcd, 0x01, 0xfe, 0xfe, 0xcd, 0x01, 0xfe, 0xfe, 0xcd, 0x01, 0xfe,
  0xfe, 0xcd, 0x01, 0xfe, 0xfe, 0xcd, 0x01, 0xfe, 0xfe, 0xcd, 0x01, 0xfe,
  0xfe, 0xcd, 0x01, 0xfe, 0xfe, 0xcd, 0x01, 0xfe, 0xfe, 0xcd, 0x01, 0xfe,
  0xfe, 0xcd, 0x01, 0xfe, 0xfe, 0xcd, 0x01, 0xfe, 0xfe, 0xcd, 0x01, 0xfe,
  0xfe, 0xcd, 0x01, 0xfe, 0xfe, 0xcd, 0x01, 0xfe, 0xfe, 0xcd, 0x01, 0xfe,
  0xfe, 0xcd, 0x01, 0xfe, 0xfe, 0xcd, 0x01, 0xfe, 0xfe, 0xcd, 0x01, 0xfe,
  0xfe, 0xcd, 0x01, 0xfe, 0xfe, 0xcd, 0x01, 0xfe, 0xfe, 0xcd, 0x01, 0xfe,
  0xfe, 0xcd, 0x01, 0xfe, 0xfe, 0xcd, 0x01, 0xfe, 0xfe, 0xcd, 0x01, 0xfe,
  0xfe, 0xcd, 0x01, 0xfe, 0xfe, 0xcd, 0x01, 0xfe, 0xfe, 0xcd, 0x01, 0xfe,
  0xfe, 0xcd, 0x01, 0xfe, 0xfe, 0xcd, 0x01, 0xfe, 0xfe, 0xcd, 0x01, 0xfe,
  0xfe, 0xcd, 0x01, 0xfe, 0xfe, 0xcd, 0x01, 0xfe, 0xfe, 0xcd, 0x01, 0xfe,
  0xfe, 0xcd, 0x01, 0xfe, 0xfe, 0xcd, 0x01, 0xfe, 0xfe, 0xcd, 0x01, 0xff,
  0xfe, 0xcd, 0x01, 0xff, 0xfe, 0xcd, 0x01, 0xff, 0xfe, 0xcd, 0x01, 0xff,
  0xfe, 0xcd, 0x01, 0xff, 0xfe, 0xcd, 0x01, 0xff, 0xfe, 0xcd, 0x01, 0xff,
  0xfe, 0xcd, 0x01, 0xff, 0xfe, 0xcd, 0x01, 0xff, 0xfe, 0xcd, 0x01, 0xff,
  0xfe, 0xcd, 0x01, 0xff, 0xfe, 0xcd, 0x01, 0xff, 0xfe, 0xcd, 0x01, 0xff,
  0xfe, 0xcd, 0x01, 0xff, 0xfe, 0xcd, 0x01, 0xff, 0xfe, 0xcd, 0x01, 0xff,
  0xfe, 0xcd, 0x01, 0xff, 0xfe, 0xcd, 0x01, 0xff, 0xdf, 0xbd, 0x3a, 0xff,
  0x09, 0x0b, 0x00, 0xff, 0x00, 0x04, 0x00, 0xff, 0x08, 0x08, 0x08, 0xff,
  0x08, 0x08, 0x08, 0xff, 0x08, 0x08, 0x08, 0xff, 0x08, 0x08, 0x08, 0xff,
  0x00, 0x00, 0x00, 0xff, 0x00, 0x00, 0x00, 0xa9, 0x00, 0x00, 0x00, 0x00,
  0x00, 0x00, 0x00, 0x00, 0x00, 0x00, 0x00, 0x00, 0x00, 0x00, 0x00, 0x00,
  0x00, 0x00, 0x00, 0x00, 0x00, 0x00, 0x00, 0x00, 0x00, 0x00, 0x00, 0x00,
  0x00, 0x00, 0x00, 0x00, 0x00, 0x00, 0x00, 0x00, 0x00, 0x00, 0x00, 0x00,
  0x00, 0x00, 0x00, 0x00, 0x00, 0x00, 0x00, 0x00, 0x00, 0x00, 0x00, 0x00,
  0x00, 0x00, 0x00, 0x00, 0x00, 0x00, 0x00, 0x00, 0x00, 0x00, 0x00, 0x00,
  0x00, 0x00, 0x00, 0x00, 0x00, 0x00, 0x00, 0x00, 0x00, 0x00, 0x00, 0x00,
  0x00, 0x00, 0x00, 0x00, 0x00, 0x00, 0x00, 0x00, 0x00, 0x00, 0x00, 0x00,
  0x00, 0x00, 0x00, 0x00, 0x00, 0x00, 0x00, 0x00, 0x00, 0x00, 0x00, 0x00,
  0x00, 0x00, 0x00, 0x00, 0x00, 0x00, 0x00, 0x00, 0x00, 0x00, 0x00, 0x10,
  0x00, 0x00, 0x00, 0xc3, 0x00, 0x00, 0x00, 0xff, 0x00, 0x00, 0x00, 0xff,
  0x00, 0x00, 0x00, 0xff, 0x00, 0x00, 0x00, 0xff, 0x00, 0x00, 0x00, 0xff,
  0x00, 0x00, 0x00, 0xff, 0x52, 0x17, 0x0d, 0xff, 0xa4, 0x2e, 0x1b, 0xff,
  0xf7, 0x45, 0x29, 0xff, 0xf7, 0x49, 0x29, 0xff, 0xf7, 0x49, 0x29, 0xff,
  0xf7, 0x49, 0x29, 0xff, 0xf7, 0x49, 0x29, 0xff, 0xff, 0x49, 0x29, 0xff,
  0xff, 0x49, 0x29, 0xff, 0xff, 0x49, 0x29, 0xff, 0xff, 0x49, 0x29, 0xff,
  0xff, 0x49, 0x29, 0xff, 0xff, 0x49, 0x29, 0xff, 0xff, 0x49, 0x29, 0xff,
  0xff, 0x49, 0x29, 0xff, 0xef, 0x45, 0x29, 0xff, 0xef, 0x45, 0x29, 0xff,
  0xef, 0x45, 0x29, 0xff, 0xef, 0x45, 0x29, 0xff, 0xef, 0x45, 0x29, 0xff,
  0xef, 0x45, 0x29, 0xff, 0x9f, 0x2e, 0x1b, 0xff, 0x4f, 0x17, 0x0d, 0xff,
  0x00, 0x00, 0x00, 0xff, 0x00, 0x00, 0x00, 0xff, 0x00, 0x00, 0x00, 0xff,
  0x00, 0x00, 0x00, 0xff, 0x00, 0x00, 0x00, 0xff, 0x0f, 0x0f, 0x0f, 0xff,
  0xfe, 0xcb, 0x01, 0xff, 0xfe, 0xcd, 0x01, 0xff, 0xfe, 0xcd, 0x01, 0xff,
  0xfe, 0xcd, 0x01, 0xff, 0xfe, 0xcd, 0x01, 0xff, 0xfe, 0xcd, 0x01, 0xfe,
  0xfe, 0xcd, 0x01, 0xfe, 0xfe, 0xcd, 0x01, 0xfe, 0xfe, 0xcd, 0x01, 0xfe,
  0xfe, 0xcd, 0x01, 0xfe, 0xfe, 0xcd, 0x01, 0xfe, 0xfe, 0xcd, 0x01, 0xfe,
  0xfe, 0xcd, 0x01, 0xfe, 0xfe, 0xcd, 0x01, 0xfe, 0xfe, 0xcd, 0x01, 0xfe,
  0xfe, 0xcd, 0x01, 0xfe, 0xfe, 0xcd, 0x01, 0xfe, 0xfe, 0xcd, 0x01, 0xfe,
  0xfe, 0xcd, 0x01, 0xfe, 0xfe, 0xcd, 0x01, 0xfe, 0xfe, 0xcd, 0x01, 0xfe,
  0xfe, 0xcd, 0x01, 0xfe, 0xfe, 0xcd, 0x01, 0xfe, 0xfe, 0xcd, 0x01, 0xfe,
  0xfe, 0xcd, 0x01, 0xfe, 0xfe, 0xcd, 0x01, 0xfe, 0xfe, 0xcd, 0x01, 0xfe,
  0xfe, 0xcd, 0x01, 0xfe, 0xfe, 0xcd, 0x01, 0xfe, 0xfe, 0xcd, 0x01, 0xfe,
  0xfe, 0xcd, 0x01, 0xfe, 0xfe, 0xcd, 0x01, 0xfe, 0xfe, 0xcd, 0x01, 0xfe,
  0xfe, 0xcd, 0x01, 0xfe, 0xfe, 0xcd, 0x01, 0xfe, 0xfe, 0xcd, 0x01, 0xfe,
  0xfe, 0xcd, 0x01, 0xfe, 0xfe, 0xcd, 0x01, 0xfe, 0xfe, 0xcd, 0x01, 0xfe,
  0xfe, 0xcd, 0x01, 0xfe, 0xfe, 0xcd, 0x01, 0xfe, 0xfe, 0xcd, 0x01, 0xfe,
  0xfe, 0xcd, 0x01, 0xfe, 0xfe, 0xcd, 0x01, 0xfe, 0xfe, 0xcd, 0x01, 0xfe,
  0xfe, 0xcd, 0x01, 0xfe, 0xfe, 0xcd, 0x01, 0xfe, 0xfe, 0xcd, 0x01, 0xfe,
  0xfe, 0xcd, 0x01, 0xfe, 0xfe, 0xcd, 0x01, 0xfe, 0xfe, 0xcd, 0x01, 0xfe,
  0xfe, 0xcd, 0x01, 0xfe, 0xfe, 0xcd, 0x01, 0xfe, 0xfe, 0xcd, 0x01, 0xfe,
  0xfe, 0xcd, 0x01, 0xfe, 0xfe, 0xcd, 0x01, 0xfe, 0xfe, 0xcd, 0x01, 0xfe,
  0xfe, 0xcd, 0x01, 0xfe, 0xfe, 0xcd, 0x01, 0xfe, 0xfe, 0xcd, 0x01, 0xfe,
  0xfe, 0xcd, 0x01, 0xfe, 0xfe, 0xcd, 0x01, 0xfe, 0xfe, 0xcd, 0x01, 0xfe,
  0xfe, 0xcd, 0x01, 0xfe, 0xfe, 0xcd, 0x01, 0xfe, 0xfe, 0xcd, 0x01, 0xfe,
  0xfe, 0xcd, 0x01, 0xfe, 0xfe, 0xcd, 0x01, 0xfe, 0xfe, 0xcd, 0x01, 0xfe,
  0xfe, 0xcd, 0x01, 0xfe, 0xfe, 0xcd, 0x01, 0xfe, 0xfe, 0xcd, 0x01, 0xfe,
  0xfe, 0xcd, 0x01, 0xfe, 0xfe, 0xcd, 0x01, 0xfe, 0xfe, 0xcd, 0x01, 0xfe,
  0xfe, 0xcd, 0x01, 0xfe, 0xfe, 0xcd, 0x01, 0xfe, 0xfe, 0xcd, 0x01, 0xfe,
  0xfe, 0xcd, 0x01, 0xfe, 0xfe, 0xcd, 0x01, 0xfe, 0xfe, 0xcd, 0x01, 0xfe,
  0xfe, 0xcd, 0x01, 0xfe, 0xfe, 0xcd, 0x01, 0xfe, 0xfe, 0xcd, 0x01, 0xfe,
  0xfe, 0xcd, 0x01, 0xfe, 0xfe, 0xcd, 0x01, 0xfe, 0xfe, 0xcd, 0x01, 0xfe,
  0xfe, 0xcd, 0x01, 0xfe, 0xfe, 0xcd, 0x01, 0xfe, 0xfe, 0xcd, 0x01, 0xfe,
  0xfe, 0xcd, 0x01, 0xfe, 0xfe, 0xcd, 0x01, 0xfe, 0xfe, 0xcd, 0x01, 0xfe,
  0xfe, 0xcd, 0x01, 0xfe, 0xfe, 0xcd, 0x01, 0xfe, 0xfe, 0xcd, 0x01, 0xfe,
  0xfe, 0xcd, 0x01, 0xfe, 0xfe, 0xcd, 0x01, 0xfe, 0xfe, 0xcd, 0x01, 0xfe,
  0xfe, 0xcd, 0x01, 0xfe, 0xfe, 0xcd, 0x01, 0xfe, 0xfe, 0xcd, 0x01, 0xfe,
  0xfe, 0xcd, 0x01, 0xfe, 0xfe, 0xcd, 0x01, 0xfe, 0xfe, 0xcd, 0x01, 0xfe,
  0xfe, 0xcd, 0x01, 0xfe, 0xfe, 0xcd, 0x01, 0xfe, 0xfe, 0xcd, 0x01, 0xfe,
  0xfe, 0xcd, 0x01, 0xfe, 0xfe, 0xcd, 0x01, 0xfe, 0xfe, 0xcd, 0x01, 0xfe,
  0xfe, 0xcd, 0x01, 0xfe, 0xfe, 0xcd, 0x01, 0xfe, 0xfe, 0xcd, 0x01, 0xfe,
  0xfe, 0xcd, 0x01, 0xfe, 0xfe, 0xcd, 0x01, 0xfe, 0xfe, 0xcd, 0x01, 0xfe,
  0xfe, 0xcd, 0x01, 0xfe, 0xfe, 0xcd, 0x01, 0xfe, 0xfe, 0xcd, 0x01, 0xfe,
  0xfe, 0xcd, 0x01, 0xfe, 0xfe, 0xcd, 0x01, 0xfe, 0xfe, 0xcd, 0x01, 0xfe,
  0xfe, 0xcd, 0x01, 0xfe, 0xfe, 0xcd, 0x01, 0xfe, 0xfe, 0xcd, 0x01, 0xfe,
  0xfe, 0xcd, 0x01, 0xfe, 0xfe, 0xcd, 0x01, 0xfe, 0xfe, 0xcd, 0x01, 0xfe,
  0xfe, 0xcd, 0x01, 0xfe, 0xfe, 0xcd, 0x01, 0xfe, 0xfe, 0xcd, 0x01, 0xfe,
  0xfe, 0xcd, 0x01, 0xfe, 0xfe, 0xcd, 0x01, 0xfe, 0xfe, 0xcd, 0x01, 0xfe,
  0xfe, 0xcd, 0x01, 0xfe, 0xfe, 0xcd, 0x01, 0xfe, 0xfe, 0xcd, 0x01, 0xfe,
  0xfe, 0xcd, 0x01, 0xfe, 0xfe, 0xcd, 0x01, 0xfe, 0xfe, 0xcd, 0x01, 0xfe,
  0xfe, 0xcd, 0x01, 0xfe, 0xfe, 0xcd, 0x01, 0xfe, 0xfe, 0xcd, 0x01, 0xfe,
  0xfe, 0xcd, 0x01, 0xfe, 0xfe, 0xcd, 0x01, 0xfe, 0xfe, 0xcd, 0x01, 0xfe,
  0xfe, 0xcd, 0x01, 0xfe, 0xfe, 0xcd, 0x01, 0xfe, 0xfe, 0xcd, 0x01, 0xfe,
  0xfe, 0xcd, 0x01, 0xfe, 0xfe, 0xcd, 0x01, 0xfe, 0xfe, 0xcd, 0x01, 0xfe,
  0xfe, 0xcd, 0x01, 0xfe, 0xfe, 0xcd, 0x01, 0xfe, 0xfe, 0xcd, 0x01, 0xfe,
  0xfe, 0xcd, 0x01, 0xfe, 0xfe, 0xcd, 0x01, 0xfe, 0xfe, 0xcd, 0x01, 0xfe,
  0xfe, 0xcd, 0x01, 0xfe, 0xfe, 0xcd, 0x01, 0xfe, 0xfe, 0xcd, 0x01, 0xfe,
  0xfe, 0xcd, 0x01, 0xfe, 0xfe, 0xcd, 0x01, 0xfe, 0xfe, 0xcd, 0x01, 0xfe,
  0xfe, 0xcd, 0x01, 0xfe, 0xfe, 0xcd, 0x01, 0xfe, 0xfe, 0xcd, 0x01, 0xfe,
  0xfe, 0xcd, 0x01, 0xfe, 0xfe, 0xcd, 0x01, 0xfe, 0xfe, 0xcd, 0x01, 0xfe,
  0xfe, 0xcd, 0x01, 0xfe, 0xfe, 0xcd, 0x01, 0xfe, 0xfe, 0xcd, 0x01, 0xfe,
  0xfe, 0xcd, 0x01, 0xfe, 0xfe, 0xcd, 0x01, 0xfe, 0xfe, 0xcd, 0x01, 0xfe,
  0xfe, 0xcd, 0x01, 0xfe, 0xfe, 0xcd, 0x01, 0xfe, 0xfe, 0xcd, 0x01, 0xfe,
  0xfe, 0xcd, 0x01, 0xfe, 0xfe, 0xcd, 0x01, 0xfe, 0xfe, 0xcd, 0x01, 0xfe,
  0xfe, 0xcd, 0x01, 0xff, 0xfe, 0xcd, 0x01, 0xff, 0xfe, 0xcd, 0x01, 0xff,
  0xfe, 0xcd, 0x01, 0xff, 0xfe, 0xcd, 0x01, 0xff, 0xfe, 0xcd, 0x01, 0xff,
  0xfe, 0xcd, 0x01, 0xff, 0xfe, 0xcd, 0x01, 0xff, 0xfe, 0xcd, 0x01, 0xff,
  0xfe, 0xcd, 0x01, 0xff, 0xfe, 0xcd, 0x01, 0xff, 0xfe, 0xcd, 0x01, 0xff,
  0xfe, 0xcd, 0x01, 0xff, 0xfc, 0xcb, 0x06, 0xff, 0xd5, 0xae, 0x15, 0xff,
  0x13, 0x10, 0x0b, 0xff, 0x00, 0x00, 0x00, 0xff, 0x00, 0x00, 0x00, 0xff,
  0x00, 0x00, 0x00, 0xff, 0x00, 0x00, 0x00, 0xff, 0x00, 0x00, 0x00, 0xff,
  0x00, 0x00, 0x00, 0xff, 0x00, 0x00, 0x00, 0xf0, 0x00, 0x00, 0x00, 0x50,
  0x00, 0x00, 0x00, 0x00, 0x00, 0x00, 0x00, 0x00, 0x00, 0x00, 0x00, 0x00,
  0x00, 0x00, 0x00, 0x00, 0x00, 0x00, 0x00, 0x00, 0x00, 0x00, 0x00, 0x00,
  0x00, 0x00, 0x00, 0x00, 0x00, 0x00, 0x00, 0x00, 0x00, 0x00, 0x00, 0x00,
  0x00, 0x00, 0x00, 0x00, 0x00, 0x00, 0x00, 0x00, 0x00, 0x00, 0x00, 0x00,
  0x00, 0x00, 0x00, 0x00, 0x00, 0x00, 0x00, 0x00, 0x00, 0x00, 0x00, 0x00,
  0x00, 0x00, 0x00, 0x00, 0x00, 0x00, 0x00, 0x00, 0x00, 0x00, 0x00, 0x00,
  0x00, 0x00, 0x00, 0x00, 0x00, 0x00, 0x00, 0x00, 0x00, 0x00, 0x00, 0x00,
  0x00, 0x00, 0x00, 0x00, 0x00, 0x00, 0x00, 0x00, 0x00, 0x00, 0x00, 0x00,
  0x00, 0x00, 0x00, 0x00, 0x00, 0x00, 0x00, 0x00, 0x00, 0x00, 0x00, 0x00,
  0x00, 0x00, 0x00, 0x00, 0x00, 0x00, 0x00, 0x00, 0x00, 0x00, 0x00, 0x00,
  0x00, 0x00, 0x00, 0x5b, 0x00, 0x00, 0x00, 0xfa, 0x00, 0x00, 0x00, 0xff,
  0x00, 0x00, 0x00, 0xff, 0x00, 0x00, 0x00, 0xff, 0x00, 0x00, 0x00, 0xff,
  0x00, 0x00, 0x00, 0xff, 0x00, 0x00, 0x00, 0xff, 0x00, 0x00, 0x00, 0xff,
  0x5d, 0x1b, 0x0d, 0xff, 0xaa, 0x32, 0x1b, 0xff, 0xf7, 0x49, 0x29, 0xff,
  0xf7, 0x49, 0x29, 0xff, 0xff, 0x49, 0x29, 0xff, 0xff, 0x49, 0x29, 0xff,
  0xff, 0x49, 0x29, 0xff, 0xff, 0x49, 0x29, 0xff, 0xff, 0x49, 0x29, 0xff,
  0xff, 0x49, 0x29, 0xff, 0xff, 0x49, 0x29, 0xff, 0xff, 0x49, 0x29, 0xff,
  0xef, 0x45, 0x29, 0xff, 0xef, 0x45, 0x29, 0xff, 0xef, 0x45, 0x29, 0xff,
  0x9f, 0x2e, 0x1b, 0xff, 0x4f, 0x17, 0x0d, 0xff, 0x00, 0x00, 0x00, 0xff,
  0x00, 0x00, 0x00, 0xff, 0x00, 0x00, 0x00, 0xff, 0x00, 0x00, 0x00, 0xff,
  0x00, 0x00, 0x00, 0xff, 0x00, 0x00, 0x00, 0xff, 0x00, 0x00, 0x00, 0xff,
  0x9b, 0x8a, 0x45, 0xff, 0xfe, 0xcd, 0x01, 0xff, 0xfe, 0xcd, 0x01, 0xff,
  0xfe, 0xcd, 0x01, 0xff, 0xfe, 0xcd, 0x01, 0xff, 0xfe, 0xcd, 0x01, 0xfe,
  0xfe, 0xcd, 0x01, 0xfe, 0xfe, 0xcd, 0x01, 0xfe, 0xfe, 0xcd, 0x01, 0xfe,
  0xfe, 0xcd, 0x01, 0xfe, 0xfe, 0xcd, 0x01, 0xfe, 0xfe, 0xcd, 0x01, 0xfe,
  0xfe, 0xcd, 0x01, 0xfe, 0xfe, 0xcd, 0x01, 0xfe, 0xfe, 0xcd, 0x01, 0xfe,
  0xfe, 0xcd, 0x01, 0xfe, 0xfe, 0xcd, 0x01, 0xfe, 0xfe, 0xcd, 0x01, 0xfe,
  0xfe, 0xcd, 0x01, 0xfe, 0xfe, 0xcd, 0x01, 0xfe, 0xfe, 0xcd, 0x01, 0xfe,
  0xfe, 0xcd, 0x01, 0xfe, 0xfe, 0xcd, 0x01, 0xfe, 0xfe, 0xcd, 0x01, 0xfe,
  0xfe, 0xcd, 0x01, 0xfe, 0xfe, 0xcd, 0x01, 0xfe, 0xfe, 0xcd, 0x01, 0xfe,
  0xfe, 0xcd, 0x01, 0xfe, 0xfe, 0xcd, 0x01, 0xfe, 0xfe, 0xcd, 0x01, 0xfe,
  0xfe, 0xcd, 0x01, 0xfe, 0xfe, 0xcd, 0x01, 0xfe, 0xfe, 0xcd, 0x01, 0xfe,
  0xfe, 0xcd, 0x01, 0xfe, 0xfe, 0xcd, 0x01, 0xfe, 0xfe, 0xcd, 0x01, 0xfe,
  0xfe, 0xcd, 0x01, 0xfe, 0xfe, 0xcd, 0x01, 0xfe, 0xfe, 0xcd, 0x01, 0xfe,
  0xfe, 0xcd, 0x01, 0xfe, 0xfe, 0xcd, 0x01, 0xfe, 0xfe, 0xcd, 0x01, 0xfe,
  0xfe, 0xcd, 0x01, 0xfe, 0xfe, 0xcd, 0x01, 0xfe, 0xfe, 0xcd, 0x01, 0xfe,
  0xfe, 0xcd, 0x01, 0xfe, 0xfe, 0xcd, 0x01, 0xfe, 0xfe, 0xcd, 0x01, 0xfe,
  0xfe, 0xcd, 0x01, 0xfe, 0xfe, 0xcd, 0x01, 0xfe, 0xfe, 0xcd, 0x01, 0xfe,
  0xfe, 0xcd, 0x01, 0xfe, 0xfe, 0xcd, 0x01, 0xfe, 0xfe, 0xcd, 0x01, 0xfe,
  0xfe, 0xcd, 0x01, 0xfe, 0xfe, 0xcd, 0x01, 0xfe, 0xfe, 0xcd, 0x01, 0xfe,
  0xfe, 0xcd, 0x01, 0xfe, 0xfe, 0xcd, 0x01, 0xfe, 0xfe, 0xcd, 0x01, 0xfe,
  0xfe, 0xcd, 0x01, 0xfe, 0xfe, 0xcd, 0x01, 0xfe, 0xfe, 0xcd, 0x01, 0xfe,
  0xfe, 0xcd, 0x01, 0xfe, 0xfe, 0xcd, 0x01, 0xfe, 0xfe, 0xcd, 0x01, 0xfe,
  0xfe, 0xcd, 0x01, 0xfe, 0xfe, 0xcd, 0x01, 0xfe, 0xfe, 0xcd, 0x01, 0xfe,
  0xfe, 0xcd, 0x01, 0xfe, 0xfe, 0xcd, 0x01, 0xfe, 0xfe, 0xcd, 0x01, 0xfe,
  0xfe, 0xcd, 0x01, 0xfe, 0xfe, 0xcd, 0x01, 0xfe, 0xfe, 0xcd, 0x01, 0xfe,
  0xfe, 0xcd, 0x01, 0xfe, 0xfe, 0xcd, 0x01, 0xfe, 0xfe, 0xcd, 0x01, 0xfe,
  0xfe, 0xcd, 0x01, 0xfe, 0xfe, 0xcd, 0x01, 0xfe, 0xfe, 0xcd, 0x01, 0xfe,
  0xfe, 0xcd, 0x01, 0xfe, 0xfe, 0xcd, 0x01, 0xfe, 0xfe, 0xcd, 0x01, 0xfe,
  0xfe, 0xcd, 0x01, 0xfe, 0xfe, 0xcd, 0x01, 0xfe, 0xfe, 0xcd, 0x01, 0xfe,
  0xfe, 0xcd, 0x01, 0xfe, 0xfe, 0xcd, 0x01, 0xfe, 0xfe, 0xcd, 0x01, 0xfe,
  0xfe, 0xcd, 0x01, 0xfe, 0xfe, 0xcd, 0x01, 0xfe, 0xfe, 0xcd, 0x01, 0xfe,
  0xfe, 0xcd, 0x01, 0xfe, 0xfe, 0xcd, 0x01, 0xfe, 0xfe, 0xcd, 0x01, 0xfe,
  0xfe, 0xcd, 0x01, 0xfe, 0xfe, 0xcd, 0x01, 0xfe, 0xfe, 0xcd, 0x01, 0xfe,
  0xfe, 0xcd, 0x01, 0xfe, 0xfe, 0xcd, 0x01, 0xfe, 0xfe, 0xcd, 0x01, 0xfe,
  0xfe, 0xcd, 0x01, 0xfe, 0xfe, 0xcd, 0x01, 0xfe, 0xfe, 0xcd, 0x01, 0xfe,
  0xfe, 0xcd, 0x01, 0xfe, 0xfe, 0xcd, 0x01, 0xfe, 0xfe, 0xcd, 0x01, 0xfe,
  0xfe, 0xcd, 0x01, 0xfe, 0xfe, 0xcd, 0x01, 0xfe, 0xfe, 0xcd, 0x01, 0xfe,
  0xfe, 0xcd, 0x01, 0xfe, 0xfe, 0xcd, 0x01, 0xfe, 0xfe, 0xcd, 0x01, 0xfe,
  0xfe, 0xcd, 0x01, 0xfe, 0xfe, 0xcd, 0x01, 0xfe, 0xfe, 0xcd, 0x01, 0xfe,
  0xfe, 0xcd, 0x01, 0xfe, 0xfe, 0xcd, 0x01, 0xfe, 0xfe, 0xcd, 0x01, 0xfe,
  0xfe, 0xcd, 0x01, 0xfe, 0xfe, 0xcd, 0x01, 0xfe, 0xfe, 0xcd, 0x01, 0xfe,
  0xfe, 0xcd, 0x01, 0xfe, 0xfe, 0xcd, 0x01, 0xfe, 0xfe, 0xcd, 0x01, 0xfe,
  0xfe, 0xcd, 0x01, 0xfe, 0xfe, 0xcd, 0x01, 0xfe, 0xfe, 0xcd, 0x01, 0xfe,
  0xfe, 0xcd, 0x01, 0xfe, 0xfe, 0xcd, 0x01, 0xfe, 0xfe, 0xcd, 0x01, 0xfe,
  0xfe, 0xcd, 0x01, 0xfe, 0xfe, 0xcd, 0x01, 0xfe, 0xfe, 0xcd, 0x01, 0xfe,
  0xfe, 0xcd, 0x01, 0xfe, 0xfe, 0xcd, 0x01, 0xfe, 0xfe, 0xcd, 0x01, 0xfe,
  0xfe, 0xcd, 0x01, 0xfe, 0xfe, 0xcd, 0x01, 0xfe, 0xfe, 0xcd, 0x01, 0xfe,
  0xfe, 0xcd, 0x01, 0xfe, 0xfe, 0xcd, 0x01, 0xfe, 0xfe, 0xcd, 0x01, 0xfe,
  0xfe, 0xcd, 0x01, 0xfe, 0xfe, 0xcd, 0x01, 0xfe, 0xfe, 0xcd, 0x01, 0xfe,
  0xfe, 0xcd, 0x01, 0xfe, 0xfe, 0xcd, 0x01, 0xfe, 0xfe, 0xcd, 0x01, 0xfe,
  0xfe, 0xcd, 0x01, 0xfe, 0xfe, 0xcd, 0x01, 0xfe, 0xfe, 0xcd, 0x01, 0xfe,
  0xfe, 0xcd, 0x01, 0xfe, 0xfe, 0xcd, 0x01, 0xfe, 0xfe, 0xcd, 0x01, 0xfe,
  0xfe, 0xcd, 0x01, 0xfe, 0xfe, 0xcd, 0x01, 0xfe, 0xfe, 0xcd, 0x01, 0xfe,
  0xfe, 0xcd, 0x01, 0xfe, 0xfe, 0xcd, 0x01, 0xfe, 0xfe, 0xcd, 0x01, 0xfe,
  0xfe, 0xcd, 0x01, 0xfe, 0xfe, 0xcd, 0x01, 0xfe, 0xfe, 0xcd, 0x01, 0xfe,
  0xfe, 0xcd, 0x01, 0xfe, 0xfe, 0xcd, 0x01, 0xfe, 0xfe, 0xcd, 0x01, 0xfe,
  0xfe, 0xcd, 0x01, 0xfe, 0xfe, 0xcd, 0x01, 0xfe, 0xfe, 0xcd, 0x01, 0xfe,
  0xfe, 0xcd, 0x01, 0xfe, 0xfe, 0xcd, 0x01, 0xfe, 0xfe, 0xcd, 0x01, 0xfe,
  0xfe, 0xcd, 0x01, 0xfe, 0xfe, 0xcd, 0x01, 0xfe, 0xfe, 0xcd, 0x01, 0xfe,
  0xfe, 0xcd, 0x01, 0xfe, 0xfe, 0xcd, 0x01, 0xfe, 0xfe, 0xcd, 0x01, 0xfe,
  0xfe, 0xcd, 0x01, 0xfe, 0xfe, 0xcd, 0x01, 0xfe, 0xfe, 0xcd, 0x01, 0xfe,
  0xfe, 0xcd, 0x01, 0xfe, 0xfe, 0xcd, 0x01, 0xfe, 0xfe, 0xcd, 0x01, 0xfe,
  0xfe, 0xcd, 0x01, 0xff, 0xfe, 0xcd, 0x01, 0xff, 0xfe, 0xcd, 0x01, 0xff,
  0xfe, 0xcd, 0x01, 0xff, 0xfe, 0xcd, 0x01, 0xff, 0xfe, 0xcd, 0x01, 0xff,
  0xfe, 0xcd, 0x01, 0xff, 0xfe, 0xcb, 0x01, 0xff, 0xfe, 0xcb, 0x01, 0xff,
  0xd6, 0xaf, 0x15, 0xff, 0xd2, 0xad, 0x16, 0xff, 0x04, 0x03, 0x00, 0xff,
  0x00, 0x00, 0x00, 0xff, 0x00, 0x00, 0x00, 0xff, 0x00, 0x00, 0x00, 0xff,
  0x00, 0x00, 0x00, 0xff, 0x00, 0x00, 0x00, 0xff, 0x00, 0x00, 0x00, 0xff,
  0x00, 0x00, 0x00, 0xff, 0x00, 0x00, 0x00, 0xff, 0x00, 0x00, 0x00, 0x96,
  0x00, 0x00, 0x00, 0x10, 0x00, 0x00, 0x00, 0x00, 0x00, 0x00, 0x00, 0x00,
  0x00, 0x00, 0x00, 0x00, 0x00, 0x00, 0x00, 0x00, 0x00, 0x00, 0x00, 0x00,
  0x00, 0x00, 0x00, 0x00, 0x00, 0x00, 0x00, 0x00, 0x00, 0x00, 0x00, 0x00,
  0x00, 0x00, 0x00, 0x00, 0x00, 0x00, 0x00, 0x00, 0x00, 0x00, 0x00, 0x00,
  0x00, 0x00, 0x00, 0x00, 0x00, 0x00, 0x00, 0x00, 0x00, 0x00, 0x00, 0x00,
  0x00, 0x00, 0x00, 0x00, 0x00, 0x00, 0x00, 0x00, 0x00, 0x00, 0x00, 0x00,
  0x00, 0x00, 0x00, 0x00, 0x00, 0x00, 0x00, 0x00, 0x00, 0x00, 0x00, 0x00,
  0x00, 0x00, 0x00, 0x00, 0x00, 0x00, 0x00, 0x00, 0x00, 0x00, 0x00, 0x00,
  0x00, 0x00, 0x00, 0x00, 0x00, 0x00, 0x00, 0x00, 0x00, 0x00, 0x00, 0x00,
  0x00, 0x00, 0x00, 0x00, 0x00, 0x00, 0x00, 0x00, 0x00, 0x00, 0x00, 0x00,
  0x00, 0x00, 0x00, 0x00, 0x00, 0x00, 0x00, 0x00, 0x00, 0x00, 0x00, 0x00,
  0x00, 0x00, 0x00, 0x10, 0x00, 0x00, 0x00, 0xb0, 0x00, 0x00, 0x00, 0xfb,
  0x00, 0x00, 0x00, 0xff, 0x00, 0x00, 0x00, 0xff, 0x00, 0x00, 0x00, 0xff,
  0x00, 0x00, 0x00, 0xff, 0x00, 0x00, 0x00, 0xff, 0x10, 0x04, 0x00, 0xff,
  0x10, 0x04, 0x00, 0xff, 0x10, 0x04, 0x00, 0xff, 0x10, 0x04, 0x00, 0xff,
  0x5f, 0x1b, 0x0d, 0xff, 0x5f, 0x1b, 0x0d, 0xff, 0x5f, 0x1b, 0x0d, 0xff,
  0xaf, 0x32, 0x1b, 0xff, 0xaf, 0x32, 0x1b, 0xff, 0xaf, 0x32, 0x1b, 0xff,
  0x5f, 0x1b, 0x0d, 0xff, 0x5f, 0x1b, 0x0d, 0xff, 0x4f, 0x17, 0x0d, 0xff,
  0x4f, 0x17, 0x0d, 0xff, 0x00, 0x00, 0x00, 0xff, 0x00, 0x00, 0x00, 0xff,
  0x00, 0x00, 0x00, 0xff, 0x00, 0x00, 0x00, 0xff, 0x00, 0x00, 0x00, 0xff,
  0x00, 0x00, 0x00, 0xff, 0x00, 0x00, 0x00, 0xff, 0x00, 0x00, 0x00, 0xff,
  0x00, 0x00, 0x00, 0xff, 0x00, 0x00, 0x00, 0xff, 0x00, 0x00, 0x00, 0xff,
  0x00, 0x00, 0x00, 0xff, 0x00, 0x00, 0x00, 0xff, 0x00, 0x00, 0x00, 0xff,
  0x00, 0x00, 0x00, 0xff, 0x00, 0x00, 0x00, 0xff, 0x00, 0x00, 0x00, 0xff,
  0x00, 0x00, 0x00, 0xff, 0x00, 0x00, 0x00, 0xff, 0x00, 0x00, 0x00, 0xff,
  0x00, 0x00, 0x00, 0xff, 0x00, 0x00, 0x00, 0xff, 0x00, 0x00, 0x00, 0xff,
  0x00, 0x00, 0x00, 0xff, 0x00, 0x00, 0x00, 0xff, 0x00, 0x00, 0x00, 0xff,
  0x00, 0x00, 0x00, 0xff, 0x00, 0x00, 0x00, 0xff, 0x00, 0x00, 0x00, 0xff,
  0x00, 0x00, 0x00, 0xff, 0x00, 0x00, 0x00, 0xff, 0x00, 0x00, 0x00, 0xff,
  0x00, 0x00, 0x00, 0xff, 0x00, 0x00, 0x00, 0xff, 0x00, 0x00, 0x00, 0xff,
  0x00, 0x00, 0x00, 0xff, 0x00, 0x00, 0x00, 0xff, 0x00, 0x00, 0x00, 0xff,
  0x00, 0x00, 0x00, 0xff, 0x00, 0x00, 0x00, 0xff, 0x00, 0x00, 0x00, 0xff,
  0x00, 0x00, 0x00, 0xff, 0x00, 0x00, 0x00, 0xff, 0x00, 0x00, 0x00, 0xff,
  0x00, 0x00, 0x00, 0xff, 0x00, 0x00, 0x00, 0xff, 0x00, 0x00, 0x00, 0xff,
  0x00, 0x00, 0x00, 0xff, 0x00, 0x00, 0x00, 0xff, 0x00, 0x00, 0x00, 0xff,
  0x00, 0x00, 0x00, 0xff, 0x00, 0x00, 0x00, 0xff, 0x00, 0x00, 0x00, 0xff,
  0x00, 0x00, 0x00, 0xff, 0x00, 0x00, 0x00, 0xff, 0x00, 0x00, 0x00, 0xff,
  0x00, 0x00, 0x00, 0xff, 0x00, 0x00, 0x00, 0xff, 0x00, 0x00, 0x00, 0xff,
  0x00, 0x00, 0x00, 0xff, 0x00, 0x00, 0x00, 0xff, 0x00, 0x00, 0x00, 0xff,
  0x00, 0x00, 0x00, 0xff, 0x00, 0x00, 0x00, 0xff, 0x00, 0x00, 0x00, 0xff,
  0x00, 0x00, 0x00, 0xff, 0x00, 0x00, 0x00, 0xff, 0x00, 0x00, 0x00, 0xff,
  0x00, 0x00, 0x00, 0xff, 0x00, 0x00, 0x00, 0xff, 0x00, 0x00, 0x00, 0xff,
  0x00, 0x00, 0x00, 0xff, 0x00, 0x00, 0x00, 0xff, 0x00, 0x00, 0x00, 0xff,
  0x00, 0x00, 0x00, 0xff, 0x00, 0x00, 0x00, 0xff, 0x00, 0x00, 0x00, 0xff,
  0x00, 0x00, 0x00, 0xff, 0x00, 0x00, 0x00, 0xff, 0x00, 0x00, 0x00, 0xff,
  0x00, 0x00, 0x00, 0xff, 0x00, 0x00, 0x00, 0xff, 0x00, 0x00, 0x00, 0xff,
  0x00, 0x00, 0x00, 0xff, 0x00, 0x00, 0x00, 0xff, 0x00, 0x00, 0x00, 0xff,
  0x00, 0x00, 0x00, 0xff, 0x00, 0x00, 0x00, 0xff, 0x00, 0x00, 0x00, 0xff,
  0x00, 0x00, 0x00, 0xff, 0x00, 0x00, 0x00, 0xff, 0x00, 0x00, 0x00, 0xff,
  0x00, 0x00, 0x00, 0xff, 0x00, 0x00, 0x00, 0xff, 0x00, 0x00, 0x00, 0xff,
  0x00, 0x00, 0x00, 0xff, 0x00, 0x00, 0x00, 0xff, 0x00, 0x00, 0x00, 0xff,
  0x00, 0x00, 0x00, 0xff, 0x00, 0x00, 0x00, 0xff, 0x00, 0x00, 0x00, 0xff,
  0x00, 0x00, 0x00, 0xff, 0x00, 0x00, 0x00, 0xff, 0x00, 0x00, 0x00, 0xff,
  0x00, 0x00, 0x00, 0xff, 0x00, 0x00, 0x00, 0xff, 0x00, 0x00, 0x00, 0xff,
  0x00, 0x00, 0x00, 0xff, 0x00, 0x00, 0x00, 0xff, 0x00, 0x00, 0x00, 0xff,
  0x00, 0x00, 0x00, 0xff, 0x00, 0x00, 0x00, 0xff, 0x00, 0x00, 0x00, 0xff,
  0x00, 0x00, 0x00, 0xff, 0x00, 0x00, 0x00, 0xff, 0x00, 0x00, 0x00, 0xff,
  0x00, 0x00, 0x00, 0xff, 0x00, 0x00, 0x00, 0xff, 0x00, 0x00, 0x00, 0xff,
  0x00, 0x00, 0x00, 0xff, 0x00, 0x00, 0x00, 0xff, 0x00, 0x00, 0x00, 0xff,
  0x00, 0x00, 0x00, 0xff, 0x00, 0x00, 0x00, 0xff, 0x00, 0x00, 0x00, 0xff,
  0x00, 0x00, 0x00, 0xff, 0x00, 0x00, 0x00, 0xff, 0x00, 0x00, 0x00, 0xff,
  0x00, 0x00, 0x00, 0xff, 0x00, 0x00, 0x00, 0xff, 0x00, 0x00, 0x00, 0xff,
  0x00, 0x00, 0x00, 0xff, 0x00, 0x00, 0x00, 0xff, 0x00, 0x00, 0x00, 0xff,
  0x00, 0x00, 0x00, 0xff, 0x00, 0x00, 0x00, 0xff, 0x00, 0x00, 0x00, 0xff,
  0x00, 0x00, 0x00, 0xff, 0x00, 0x00, 0x00, 0xff, 0x00, 0x00, 0x00, 0xff,
  0x00, 0x00, 0x00, 0xff, 0x00, 0x00, 0x00, 0xff, 0x00, 0x00, 0x00, 0xff,
  0x00, 0x00, 0x00, 0xff, 0x00, 0x00, 0x00, 0xff, 0x00, 0x00, 0x00, 0xff,
  0x00, 0x00, 0x00, 0xff, 0x00, 0x00, 0x00, 0xff, 0x00, 0x00, 0x00, 0xff,
  0x00, 0x00, 0x00, 0xff, 0x00, 0x00, 0x00, 0xff, 0x00, 0x00, 0x00, 0xff,
  0x00, 0x00, 0x00, 0xff, 0x00, 0x00, 0x00, 0xff, 0x00, 0x00, 0x00, 0xff,
  0x00, 0x00, 0x00, 0xff, 0x00, 0x00, 0x00, 0xff, 0x00, 0x00, 0x00, 0xff,
  0x00, 0x00, 0x00, 0xff, 0x00, 0x00, 0x00, 0xff, 0x00, 0x00, 0x00, 0xff,
  0x00, 0x00, 0x00, 0xff, 0x00, 0x00, 0x00, 0xff, 0x00, 0x00, 0x00, 0xff,
  0x00, 0x00, 0x00, 0xff, 0x00, 0x00, 0x00, 0xff, 0x00, 0x00, 0x00, 0xff,
  0x00, 0x00, 0x00, 0xff, 0x00, 0x00, 0x00, 0xff, 0x00, 0x00, 0x00, 0xff,
  0x00, 0x00, 0x00, 0xff, 0x00, 0x00, 0x00, 0xff, 0x00, 0x00, 0x00, 0xff,
  0x00, 0x00, 0x00, 0xff, 0x00, 0x00, 0x00, 0xff, 0x00, 0x00, 0x00, 0xff,
  0x00, 0x00, 0x00, 0xff, 0x00, 0x00, 0x00, 0xff, 0x00, 0x00, 0x00, 0xff,
  0x00, 0x00, 0x00, 0xff, 0x00, 0x00, 0x00, 0xff, 0x00, 0x00, 0x00, 0xff,
  0x00, 0x00, 0x00, 0xff, 0x00, 0x00, 0x00, 0xff, 0x00, 0x00, 0x00, 0xff,
  0x00, 0x00, 0x00, 0xff, 0x00, 0x00, 0x00, 0xff, 0x00, 0x00, 0x00, 0xff,
  0x00, 0x00, 0x00, 0xff, 0x00, 0x00, 0x00, 0xff, 0x00, 0x00, 0x00, 0xff,
  0x00, 0x00, 0x00, 0xff, 0x00, 0x00, 0x00, 0xff, 0x00, 0x00, 0x00, 0xff,
  0x00, 0x00, 0x00, 0xff, 0x00, 0x00, 0x00, 0xff, 0x00, 0x00, 0x00, 0xff,
  0x00, 0x00, 0x00, 0xff, 0x00, 0x00, 0x00, 0xff, 0x00, 0x00, 0x00, 0xff,
  0x00, 0x00, 0x00, 0xff, 0x00, 0x00, 0x00, 0xff, 0x08, 0x04, 0x08, 0xff,
  0x08, 0x04, 0x08, 0xff, 0x08, 0x04, 0x08, 0xff, 0x08, 0x04, 0x08, 0xff,
  0x00, 0x00, 0x00, 0xff, 0x00, 0x00, 0x00, 0xff, 0x00, 0x00, 0x00, 0xff,
  0x00, 0x00, 0x00, 0xff, 0x00, 0x00, 0x00, 0xff, 0x00, 0x00, 0x00, 0xff,
  0x00, 0x00, 0x00, 0xff, 0x00, 0x00, 0x00, 0xff, 0x00, 0x00, 0x00, 0xc3,
  0x00, 0x00, 0x00, 0x3c, 0x00, 0x00, 0x00, 0x00, 0x00, 0x00, 0x00, 0x00,
  0x00, 0x00, 0x00, 0x00, 0x00, 0x00, 0x00, 0x00, 0x00, 0x00, 0x00, 0x00,
  0x00, 0x00, 0x00, 0x00, 0x00, 0x00, 0x00, 0x00, 0x00, 0x00, 0x00, 0x00,
  0x00, 0x00, 0x00, 0x00, 0x00, 0x00, 0x00, 0x00, 0x00, 0x00, 0x00, 0x00,
  0x00, 0x00, 0x00, 0x00, 0x00, 0x00, 0x00, 0x00, 0x00, 0x00, 0x00, 0x00,
  0x00, 0x00, 0x00, 0x00, 0x00, 0x00, 0x00, 0x00, 0x00, 0x00, 0x00, 0x00,
  0x00, 0x00, 0x00, 0x00, 0x00, 0x00, 0x00, 0x00, 0x00, 0x00, 0x00, 0x00,
  0x00, 0x00, 0x00, 0x00, 0x00, 0x00, 0x00, 0x00, 0x00, 0x00, 0x00, 0x00,
  0x00, 0x00, 0x00, 0x00, 0x00, 0x00, 0x00, 0x00, 0x00, 0x00, 0x00, 0x00,
  0x00, 0x00, 0x00, 0x00, 0x00, 0x00, 0x00, 0x00, 0x00, 0x00, 0x00, 0x00,
  0x00, 0x00, 0x00, 0x00, 0x00, 0x00, 0x00, 0x00, 0x00, 0x00, 0x00, 0x00,
  0x00, 0x00, 0x00, 0x00, 0x00, 0x00, 0x00, 0x00, 0x00, 0x00, 0x00, 0x00,
  0x00, 0x00, 0x00, 0x00, 0x00, 0x00, 0x00, 0x10, 0x00, 0x00, 0x00, 0x8f,
  0x00, 0x00, 0x00, 0xf8, 0x00, 0x00, 0x00, 0xff, 0x00, 0x00, 0x00, 0xff,
  0x00, 0x00, 0x00, 0xff, 0x10, 0x04, 0x00, 0xff, 0x10, 0x04, 0x00, 0xff,
  0x10, 0x04, 0x00, 0xff, 0x10, 0x04, 0x00, 0xff, 0x10, 0x04, 0x00, 0xff,
  0x10, 0x04, 0x00, 0xff, 0x10, 0x04, 0x00, 0xff, 0x10, 0x04, 0x00, 0xff,
  0x10, 0x04, 0x00, 0xff, 0x10, 0x04, 0x00, 0xff, 0x10, 0x04, 0x00, 0xff,
  0x10, 0x04, 0x00, 0xff, 0x00, 0x00, 0x00, 0xff, 0x00, 0x00, 0x00, 0xff,
  0x00, 0x00, 0x00, 0xff, 0x00, 0x00, 0x00, 0xff, 0x00, 0x00, 0x00, 0xff,
  0x00, 0x00, 0x00, 0xff, 0x00, 0x00, 0x00, 0xff, 0x00, 0x00, 0x00, 0xff,
  0x00, 0x00, 0x00, 0xff, 0x00, 0x00, 0x00, 0xff, 0x00, 0x00, 0x00, 0xff,
  0x00, 0x00, 0x00, 0xff, 0x00, 0x00, 0x00, 0xff, 0x00, 0x00, 0x00, 0xff,
  0x00, 0x00, 0x00, 0xff, 0x00, 0x00, 0x00, 0xff, 0x00, 0x00, 0x00, 0xff,
  0x00, 0x00, 0x00, 0xff, 0x00, 0x00, 0x00, 0xff, 0x00, 0x00, 0x00, 0xff,
  0x00, 0x00, 0x00, 0xff, 0x00, 0x00, 0x00, 0xff, 0x00, 0x00, 0x00, 0xff,
  0x00, 0x00, 0x00, 0xff, 0x00, 0x00, 0x00, 0xff, 0x00, 0x00, 0x00, 0xff,
  0x00, 0x00, 0x00, 0xff, 0x00, 0x00, 0x00, 0xff, 0x00, 0x00, 0x00, 0xff,
  0x00, 0x00, 0x00, 0xff, 0x00, 0x00, 0x00, 0xff, 0x00, 0x00, 0x00, 0xff,
  0x00, 0x00, 0x00, 0xff, 0x00, 0x00, 0x00, 0xff, 0x00, 0x00, 0x00, 0xff,
  0x00, 0x00, 0x00, 0xff, 0x00, 0x00, 0x00, 0xff, 0x00, 0x00, 0x00, 0xff,
  0x00, 0x00, 0x00, 0xff, 0x00, 0x00, 0x00, 0xff, 0x00, 0x00, 0x00, 0xff,
  0x00, 0x00, 0x00, 0xff, 0x00, 0x00, 0x00, 0xff, 0x00, 0x00, 0x00, 0xff,
  0x00, 0x00, 0x00, 0xff, 0x00, 0x00, 0x00, 0xff, 0x00, 0x00, 0x00, 0xff,
  0x00, 0x00, 0x00, 0xff, 0x00, 0x00, 0x00, 0xff, 0x00, 0x00, 0x00, 0xff,
  0x00, 0x00, 0x00, 0xff, 0x00, 0x00, 0x00, 0xff, 0x00, 0x00, 0x00, 0xff,
  0x00, 0x00, 0x00, 0xff, 0x00, 0x00, 0x00, 0xff, 0x00, 0x00, 0x00, 0xff,
  0x00, 0x00, 0x00, 0xff, 0x00, 0x00, 0x00, 0xff, 0x00, 0x00, 0x00, 0xff,
  0x00, 0x00, 0x00, 0xff, 0x00, 0x00, 0x00, 0xff, 0x00, 0x00, 0x00, 0xff,
  0x00, 0x00, 0x00, 0xff, 0x00, 0x00, 0x00, 0xff, 0x00, 0x00, 0x00, 0xff,
  0x00, 0x00, 0x00, 0xff, 0x00, 0x00, 0x00, 0xff, 0x00, 0x00, 0x00, 0xff,
  0x00, 0x00, 0x00, 0xff, 0x00, 0x00, 0x00, 0xff, 0x00, 0x00, 0x00, 0xff,
  0x00, 0x00, 0x00, 0xff, 0x00, 0x00, 0x00, 0xff, 0x00, 0x00, 0x00, 0xff,
  0x00, 0x00, 0x00, 0xff, 0x00, 0x00, 0x00, 0xff, 0x00, 0x00, 0x00, 0xff,
  0x00, 0x00, 0x00, 0xff, 0x00, 0x00, 0x00, 0xff, 0x00, 0x00, 0x00, 0xff,
  0x00, 0x00, 0x00, 0xff, 0x00, 0x00, 0x00, 0xff, 0x00, 0x00, 0x00, 0xff,
  0x00, 0x00, 0x00, 0xff, 0x00, 0x00, 0x00, 0xff, 0x00, 0x00, 0x00, 0xff,
  0x00, 0x00, 0x00, 0xff, 0x00, 0x00, 0x00, 0xff, 0x00, 0x00, 0x00, 0xff,
  0x00, 0x00, 0x00, 0xff, 0x00, 0x00, 0x00, 0xff, 0x00, 0x00, 0x00, 0xff,
  0x00, 0x00, 0x00, 0xff, 0x00, 0x00, 0x00, 0xff, 0x00, 0x00, 0x00, 0xff,
  0x00, 0x00, 0x00, 0xff, 0x00, 0x00, 0x00, 0xff, 0x00, 0x00, 0x00, 0xff,
  0x00, 0x00, 0x00, 0xff, 0x00, 0x00, 0x00, 0xff, 0x00, 0x00, 0x00, 0xff,
  0x00, 0x00, 0x00, 0xff, 0x00, 0x00, 0x00, 0xff, 0x00, 0x00, 0x00, 0xff,
  0x00, 0x00, 0x00, 0xff, 0x00, 0x00, 0x00, 0xff, 0x00, 0x00, 0x00, 0xff,
  0x00, 0x00, 0x00, 0xff, 0x00, 0x00, 0x00, 0xff, 0x00, 0x00, 0x00, 0xff,
  0x00, 0x00, 0x00, 0xff, 0x00, 0x00, 0x00, 0xff, 0x00, 0x00, 0x00, 0xff,
  0x00, 0x00, 0x00, 0xff, 0x00, 0x00, 0x00, 0xff, 0x00, 0x00, 0x00, 0xff,
  0x00, 0x00, 0x00, 0xff, 0x00, 0x00, 0x00, 0xff, 0x00, 0x00, 0x00, 0xff,
  0x00, 0x00, 0x00, 0xff, 0x00, 0x00, 0x00, 0xff, 0x00, 0x00, 0x00, 0xff,
  0x00, 0x00, 0x00, 0xff, 0x00, 0x00, 0x00, 0xff, 0x00, 0x00, 0x00, 0xff,
  0x00, 0x00, 0x00, 0xff, 0x00, 0x00, 0x00, 0xff, 0x00, 0x00, 0x00, 0xff,
  0x00, 0x00, 0x00, 0xff, 0x00, 0x00, 0x00, 0xff, 0x00, 0x00, 0x00, 0xff,
  0x00, 0x00, 0x00, 0xff, 0x00, 0x00, 0x00, 0xff, 0x00, 0x00, 0x00, 0xff,
  0x00, 0x00, 0x00, 0xff, 0x00, 0x00, 0x00, 0xff, 0x00, 0x00, 0x00, 0xff,
  0x00, 0x00, 0x00, 0xff, 0x00, 0x00, 0x00, 0xff, 0x00, 0x00, 0x00, 0xff,
  0x00, 0x00, 0x00, 0xff, 0x00, 0x00, 0x00, 0xff, 0x00, 0x00, 0x00, 0xff,
  0x00, 0x00, 0x00, 0xff, 0x00, 0x00, 0x00, 0xff, 0x00, 0x00, 0x00, 0xff,
  0x00, 0x00, 0x00, 0xff, 0x00, 0x00, 0x00, 0xff, 0x00, 0x00, 0x00, 0xff,
  0x00, 0x00, 0x00, 0xff, 0x00, 0x00, 0x00, 0xff, 0x00, 0x00, 0x00, 0xff,
  0x00, 0x00, 0x00, 0xff, 0x00, 0x00, 0x00, 0xff, 0x00, 0x00, 0x00, 0xff,
  0x00, 0x00, 0x00, 0xff, 0x00, 0x00, 0x00, 0xff, 0x00, 0x00, 0x00, 0xff,
  0x00, 0x00, 0x00, 0xff, 0x00, 0x00, 0x00, 0xff, 0x00, 0x00, 0x00, 0xff,
  0x00, 0x00, 0x00, 0xff, 0x00, 0x00, 0x00, 0xff, 0x00, 0x00, 0x00, 0xff,
  0x00, 0x00, 0x00, 0xff, 0x00, 0x00, 0x00, 0xff, 0x00, 0x00, 0x00, 0xff,
  0x00, 0x00, 0x00, 0xff, 0x00, 0x00, 0x00, 0xff, 0x00, 0x00, 0x00, 0xff,
  0x00, 0x00, 0x00, 0xff, 0x00, 0x00, 0x00, 0xff, 0x00, 0x00, 0x00, 0xff,
  0x00, 0x00, 0x00, 0xff, 0x00, 0x00, 0x00, 0xff, 0x00, 0x00, 0x00, 0xff,
  0x00, 0x00, 0x00, 0xff, 0x00, 0x00, 0x00, 0xff, 0x00, 0x00, 0x00, 0xff,
  0x00, 0x00, 0x00, 0xff, 0x00, 0x00, 0x00, 0xff, 0x00, 0x00, 0x00, 0xff,
  0x00, 0x00, 0x00, 0xff, 0x00, 0x00, 0x00, 0xff, 0x00, 0x00, 0x00, 0xff,
  0x00, 0x00, 0x00, 0xff, 0x00, 0x00, 0x00, 0xff, 0x00, 0x00, 0x00, 0xff,
  0x00, 0x00, 0x00, 0xff, 0x00, 0x00, 0x00, 0xff, 0x00, 0x00, 0x00, 0xff,
  0x00, 0x00, 0x00, 0xff, 0x00, 0x00, 0x00, 0xff, 0x00, 0x00, 0x00, 0xff,
  0x00, 0x00, 0x00, 0xff, 0x00, 0x00, 0x00, 0xff, 0x00, 0x00, 0x00, 0xff,
  0x00, 0x00, 0x00, 0xff, 0x00, 0x00, 0x00, 0xff, 0x00, 0x00, 0x00, 0xff,
  0x00, 0x00, 0x00, 0xff, 0x00, 0x00, 0x00, 0xff, 0x00, 0x00, 0x00, 0xff,
  0x00, 0x00, 0x00, 0xff, 0x08, 0x04, 0x08, 0xff, 0x08, 0x04, 0x08, 0xff,
  0x08, 0x04, 0x08, 0xff, 0x08, 0x04, 0x08, 0xff, 0x00, 0x00, 0x00, 0xff,
  0x00, 0x00, 0x00, 0xff, 0x00, 0x00, 0x00, 0xff, 0x00, 0x00, 0x00, 0xff,
  0x00, 0x00, 0x00, 0xff, 0x00, 0x00, 0x00, 0xff, 0x00, 0x00, 0x00, 0xad,
  0x00, 0x00, 0x00, 0x40, 0x00, 0x00, 0x00, 0x00, 0x00, 0x00, 0x00, 0x00,
  0x00, 0x00, 0x00, 0x00, 0x00, 0x00, 0x00, 0x00, 0x00, 0x00, 0x00, 0x00,
  0x00, 0x00, 0x00, 0x00, 0x00, 0x00, 0x00, 0x00, 0x00, 0x00, 0x00, 0x00,
  0x00, 0x00, 0x00, 0x00, 0x00, 0x00, 0x00, 0x00, 0x00, 0x00, 0x00, 0x00,
  0x00, 0x00, 0x00, 0x00, 0x00, 0x00, 0x00, 0x00, 0x00, 0x00, 0x00, 0x00,
  0x00, 0x00, 0x00, 0x00, 0x00, 0x00, 0x00, 0x00, 0x00, 0x00, 0x00, 0x00,
  0x00, 0x00, 0x00, 0x00, 0x00, 0x00, 0x00, 0x00, 0x00, 0x00, 0x00, 0x00,
  0x00, 0x00, 0x00, 0x00, 0x00, 0x00, 0x00, 0x00, 0x00, 0x00, 0x00, 0x00,
  0x00, 0x00, 0x00, 0x00, 0x00, 0x00, 0x00, 0x00, 0x00, 0x00, 0x00, 0x00,
  0x00, 0x00, 0x00, 0x00, 0x00, 0x00, 0x00, 0x00, 0x00, 0x00, 0x00, 0x00,
  0x00, 0x00, 0x00, 0x00, 0x00, 0x00, 0x00, 0x00, 0x00, 0x00, 0x00, 0x00,
  0x00, 0x00, 0x00, 0x00, 0x00, 0x00, 0x00, 0x00, 0x00, 0x00, 0x00, 0x00,
  0x00, 0x00, 0x00, 0x00, 0x00, 0x00, 0x00, 0x00, 0x00, 0x00, 0x00, 0x00,
  0x00, 0x00, 0x00, 0x00, 0x00, 0x00, 0x00, 0x00, 0x00, 0x00, 0x00, 0x00,
  0x00, 0x00, 0x00, 0x4a, 0x00, 0x00, 0x00, 0xd4, 0x00, 0x00, 0x00, 0xfb,
  0x00, 0x00, 0x00, 0xff, 0x00, 0x00, 0x00, 0xff, 0x00, 0x00, 0x00, 0xff,
  0x00, 0x00, 0x00, 0xff, 0x00, 0x00, 0x00, 0xff, 0x00, 0x00, 0x00, 0xff,
  0x00, 0x00, 0x00, 0xff, 0x00, 0x00, 0x00, 0xff, 0x00, 0x00, 0x00, 0xff,
  0x00, 0x00, 0x00, 0xff, 0x00, 0x00, 0x00, 0xff, 0x00, 0x00, 0x00, 0xff,
  0x00, 0x00, 0x00, 0xff, 0x00, 0x00, 0x00, 0xff, 0x00, 0x00, 0x00, 0xff,
  0x00, 0x00, 0x00, 0xff, 0x00, 0x00, 0x00, 0xff, 0x00, 0x00, 0x00, 0xff,
  0x00, 0x00, 0x00, 0xff, 0x00, 0x00, 0x00, 0xff, 0x00, 0x00, 0x00, 0xff,
  0x00, 0x00, 0x00, 0xff, 0x00, 0x00, 0x00, 0xff, 0x00, 0x00, 0x00, 0xff,
  0x00, 0x00, 0x00, 0xff, 0x00, 0x00, 0x00, 0xff, 0x00, 0x00, 0x00, 0xff,
  0x00, 0x00, 0x00, 0xff, 0x00, 0x00, 0x00, 0xff, 0x00, 0x00, 0x00, 0xff,
  0x00, 0x00, 0x00, 0xff, 0x00, 0x00, 0x00, 0xff, 0x00, 0x00, 0x00, 0xff,
  0x00, 0x00, 0x00, 0xff, 0x00, 0x00, 0x00, 0xff, 0x00, 0x00, 0x00, 0xff,
  0x00, 0x00, 0x00, 0xff, 0x00, 0x00, 0x00, 0xff, 0x00, 0x00, 0x00, 0xff,
  0x00, 0x00, 0x00, 0xff, 0x00, 0x00, 0x00, 0xff, 0x00, 0x00, 0x00, 0xff,
  0x00, 0x00, 0x00, 0xff, 0x00, 0x00, 0x00, 0xff, 0x00, 0x00, 0x00, 0xff,
  0x00, 0x00, 0x00, 0xff, 0x00, 0x00, 0x00, 0xff, 0x00, 0x00, 0x00, 0xff,
  0x00, 0x00, 0x00, 0xff, 0x00, 0x00, 0x00, 0xff, 0x00, 0x00, 0x00, 0xff,
  0x00, 0x00, 0x00, 0xff, 0x00, 0x00, 0x00, 0xff, 0x00, 0x00, 0x00, 0xff,
  0x00, 0x00, 0x00, 0xff, 0x00, 0x00, 0x00, 0xff, 0x00, 0x00, 0x00, 0xff,
  0x00, 0x00, 0x00, 0xff, 0x00, 0x00, 0x00, 0xff, 0x00, 0x00, 0x00, 0xff,
  0x00, 0x00, 0x00, 0xff, 0x00, 0x00, 0x00, 0xff, 0x00, 0x00, 0x00, 0xff,
  0x00, 0x00, 0x00, 0xff, 0x00, 0x00, 0x00, 0xff, 0x00, 0x00, 0x00, 0xff,
  0x00, 0x00, 0x00, 0xff, 0x00, 0x00, 0x00, 0xff, 0x00, 0x00, 0x00, 0xff,
  0x00, 0x00, 0x00, 0xff, 0x00, 0x00, 0x00, 0xff, 0x00, 0x00, 0x00, 0xff,
  0x00, 0x00, 0x00, 0xff, 0x00, 0x00, 0x00, 0xff, 0x00, 0x00, 0x00, 0xff,
  0x00, 0x00, 0x00, 0xff, 0x00, 0x00, 0x00, 0xff, 0x00, 0x00, 0x00, 0xff,
  0x00, 0x00, 0x00, 0xff, 0x00, 0x00, 0x00, 0xff, 0x00, 0x00, 0x00, 0xff,
  0x00, 0x00, 0x00, 0xff, 0x00, 0x00, 0x00, 0xff, 0x00, 0x00, 0x00, 0xff,
  0x00, 0x00, 0x00, 0xff, 0x00, 0x00, 0x00, 0xff, 0x00, 0x00, 0x00, 0xff,
  0x00, 0x00, 0x00, 0xff, 0x00, 0x00, 0x00, 0xff, 0x00, 0x00, 0x00, 0xff,
  0x00, 0x00, 0x00, 0xff, 0x00, 0x00, 0x00, 0xff, 0x00, 0x00, 0x00, 0xff,
  0x00, 0x00, 0x00, 0xff, 0x00, 0x00, 0x00, 0xff, 0x00, 0x00, 0x00, 0xff,
  0x00, 0x00, 0x00, 0xff, 0x00, 0x00, 0x00, 0xff, 0x00, 0x00, 0x00, 0xff,
  0x00, 0x00, 0x00, 0xff, 0x00, 0x00, 0x00, 0xff, 0x00, 0x00, 0x00, 0xff,
  0x00, 0x00, 0x00, 0xff, 0x00, 0x00, 0x00, 0xff, 0x00, 0x00, 0x00, 0xff,
  0x00, 0x00, 0x00, 0xff, 0x00, 0x00, 0x00, 0xff, 0x00, 0x00, 0x00, 0xff,
  0x00, 0x00, 0x00, 0xff, 0x00, 0x00, 0x00, 0xff, 0x00, 0x00, 0x00, 0xff,
  0x00, 0x00, 0x00, 0xff, 0x00, 0x00, 0x00, 0xff, 0x00, 0x00, 0x00, 0xff,
  0x00, 0x00, 0x00, 0xff, 0x00, 0x00, 0x00, 0xff, 0x00, 0x00, 0x00, 0xff,
  0x00, 0x00, 0x00, 0xff, 0x00, 0x00, 0x00, 0xff, 0x00, 0x00, 0x00, 0xff,
  0x00, 0x00, 0x00, 0xff, 0x00, 0x00, 0x00, 0xff, 0x00, 0x00, 0x00, 0xff,
  0x00, 0x00, 0x00, 0xff, 0x00, 0x00, 0x00, 0xff, 0x00, 0x00, 0x00, 0xff,
  0x00, 0x00, 0x00, 0xff, 0x00, 0x00, 0x00, 0xff, 0x00, 0x00, 0x00, 0xff,
  0x00, 0x00, 0x00, 0xff, 0x00, 0x00, 0x00, 0xff, 0x00, 0x00, 0x00, 0xff,
  0x00, 0x00, 0x00, 0xff, 0x00, 0x00, 0x00, 0xff, 0x00, 0x00, 0x00, 0xff,
  0x00, 0x00, 0x00, 0xff, 0x00, 0x00, 0x00, 0xff, 0x00, 0x00, 0x00, 0xff,
  0x00, 0x00, 0x00, 0xff, 0x00, 0x00, 0x00, 0xff, 0x00, 0x00, 0x00, 0xff,
  0x00, 0x00, 0x00, 0xff, 0x00, 0x00, 0x00, 0xff, 0x00, 0x00, 0x00, 0xff,
  0x00, 0x00, 0x00, 0xff, 0x00, 0x00, 0x00, 0xff, 0x00, 0x00, 0x00, 0xff,
  0x00, 0x00, 0x00, 0xff, 0x00, 0x00, 0x00, 0xff, 0x00, 0x00, 0x00, 0xff,
  0x00, 0x00, 0x00, 0xff, 0x00, 0x00, 0x00, 0xff, 0x00, 0x00, 0x00, 0xff,
  0x00, 0x00, 0x00, 0xff, 0x00, 0x00, 0x00, 0xff, 0x00, 0x00, 0x00, 0xff,
  0x00, 0x00, 0x00, 0xff, 0x00, 0x00, 0x00, 0xff, 0x00, 0x00, 0x00, 0xff,
  0x00, 0x00, 0x00, 0xff, 0x00, 0x00, 0x00, 0xff, 0x00, 0x00, 0x00, 0xff,
  0x00, 0x00, 0x00, 0xff, 0x00, 0x00, 0x00, 0xff, 0x00, 0x00, 0x00, 0xff,
  0x00, 0x00, 0x00, 0xff, 0x00, 0x00, 0x00, 0xff, 0x00, 0x00, 0x00, 0xff,
  0x00, 0x00, 0x00, 0xff, 0x00, 0x00, 0x00, 0xff, 0x00, 0x00, 0x00, 0xff,
  0x00, 0x00, 0x00, 0xff, 0x00, 0x00, 0x00, 0xff, 0x00, 0x00, 0x00, 0xff,
  0x00, 0x00, 0x00, 0xff, 0x00, 0x00, 0x00, 0xff, 0x00, 0x00, 0x00, 0xff,
  0x00, 0x00, 0x00, 0xff, 0x00, 0x00, 0x00, 0xff, 0x00, 0x00, 0x00, 0xff,
  0x00, 0x00, 0x00, 0xff, 0x00, 0x00, 0x00, 0xff, 0x00, 0x00, 0x00, 0xff,
  0x00, 0x00, 0x00, 0xff, 0x00, 0x00, 0x00, 0xff, 0x00, 0x00, 0x00, 0xff,
  0x00, 0x00, 0x00, 0xff, 0x00, 0x00, 0x00, 0xff, 0x00, 0x00, 0x00, 0xff,
  0x00, 0x00, 0x00, 0xff, 0x00, 0x00, 0x00, 0xff, 0x00, 0x00, 0x00, 0xff,
  0x00, 0x00, 0x00, 0xff, 0x00, 0x00, 0x00, 0xff, 0x00, 0x00, 0x00, 0xff,
  0x00, 0x00, 0x00, 0xff, 0x00, 0x00, 0x00, 0xff, 0x00, 0x00, 0x00, 0xff,
  0x00, 0x00, 0x00, 0xff, 0x00, 0x00, 0x00, 0xff, 0x00, 0x00, 0x00, 0xff,
  0x00, 0x00, 0x00, 0xff, 0x00, 0x00, 0x00, 0xff, 0x00, 0x00, 0x00, 0xff,
  0x00, 0x00, 0x00, 0xff, 0x00, 0x00, 0x00, 0xff, 0x00, 0x00, 0x00, 0xff,
  0x00, 0x00, 0x00, 0xff, 0x00, 0x00, 0x00, 0xff, 0x00, 0x00, 0x00, 0xff,
  0x00, 0x00, 0x00, 0xff, 0x00, 0x00, 0x00, 0xff, 0x00, 0x00, 0x00, 0xff,
  0x00, 0x00, 0x00, 0xff, 0x00, 0x00, 0x00, 0xff, 0x00, 0x00, 0x00, 0xff,
  0x00, 0x00, 0x00, 0xff, 0x00, 0x00, 0x00, 0xff, 0x00, 0x00, 0x00, 0xff,
  0x00, 0x00, 0x00, 0xff, 0x00, 0x00, 0x00, 0xff, 0x00, 0x00, 0x00, 0xff,
  0x00, 0x00, 0x00, 0xff, 0x00, 0x00, 0x00, 0xb0, 0x00, 0x00, 0x00, 0x70,
  0x00, 0x00, 0x00, 0x10, 0x00, 0x00, 0x00, 0x00, 0x00, 0x00, 0x00, 0x00,
  0x00, 0x00, 0x00, 0x00, 0x00, 0x00, 0x00, 0x00, 0x00, 0x00, 0x00, 0x00,
  0x00, 0x00, 0x00, 0x00, 0x00, 0x00, 0x00, 0x00, 0x00, 0x00, 0x00, 0x00,
  0x00, 0x00, 0x00, 0x00, 0x00, 0x00, 0x00, 0x00, 0x00, 0x00, 0x00, 0x00,
  0x00, 0x00, 0x00, 0x00, 0x00, 0x00, 0x00, 0x00, 0x00, 0x00, 0x00, 0x00,
  0x00, 0x00, 0x00, 0x00, 0x00, 0x00, 0x00, 0x00, 0x00, 0x00, 0x00, 0x00,
  0x00, 0x00, 0x00, 0x00, 0x00, 0x00, 0x00, 0x00, 0x00, 0x00, 0x00, 0x00,
  0x00, 0x00, 0x00, 0x00, 0x00, 0x00, 0x00, 0x00, 0x00, 0x00, 0x00, 0x00,
  0x00, 0x00, 0x00, 0x00, 0x00, 0x00, 0x00, 0x00, 0x00, 0x00, 0x00, 0x00,
  0x00, 0x00, 0x00, 0x00, 0x00, 0x00, 0x00, 0x00, 0x00, 0x00, 0x00, 0x00,
  0x00, 0x00, 0x00, 0x00, 0x00, 0x00, 0x00, 0x00, 0x00, 0x00, 0x00, 0x00,
  0x00, 0x00, 0x00, 0x00, 0x00, 0x00, 0x00, 0x00, 0x00, 0x00, 0x00, 0x00,
  0x00, 0x00, 0x00, 0x00, 0x00, 0x00, 0x00, 0x00, 0x00, 0x00, 0x00, 0x00,
  0x00, 0x00, 0x00, 0x00, 0x00, 0x00, 0x00, 0x00, 0x00, 0x00, 0x00, 0x00,
  0x00, 0x00, 0x00, 0x00, 0x00, 0x00, 0x00, 0x00, 0x00, 0x00, 0x00, 0x00,
  0x00, 0x00, 0x00, 0x00, 0x00, 0x00, 0x00, 0x00, 0x00, 0x00, 0x00, 0x3c,
  0x00, 0x00, 0x00, 0x88, 0x00, 0x00, 0x00, 0xd0, 0x00, 0x00, 0x00, 0xef,
  0x00, 0x00, 0x00, 0xff, 0x00, 0x00, 0x00, 0xff, 0x00, 0x00, 0x00, 0xff,
  0x00, 0x00, 0x00, 0xff, 0x00, 0x00, 0x00, 0xff, 0x00, 0x00, 0x00, 0xff,
  0x00, 0x00, 0x00, 0xff, 0x00, 0x00, 0x00, 0xff, 0x00, 0x00, 0x00, 0xff,
  0x00, 0x00, 0x00, 0xff, 0x00, 0x00, 0x00, 0xff, 0x00, 0x00, 0x00, 0xff,
  0x00, 0x00, 0x00, 0xff, 0x00, 0x00, 0x00, 0xff, 0x00, 0x00, 0x00, 0xff,
  0x00, 0x00, 0x00, 0xff, 0x00, 0x00, 0x00, 0xff, 0x00, 0x00, 0x00, 0xff,
  0x00, 0x00, 0x00, 0xff, 0x00, 0x00, 0x00, 0xff, 0x00, 0x00, 0x00, 0xff,
  0x00, 0x00, 0x00, 0xff, 0x00, 0x00, 0x00, 0xff, 0x00, 0x00, 0x00, 0xff,
  0x00, 0x00, 0x00, 0xff, 0x00, 0x00, 0x00, 0xff, 0x00, 0x00, 0x00, 0xff,
  0x00, 0x00, 0x00, 0xff, 0x00, 0x00, 0x00, 0xff, 0x00, 0x00, 0x00, 0xff,
  0x00, 0x00, 0x00, 0xff, 0x00, 0x00, 0x00, 0xff, 0x00, 0x00, 0x00, 0xff,
  0x00, 0x00, 0x00, 0xff, 0x00, 0x00, 0x00, 0xff, 0x00, 0x00, 0x00, 0xff,
  0x00, 0x00, 0x00, 0xff, 0x00, 0x00, 0x00, 0xff, 0x00, 0x00, 0x00, 0xff,
  0x00, 0x00, 0x00, 0xff, 0x00, 0x00, 0x00, 0xff, 0x00, 0x00, 0x00, 0xff,
  0x00, 0x00, 0x00, 0xff, 0x00, 0x00, 0x00, 0xff, 0x00, 0x00, 0x00, 0xff,
  0x00, 0x00, 0x00, 0xff, 0x00, 0x00, 0x00, 0xff, 0x00, 0x00, 0x00, 0xff,
  0x00, 0x00, 0x00, 0xff, 0x00, 0x00, 0x00, 0xff, 0x00, 0x00, 0x00, 0xff,
  0x00, 0x00, 0x00, 0xff, 0x00, 0x00, 0x00, 0xff, 0x00, 0x00, 0x00, 0xff,
  0x00, 0x00, 0x00, 0xff, 0x00, 0x00, 0x00, 0xff, 0x00, 0x00, 0x00, 0xff,
  0x00, 0x00, 0x00, 0xff, 0x00, 0x00, 0x00, 0xff, 0x00, 0x00, 0x00, 0xff,
  0x00, 0x00, 0x00, 0xff, 0x00, 0x00, 0x00, 0xff, 0x00, 0x00, 0x00, 0xff,
  0x00, 0x00, 0x00, 0xff, 0x00, 0x00, 0x00, 0xff, 0x00, 0x00, 0x00, 0xff,
  0x00, 0x00, 0x00, 0xff, 0x00, 0x00, 0x00, 0xff, 0x00, 0x00, 0x00, 0xff,
  0x00, 0x00, 0x00, 0xff, 0x00, 0x00, 0x00, 0xff, 0x00, 0x00, 0x00, 0xff,
  0x00, 0x00, 0x00, 0xff, 0x00, 0x00, 0x00, 0xff, 0x00, 0x00, 0x00, 0xff,
  0x00, 0x00, 0x00, 0xff, 0x00, 0x00, 0x00, 0xff, 0x00, 0x00, 0x00, 0xff,
  0x00, 0x00, 0x00, 0xff, 0x00, 0x00, 0x00, 0xff, 0x00, 0x00, 0x00, 0xff,
  0x00, 0x00, 0x00, 0xff, 0x00, 0x00, 0x00, 0xff, 0x00, 0x00, 0x00, 0xff,
  0x00, 0x00, 0x00, 0xff, 0x00, 0x00, 0x00, 0xff, 0x00, 0x00, 0x00, 0xff,
  0x00, 0x00, 0x00, 0xff, 0x00, 0x00, 0x00, 0xff, 0x00, 0x00, 0x00, 0xff,
  0x00, 0x00, 0x00, 0xff, 0x00, 0x00, 0x00, 0xff, 0x00, 0x00, 0x00, 0xff,
  0x00, 0x00, 0x00, 0xff, 0x00, 0x00, 0x00, 0xff, 0x00, 0x00, 0x00, 0xff,
  0x00, 0x00, 0x00, 0xff, 0x00, 0x00, 0x00, 0xff, 0x00, 0x00, 0x00, 0xff,
  0x00, 0x00, 0x00, 0xff, 0x00, 0x00, 0x00, 0xff, 0x00, 0x00, 0x00, 0xff,
  0x00, 0x00, 0x00, 0xff, 0x00, 0x00, 0x00, 0xff, 0x00, 0x00, 0x00, 0xff,
  0x00, 0x00, 0x00, 0xff, 0x00, 0x00, 0x00, 0xff, 0x00, 0x00, 0x00, 0xff,
  0x00, 0x00, 0x00, 0xff, 0x00, 0x00, 0x00, 0xff, 0x00, 0x00, 0x00, 0xff,
  0x00, 0x00, 0x00, 0xff, 0x00, 0x00, 0x00, 0xff, 0x00, 0x00, 0x00, 0xff,
  0x00, 0x00, 0x00, 0xff, 0x00, 0x00, 0x00, 0xff, 0x00, 0x00, 0x00, 0xff,
  0x00, 0x00, 0x00, 0xff, 0x00, 0x00, 0x00, 0xff, 0x00, 0x00, 0x00, 0xff,
  0x00, 0x00, 0x00, 0xff, 0x00, 0x00, 0x00, 0xff, 0x00, 0x00, 0x00, 0xff,
  0x00, 0x00, 0x00, 0xff, 0x00, 0x00, 0x00, 0xff, 0x00, 0x00, 0x00, 0xff,
  0x00, 0x00, 0x00, 0xff, 0x00, 0x00, 0x00, 0xff, 0x00, 0x00, 0x00, 0xff,
  0x00, 0x00, 0x00, 0xff, 0x00, 0x00, 0x00, 0xff, 0x00, 0x00, 0x00, 0xff,
  0x00, 0x00, 0x00, 0xff, 0x00, 0x00, 0x00, 0xff, 0x00, 0x00, 0x00, 0xff,
  0x00, 0x00, 0x00, 0xff, 0x00, 0x00, 0x00, 0xff, 0x00, 0x00, 0x00, 0xff,
  0x00, 0x00, 0x00, 0xff, 0x00, 0x00, 0x00, 0xff, 0x00, 0x00, 0x00, 0xff,
  0x00, 0x00, 0x00, 0xff, 0x00, 0x00, 0x00, 0xff, 0x00, 0x00, 0x00, 0xff,
  0x00, 0x00, 0x00, 0xff, 0x00, 0x00, 0x00, 0xff, 0x00, 0x00, 0x00, 0xff,
  0x00, 0x00, 0x00, 0xff, 0x00, 0x00, 0x00, 0xff, 0x00, 0x00, 0x00, 0xff,
  0x00, 0x00, 0x00, 0xff, 0x00, 0x00, 0x00, 0xff, 0x00, 0x00, 0x00, 0xff,
  0x00, 0x00, 0x00, 0xff, 0x00, 0x00, 0x00, 0xff, 0x00, 0x00, 0x00, 0xff,
  0x00, 0x00, 0x00, 0xff, 0x00, 0x00, 0x00, 0xff, 0x00, 0x00, 0x00, 0xff,
  0x00, 0x00, 0x00, 0xff, 0x00, 0x00, 0x00, 0xff, 0x00, 0x00, 0x00, 0xff,
  0x00, 0x00, 0x00, 0xff, 0x00, 0x00, 0x00, 0xff, 0x00, 0x00, 0x00, 0xff,
  0x00, 0x00, 0x00, 0xff, 0x00, 0x00, 0x00, 0xff, 0x00, 0x00, 0x00, 0xff,
  0x00, 0x00, 0x00, 0xff, 0x00, 0x00, 0x00, 0xff, 0x00, 0x00, 0x00, 0xff,
  0x00, 0x00, 0x00, 0xff, 0x00, 0x00, 0x00, 0xff, 0x00, 0x00, 0x00, 0xff,
  0x00, 0x00, 0x00, 0xff, 0x00, 0x00, 0x00, 0xff, 0x00, 0x00, 0x00, 0xff,
  0x00, 0x00, 0x00, 0xff, 0x00, 0x00, 0x00, 0xff, 0x00, 0x00, 0x00, 0xff,
  0x00, 0x00, 0x00, 0xff, 0x00, 0x00, 0x00, 0xff, 0x00, 0x00, 0x00, 0xff,
  0x00, 0x00, 0x00, 0xff, 0x00, 0x00, 0x00, 0xff, 0x00, 0x00, 0x00, 0xff,
  0x00, 0x00, 0x00, 0xff, 0x00, 0x00, 0x00, 0xff, 0x00, 0x00, 0x00, 0xff,
  0x00, 0x00, 0x00, 0xff, 0x00, 0x00, 0x00, 0xff, 0x00, 0x00, 0x00, 0xff,
  0x00, 0x00, 0x00, 0xff, 0x00, 0x00, 0x00, 0xff, 0x00, 0x00, 0x00, 0xff,
  0x00, 0x00, 0x00, 0xff, 0x00, 0x00, 0x00, 0xff, 0x00, 0x00, 0x00, 0xff,
  0x00, 0x00, 0x00, 0xff, 0x00, 0x00, 0x00, 0xff, 0x00, 0x00, 0x00, 0xff,
  0x00, 0x00, 0x00, 0xff, 0x00, 0x00, 0x00, 0xff, 0x00, 0x00, 0x00, 0xff,
  0x00, 0x00, 0x00, 0xff, 0x00, 0x00, 0x00, 0xff, 0x00, 0x00, 0x00, 0xff,
  0x00, 0x00, 0x00, 0xff, 0x00, 0x00, 0x00, 0xff, 0x00, 0x00, 0x00, 0xff,
  0x00, 0x00, 0x00, 0xff, 0x00, 0x00, 0x00, 0xff, 0x00, 0x00, 0x00, 0xff,
  0x00, 0x00, 0x00, 0xd0, 0x00, 0x00, 0x00, 0xbc, 0x00, 0x00, 0x00, 0xa0,
  0x00, 0x00, 0x00, 0x83, 0x00, 0x00, 0x00, 0x40, 0x00, 0x00, 0x00, 0x00,
  0x00, 0x00, 0x00, 0x00, 0x00, 0x00, 0x00, 0x00, 0x00, 0x00, 0x00, 0x00,
  0x00, 0x00, 0x00, 0x00, 0x00, 0x00, 0x00, 0x00, 0x00, 0x00, 0x00, 0x00,
  0x00, 0x00, 0x00, 0x00, 0x00, 0x00, 0x00, 0x00, 0x00, 0x00, 0x00, 0x00,
  0x00, 0x00, 0x00, 0x00, 0x00, 0x00, 0x00, 0x00, 0x00, 0x00, 0x00, 0x00,
  0x00, 0x00, 0x00, 0x00, 0x00, 0x00, 0x00, 0x00, 0x00, 0x00, 0x00, 0x00,
  0x00, 0x00, 0x00, 0x00, 0x00, 0x00, 0x00, 0x00, 0x00, 0x00, 0x00, 0x00,
  0x00, 0x00, 0x00, 0x00, 0x00, 0x00, 0x00, 0x00, 0x00, 0x00, 0x00, 0x00,
  0x00, 0x00, 0x00, 0x00, 0x00, 0x00, 0x00, 0x00, 0x00, 0x00, 0x00, 0x00,
  0x00, 0x00, 0x00, 0x00, 0x00, 0x00, 0x00, 0x00, 0x00, 0x00, 0x00, 0x00,
  0x00, 0x00, 0x00, 0x00, 0x00, 0x00, 0x00, 0x00, 0x00, 0x00, 0x00, 0x00,
  0x00, 0x00, 0x00, 0x00, 0x00, 0x00, 0x00, 0x00, 0x00, 0x00, 0x00, 0x00,
  0x00, 0x00, 0x00, 0x00, 0x00, 0x00, 0x00, 0x00, 0x00, 0x00, 0x00, 0x00,
  0x00, 0x00, 0x00, 0x00, 0x00, 0x00, 0x00, 0x00, 0x00, 0x00, 0x00, 0x00,
  0x00, 0x00, 0x00, 0x00, 0x00, 0x00, 0x00, 0x00, 0x00, 0x00, 0x00, 0x00,
  0x00, 0x00, 0x00, 0x00, 0x00, 0x00, 0x00, 0x00, 0x00, 0x00, 0x00, 0x00,
  0x00, 0x00, 0x00, 0x00, 0x00, 0x00, 0x00, 0x00, 0x00, 0x00, 0x00, 0x00,
  0x00, 0x00, 0x00, 0x00, 0x00, 0x00, 0x00, 0x00, 0x00, 0x00, 0x00, 0x00,
  0x00, 0x00, 0x00, 0x00, 0x00, 0x00, 0x00, 0x00, 0x00, 0x00, 0x00, 0x00,
  0x00, 0x00, 0x00, 0x00, 0x00, 0x00, 0x00, 0x20, 0x00, 0x00, 0x00, 0x40,
  0x00, 0x00, 0x00, 0x40, 0x00, 0x00, 0x00, 0x40, 0x00, 0x00, 0x00, 0x10,
  0x00, 0x00, 0x00, 0x00, 0x00, 0x00, 0x00, 0x00, 0x00, 0x00, 0x00, 0x00,
  0x00, 0x00, 0x00, 0x00, 0x00, 0x00, 0x00, 0x00, 0x00, 0x00, 0x00, 0x00,
  0x00, 0x00, 0x00, 0x00, 0x00, 0x00, 0x00, 0x00, 0x00, 0x00, 0x00, 0x00,
  0x00, 0x00, 0x00, 0x00, 0x00, 0x00, 0x00, 0x00, 0x00, 0x00, 0x00, 0x00,
  0x00, 0x00, 0x00, 0x00, 0x00, 0x00, 0x00, 0x00, 0x00, 0x00, 0x00, 0x00,
  0x00, 0x00, 0x00, 0x00, 0x00, 0x00, 0x00, 0x00, 0x00, 0x00, 0x00, 0x00,
  0x00, 0x00, 0x00, 0x00, 0x00, 0x00, 0x00, 0x00, 0x00, 0x00, 0x00, 0x00,
  0x00, 0x00, 0x00, 0x00, 0x00, 0x00, 0x00, 0x00, 0x00, 0x00, 0x00, 0x00,
  0x00, 0x00, 0x00, 0x00, 0x00, 0x00, 0x00, 0x00, 0x00, 0x00, 0x00, 0x00,
  0x00, 0x00, 0x00, 0x00, 0x00, 0x00, 0x00, 0x00, 0x00, 0x00, 0x00, 0x00,
  0x00, 0x00, 0x00, 0x00, 0x00, 0x00, 0x00, 0x00, 0x00, 0x00, 0x00, 0x00,
  0x00, 0x00, 0x00, 0x00, 0x00, 0x00, 0x00, 0x00, 0x00, 0x00, 0x00, 0x00,
  0x00, 0x00, 0x00, 0x00, 0x00, 0x00, 0x00, 0x00, 0x00, 0x00, 0x00, 0x00,
  0x00, 0x00, 0x00, 0x00, 0x00, 0x00, 0x00, 0x00, 0x00, 0x00, 0x00, 0x00,
  0x00, 0x00, 0x00, 0x00, 0x00, 0x00, 0x00, 0x00, 0x00, 0x00, 0x00, 0x00,
  0x00, 0x00, 0x00, 0x00, 0x00, 0x00, 0x00, 0x00, 0x00, 0x00, 0x00, 0x00,
  0x00, 0x00, 0x00, 0x00, 0x00, 0x00, 0x00, 0x00, 0x00, 0x00, 0x00, 0x00,
  0x00, 0x00, 0x00, 0x00, 0x00, 0x00, 0x00, 0x00, 0x00, 0x00, 0x00, 0x00,
  0x00, 0x00, 0x00, 0x00, 0x00, 0x00, 0x00, 0x00, 0x00, 0x00, 0x00, 0x00,
  0x00, 0x00, 0x00, 0x00, 0x00, 0x00, 0x00, 0x00, 0x00, 0x00, 0x00, 0x00,
  0x00, 0x00, 0x00, 0x00, 0x00, 0x00, 0x00, 0x00, 0x00, 0x00, 0x00, 0x00,
  0x00, 0x00, 0x00, 0x00, 0x00, 0x00, 0x00, 0x00, 0x00, 0x00, 0x00, 0x00,
  0x00, 0x00, 0x00, 0x00, 0x00, 0x00, 0x00, 0x00, 0x00, 0x00, 0x00, 0x00,
  0x00, 0x00, 0x00, 0x00, 0x00, 0x00, 0x00, 0x00, 0x00, 0x00, 0x00, 0x00,
  0x00, 0x00, 0x00, 0x00, 0x00, 0x00, 0x00, 0x00, 0x00, 0x00, 0x00, 0x00,
  0x00, 0x00, 0x00, 0x00, 0x00, 0x00, 0x00, 0x00, 0x00, 0x00, 0x00, 0x00,
  0x00, 0x00, 0x00, 0x00, 0x00, 0x00, 0x00, 0x00, 0x00, 0x00, 0x00, 0x00,
  0x00, 0x00, 0x00, 0x00, 0x00, 0x00, 0x00, 0x00, 0x00, 0x00, 0x00, 0x00,
  0x00, 0x00, 0x00, 0x00, 0x00, 0x00, 0x00, 0x00, 0x00, 0x00, 0x00, 0x00,
  0x00, 0x00, 0x00, 0x00, 0x00, 0x00, 0x00, 0x00, 0x00, 0x00, 0x00, 0x00,
  0x00, 0x00, 0x00, 0x00, 0x00, 0x00, 0x00, 0x00, 0x00, 0x00, 0x00, 0x00,
  0x00, 0x00, 0x00, 0x00, 0x00, 0x00, 0x00, 0x00, 0x00, 0x00, 0x00, 0x00,
  0x00, 0x00, 0x00, 0x00, 0x00, 0x00, 0x00, 0x00, 0x00, 0x00, 0x00, 0x00,
  0x00, 0x00, 0x00, 0x00, 0x00, 0x00, 0x00, 0x00, 0x00, 0x00, 0x00, 0x00,
  0x00, 0x00, 0x00, 0x00, 0x00, 0x00, 0x00, 0x00, 0x00, 0x00, 0x00, 0x00,
  0x00, 0x00, 0x00, 0x00, 0x00, 0x00, 0x00, 0x00, 0x00, 0x00, 0x00, 0x00,
  0x00, 0x00, 0x00, 0x00, 0x00, 0x00, 0x00, 0x00, 0x00, 0x00, 0x00, 0x00,
  0x00, 0x00, 0x00, 0x00, 0x00, 0x00, 0x00, 0x00, 0x00, 0x00, 0x00, 0x00,
  0x00, 0x00, 0x00, 0x00, 0x00, 0x00, 0x00, 0x00, 0x00, 0x00, 0x00, 0x00,
  0x00, 0x00, 0x00, 0x00, 0x00, 0x00, 0x00, 0x00, 0x00, 0x00, 0x00, 0x00,
  0x00, 0x00, 0x00, 0x00, 0x00, 0x00, 0x00, 0x00, 0x00, 0x00, 0x00, 0x00,
  0x00, 0x00, 0x00, 0x00, 0x00, 0x00, 0x00, 0x00, 0x00, 0x00, 0x00, 0x00,
  0x00, 0x00, 0x00, 0x00, 0x00, 0x00, 0x00, 0x00, 0x00, 0x00, 0x00, 0x00,
  0x00, 0x00, 0x00, 0x00, 0x00, 0x00, 0x00, 0x00, 0x00, 0x00, 0x00, 0x00,
  0x00, 0x00, 0x00, 0x00, 0x00, 0x00, 0x00, 0x00, 0x00, 0x00, 0x00, 0x00,
  0x00, 0x00, 0x00, 0x00, 0x00, 0x00, 0x00, 0x00, 0x00, 0x00, 0x00, 0x00,
  0x00, 0x00, 0x00, 0x00, 0x00, 0x00, 0x00, 0x00, 0x00, 0x00, 0x00, 0x00,
  0x00, 0x00, 0x00, 0x00, 0x00, 0x00, 0x00, 0x00, 0x00, 0x00, 0x00, 0x00,
  0x00, 0x00, 0x00, 0x00, 0x00, 0x00, 0x00, 0x00, 0x00, 0x00, 0x00, 0x00,
  0x00, 0x00, 0x00, 0x00, 0x00, 0x00, 0x00, 0x00, 0x00, 0x00, 0x00, 0x00,
  0x00, 0x00, 0x00, 0x00, 0x00, 0x00, 0x00, 0x00, 0x00, 0x00, 0x00, 0x00,
  0x00, 0x00, 0x00, 0x00, 0x00, 0x00, 0x00, 0x00, 0x00, 0x00, 0x00, 0x00,
  0x00, 0x00, 0x00, 0x00, 0x00, 0x00, 0x00, 0x00, 0x00, 0x00, 0x00, 0x00,
  0x00, 0x00, 0x00, 0x00, 0x00, 0x00, 0x00, 0x00, 0x00, 0x00, 0x00, 0x00,
  0x00, 0x00, 0x00, 0x00, 0x00, 0x00, 0x00, 0x00, 0x00, 0x00, 0x00, 0x00,
  0x00, 0x00, 0x00, 0x00, 0x00, 0x00, 0x00, 0x00, 0x00, 0x00, 0x00, 0x00,
  0x00, 0x00, 0x00, 0x00, 0x00, 0x00, 0x00, 0x00, 0x00, 0x00, 0x00, 0x00,
  0x00, 0x00, 0x00, 0x00, 0x00, 0x00, 0x00, 0x00, 0x00, 0x00, 0x00, 0x00,
  0x00, 0x00, 0x00, 0x00, 0x00, 0x00, 0x00, 0x00, 0x00, 0x00, 0x00, 0x00,
  0x00, 0x00, 0x00, 0x00, 0x00, 0x00, 0x00, 0x00, 0x00, 0x00, 0x00, 0x00,
  0x00, 0x00, 0x00, 0x00, 0x00, 0x00, 0x00, 0x00, 0x00, 0x00, 0x00, 0x00,
  0x00, 0x00, 0x00, 0x00, 0x00, 0x00, 0x00, 0x00, 0x00, 0x00, 0x00, 0x00,
  0x00, 0x00, 0x00, 0x00, 0x00, 0x00, 0x00, 0x00, 0x00, 0x00, 0x00, 0x00,
  0x00, 0x00, 0x00, 0x00, 0x00, 0x00, 0x00, 0x00, 0x00, 0x00, 0x00, 0x00,
  0x00, 0x00, 0x00, 0x00, 0x00, 0x00, 0x00, 0x00, 0x00, 0x00, 0x00, 0x00,
  0x00, 0x00, 0x00, 0x00, 0x00, 0x00, 0x00, 0x00, 0x00, 0x00, 0x00, 0x00,
  0x00, 0x00, 0x00, 0x00, 0x00, 0x00, 0x00, 0x00, 0x00, 0x00, 0x00, 0x00,
  0x00, 0x00, 0x00, 0x00, 0x00, 0x00, 0x00, 0x00, 0x00, 0x00, 0x00, 0x00,
  0x00, 0x00, 0x00, 0x00, 0x00, 0x00, 0x00, 0x00, 0x00, 0x00, 0x00, 0x00,
  0x00, 0x00, 0x00, 0x00, 0x00, 0x00, 0x00, 0x00, 0x00, 0x00, 0x00, 0x00,
  0x00, 0x00, 0x00, 0x00, 0x00, 0x00, 0x00, 0x00, 0x00, 0x00, 0x00, 0x00,
  0x00, 0x00, 0x00, 0x00, 0x00, 0x00, 0x00, 0x00, 0x00, 0x00, 0x00, 0x00,
  0x00, 0x00, 0x00, 0x00, 0x00, 0x00, 0x00, 0x00, 0x00, 0x00, 0x00, 0x00,
  0x00, 0x00, 0x00, 0x00, 0x00, 0x00, 0x00, 0x00, 0x00, 0x00, 0x00, 0x00,
  0x00, 0x00, 0x00, 0x00, 0x00, 0x00, 0x00, 0x00, 0x00, 0x00, 0x00, 0x00,
  0x00, 0x00, 0x00, 0x00, 0x00, 0x00, 0x00, 0x00, 0x00, 0x00, 0x00, 0x00,
  0x00, 0x00, 0x00, 0x00, 0x00, 0x00, 0x00, 0x00, 0x00, 0x00, 0x00, 0x00,
  0x00, 0x00, 0x00, 0x00, 0x00, 0x00, 0x00, 0x00, 0x00, 0x00, 0x00, 0x00,
  0x00, 0x00, 0x00, 0x00, 0x00, 0x00, 0x00, 0x00, 0x00, 0x00, 0x00, 0x00,
  0x00, 0x00, 0x00, 0x00, 0x00, 0x00, 0x00, 0x00, 0x00, 0x00, 0x00, 0x00,
  0x00, 0x00, 0x00, 0x00, 0x00, 0x00, 0x00, 0x00, 0x00, 0x00, 0x00, 0x00,
  0x00, 0x00, 0x00, 0x00, 0x00, 0x00, 0x00, 0x00, 0x00, 0x00, 0x00, 0x00,
  0x00, 0x00, 0x00, 0x00, 0x00, 0x00, 0x00, 0x00, 0x00, 0x00, 0x00, 0x00,
  0x00, 0x00, 0x00, 0x00, 0x00, 0x00, 0x00, 0x00, 0x00, 0x00, 0x00, 0x00,
  0x00, 0x00, 0x00, 0x00, 0x00, 0x00, 0x00, 0x00, 0x00, 0x00, 0x00, 0x00,
  0x00, 0x00, 0x00, 0x00, 0x00, 0x00, 0x00, 0x00, 0x00, 0x00, 0x00, 0x00,
  0x00, 0x00, 0x00, 0x00, 0x00, 0x00, 0x00, 0x00, 0x00, 0x00, 0x00, 0x00,
  0x00, 0x00, 0x00, 0x00, 0x00, 0x00, 0x00, 0x00, 0x00, 0x00, 0x00, 0x00,
  0x00, 0x00, 0x00, 0x00, 0x00, 0x00, 0x00, 0x00, 0x00, 0x00, 0x00, 0x00,
  0x00, 0x00, 0x00, 0x00, 0x00, 0x00, 0x00, 0x00, 0x00, 0x00, 0x00, 0x00,
  0x00, 0x00, 0x00, 0x00, 0x00, 0x00, 0x00, 0x00, 0x00, 0x00, 0x00, 0x00,
  0x00, 0x00, 0x00, 0x00, 0x00, 0x00, 0x00, 0x00, 0x00, 0x00, 0x00, 0x00,
  0x00, 0x00, 0x00, 0x00, 0x00, 0x00, 0x00, 0x00, 0x00, 0x00, 0x00, 0x00,
  0x00, 0x00, 0x00, 0x00, 0x00, 0x00, 0x00, 0x00, 0x00, 0x00, 0x00, 0x00,
  0x00, 0x00, 0x00, 0x00, 0x00, 0x00, 0x00, 0x00, 0x00, 0x00, 0x00, 0x00,
  0x00, 0x00, 0x00, 0x00, 0x00, 0x00, 0x00, 0x00, 0x00, 0x00, 0x00, 0x00,
  0x00, 0x00, 0x00, 0x00, 0x00, 0x00, 0x00, 0x00, 0x00, 0x00, 0x00, 0x00,
  0x00, 0x00, 0x00, 0x00, 0x00, 0x00, 0x00, 0x00, 0x00, 0x00, 0x00, 0x00,
  0x00, 0x00, 0x00, 0x00, 0x00, 0x00, 0x00, 0x00, 0x00, 0x00, 0x00, 0x00,
  0x00, 0x00, 0x00, 0x00, 0x00, 0x00, 0x00, 0x00, 0x00, 0x00, 0x00, 0x00,
  0x00, 0x00, 0x00, 0x00, 0x00, 0x00, 0x00, 0x00, 0x00, 0x00, 0x00, 0x00,
  0x00, 0x00, 0x00, 0x00, 0x00, 0x00, 0x00, 0x00, 0x00, 0x00, 0x00, 0x00,
  0x00, 0x00, 0x00, 0x00, 0x00, 0x00, 0x00, 0x00, 0x00, 0x00, 0x00, 0x00,
  0x00, 0x00, 0x00, 0x00, 0x00, 0x00, 0x00, 0x00, 0x00, 0x00, 0x00, 0x00,
  0x00, 0x00, 0x00, 0x00, 0x00, 0x00, 0x00, 0x00, 0x00, 0x00, 0x00, 0x00,
  0x00, 0x00, 0x00, 0x00, 0x00, 0x00, 0x00, 0x00, 0x00, 0x00, 0x00, 0x00,
  0x00, 0x00, 0x00, 0x00, 0x00, 0x00, 0x00, 0x00, 0x00, 0x00, 0x00, 0x00,
  0x00, 0x00, 0x00, 0x00, 0x00, 0x00, 0x00, 0x00, 0x00, 0x00, 0x00, 0x00,
  0x00, 0x00, 0x00, 0x00, 0x00, 0x00, 0x00, 0x00, 0x00, 0x00, 0x00, 0x00,
  0x00, 0x00, 0x00, 0x00, 0x00, 0x00, 0x00, 0x00, 0x00, 0x00, 0x00, 0x00,
  0x00, 0x00, 0x00, 0x00, 0x00, 0x00, 0x00, 0x00, 0x00, 0x00, 0x00, 0x00,
  0x00, 0x00, 0x00, 0x00, 0x00, 0x00, 0x00, 0x00, 0x00, 0x00, 0x00, 0x00,
  0x00, 0x00, 0x00, 0x00, 0x00, 0x00, 0x00, 0x00, 0x00, 0x00, 0x00, 0x00,
  0x00, 0x00, 0x00, 0x00, 0x00, 0x00, 0x00, 0x00, 0x00, 0x00, 0x00, 0x00,
  0x00, 0x00, 0x00, 0x00, 0x00, 0x00, 0x00, 0x00, 0x00, 0x00, 0x00, 0x00,
  0x00, 0x00, 0x00, 0x00, 0x00, 0x00, 0x00, 0x00, 0x00, 0x00, 0x00, 0x00,
  0x00, 0x00, 0x00, 0x00, 0x00, 0x00, 0x00, 0x00, 0x00, 0x00, 0x00, 0x00,
  0x00, 0x00, 0x00, 0x00, 0x00, 0x00, 0x00, 0x00, 0x00, 0x00, 0x00, 0x00,
  0x00, 0x00, 0x00, 0x00, 0x00, 0x00, 0x00, 0x00, 0x00, 0x00, 0x00, 0x00,
  0x00, 0x00, 0x00, 0x00, 0x00, 0x00, 0x00, 0x00, 0x00, 0x00, 0x00, 0x00,
  0x00, 0x00, 0x00, 0x00, 0x00, 0x00, 0x00, 0x00, 0x00, 0x00, 0x00, 0x00,
  0x00, 0x00, 0x00, 0x00, 0x00, 0x00, 0x00, 0x00, 0x00, 0x00, 0x00, 0x00,
  0x00, 0x00, 0x00, 0x00, 0x00, 0x00, 0x00, 0x00, 0x00, 0x00, 0x00, 0x00,
  0x00, 0x00, 0x00, 0x00, 0x00, 0x00, 0x00, 0x00, 0x00, 0x00, 0x00, 0x00,
  0x00, 0x00, 0x00, 0x00, 0x00, 0x00, 0x00, 0x00, 0x00, 0x00, 0x00, 0x00,
  0x00, 0x00, 0x00, 0x00, 0x00, 0x00, 0x00, 0x00, 0x00, 0x00, 0x00, 0x00,
  0x00, 0x00, 0x00, 0x00, 0x00, 0x00, 0x00, 0x00, 0x00, 0x00, 0x00, 0x00,
  0x00, 0x00, 0x00, 0x00, 0x00, 0x00, 0x00, 0x00, 0x00, 0x00, 0x00, 0x00,
  0x00, 0x00, 0x00, 0x00, 0x00, 0x00, 0x00, 0x00, 0x00, 0x00, 0x00, 0x00,
  0x00, 0x00, 0x00, 0x00, 0x00, 0x00, 0x00, 0x00, 0x00, 0x00, 0x00, 0x00,
  0x00, 0x00, 0x00, 0x00, 0x00, 0x00, 0x00, 0x00, 0x00, 0x00, 0x00, 0x00,
  0x00, 0x00, 0x00, 0x00, 0x00, 0x00, 0x00, 0x00, 0x00, 0x00, 0x00, 0x00,
  0x00, 0x00, 0x00, 0x00, 0x00, 0x00, 0x00, 0x00, 0x00, 0x00, 0x00, 0x00,
  0x00, 0x00, 0x00, 0x00, 0x00, 0x00, 0x00, 0x00, 0x00, 0x00, 0x00, 0x00,
  0x00, 0x00, 0x00, 0x00, 0x00, 0x00, 0x00, 0x00, 0x00, 0x00, 0x00, 0x00,
  0x00, 0x00, 0x00, 0x00, 0x00, 0x00, 0x00, 0x00, 0x00, 0x00, 0x00, 0x00,
  0x00, 0x00, 0x00, 0x00, 0x00, 0x00, 0x00, 0x00, 0x00, 0x00, 0x00, 0x00,
  0x00, 0x00, 0x00, 0x00, 0x00, 0x00, 0x00, 0x00, 0x00, 0x00, 0x00, 0x00,
  0x00, 0x00, 0x00, 0x00, 0x00, 0x00, 0x00, 0x00, 0x00, 0x00, 0x00, 0x00,
  0x00, 0x00, 0x00, 0x00, 0x00, 0x00, 0x00, 0x00, 0x00, 0x00, 0x00, 0x00,
  0x00, 0x00, 0x00, 0x00, 0x00, 0x00, 0x00, 0x00, 0x00, 0x00, 0x00, 0x00,
  0x00, 0x00, 0x00, 0x00, 0x00, 0x00, 0x00, 0x00, 0x00, 0x00, 0x00, 0x00,
  0x00, 0x00, 0x00, 0x00, 0x00, 0x00, 0x00, 0x00, 0x00, 0x00, 0x00, 0x00,
  0x00, 0x00, 0x00, 0x00, 0x00, 0x00, 0x00, 0x00, 0x00, 0x00, 0x00, 0x00,
  0x00, 0x00, 0x00, 0x00, 0x00, 0x00, 0x00, 0x00, 0x00, 0x00, 0x00, 0x00,
  0x00, 0x00, 0x00, 0x00, 0x00, 0x00, 0x00, 0x00, 0x00, 0x00, 0x00, 0x00,
  0x00, 0x00, 0x00, 0x00, 0x00, 0x00, 0x00, 0x00, 0x00, 0x00, 0x00, 0x00,
  0x00, 0x00, 0x00, 0x00, 0x00, 0x00, 0x00, 0x00, 0x00, 0x00, 0x00, 0x00,
  0x00, 0x00, 0x00, 0x00, 0x00, 0x00, 0x00, 0x00, 0x00, 0x00, 0x00, 0x00,
  0x00, 0x00, 0x00, 0x00, 0x00, 0x00, 0x00, 0x00, 0x00, 0x00, 0x00, 0x00,
  0x00, 0x00, 0x00, 0x00, 0x00, 0x00, 0x00, 0x00, 0x00, 0x00, 0x00, 0x00,
  0x00, 0x00, 0x00, 0x00, 0x00, 0x00, 0x00, 0x00, 0x00, 0x00, 0x00, 0x00,
  0x00, 0x00, 0x00, 0x00, 0x00, 0x00, 0x00, 0x00, 0x00, 0x00, 0x00, 0x00,
  0x00, 0x00, 0x00, 0x00, 0x00, 0x00, 0x00, 0x00, 0x00, 0x00, 0x00, 0x00,
  0x00, 0x00, 0x00, 0x00, 0x00, 0x00, 0x00, 0x00, 0x00, 0x00, 0x00, 0x00,
  0x00, 0x00, 0x00, 0x00, 0x00, 0x00, 0x00, 0x00, 0x00, 0x00, 0x00, 0x00,
  0x00, 0x00, 0x00, 0x00, 0x00, 0x00, 0x00, 0x00, 0x00, 0x00, 0x00, 0x00,
  0x00, 0x00, 0x00, 0x00, 0x00, 0x00, 0x00, 0x00, 0x00, 0x00, 0x00, 0x00,
  0x00, 0x00, 0x00, 0x00, 0x00, 0x00, 0x00, 0x00, 0x00, 0x00, 0x00, 0x00,
  0x00, 0x00, 0x00, 0x00, 0x00, 0x00, 0x00, 0x00, 0x00, 0x00, 0x00, 0x00,
  0x00, 0x00, 0x00, 0x00, 0x00, 0x00, 0x00, 0x00, 0x00, 0x00, 0x00, 0x00,
  0x00, 0x00, 0x00, 0x00, 0x00, 0x00, 0x00, 0x00, 0x00, 0x00, 0x00, 0x00,
  0x00, 0x00, 0x00, 0x00, 0x00, 0x00, 0x00, 0x00, 0x00, 0x00, 0x00, 0x00,
  0x00, 0x00, 0x00, 0x00, 0x00, 0x00, 0x00, 0x00, 0x00, 0x00, 0x00, 0x00,
  0x00, 0x00, 0x00, 0x00, 0x00, 0x00, 0x00, 0x00, 0x00, 0x00, 0x00, 0x00,
  0x00, 0x00, 0x00, 0x00, 0x00, 0x00, 0x00, 0x00, 0x00, 0x00, 0x00, 0x00,
  0x00, 0x00, 0x00, 0x00, 0x00, 0x00, 0x00, 0x00, 0x00, 0x00, 0x00, 0x00,
  0x00, 0x00, 0x00, 0x00, 0x00, 0x00, 0x00, 0x00, 0x00, 0x00, 0x00, 0x00,
  0x00, 0x00, 0x00, 0x00, 0x00, 0x00, 0x00, 0x00, 0x00, 0x00, 0x00, 0x00,
  0x00, 0x00, 0x00, 0x00, 0x00, 0x00, 0x00, 0x00
};
static const unsigned int taiko_pairing_pill_rgba_len = 69632;
